input,context,answers,length,dataset,language,all_classes,_id,index_in_dataset,occurrence_number,start_time,answer,ttft,finish_time,throughput,ROUGEL
"Dialogue: Dima: hello! 
Nada: hey girl, what's up?
Dima: I'm in a huge trouble, my laptop is broken and I have to deliver a translation tomorrow @9 😱😱
Nada: fuck what happened??
Dima: the stupid cat spilled coffee on it 😣😣 I'm freaking out!
Dima: you still have your old laptop? is it possible to lend it to me please?
Nada: no sorry, I've given it to my brother - but you're lucky! I've taken these two days off so you can take mine
Dima: ooh man! thank you sooo much!!! if it weren't for Trados, I wouldn't be panicking :( 
Nada: no worries, it happened... but I always think about this... like man, we need some back up laptops!
Dima: I know! but I always change my mind and spend the money elsewhere lol
Nada: yeah, but it's like our only tool! so we need to invest in it
Dima: yup, true !
Dima: can I come in an hour to pick it up?
Nada: yes :) ttyl!
Summary: ","Dialogue: Carter: I've got some really juicy gossip for you! :)
Carter: You're gonna love it!
Charlotte: Come on, don't keep me in suspense, spill the tea! :D
Carter: Have you heard the news about professor Brown?
Charlotte: This jerk, who gives lectures on the theatre? What's with him?
Carter: I've heard, that he had been fired!
Charlotte: YOU'RE KIDDING
Charlotte: Finally!!!
Charlotte: What's happened?
Carter: A group of students accused him of sexual harassment. They showed the rector some inappropriate emails from him and described, how badly he behaved during his lectures.
Carter: To my great surprise, several lecturers supported those accusations.
Charlotte: I'm so happy to hear that!!!
Charlotte: Schadenfreude is a nasty emotion, but - frankly speaking - it's hard not to celebrate the fact, that this dickhead eventually got what he earned.
Charlotte: Everyone knew, what he's like and everyone, who could actually do something with it, remained silent.
Charlotte: It was so freaking frustrating!
Carter: I agree with you, he should have been fired much earlier. Anyway, you have to admit it, it's great news.
Charlotte: Indeed it is! :)
Summary: Professor Brown got fired because of sexual harrassment accusations from students. Several lecturer supported the accusations. Charlotte and Carter are happy he got fired. 
Dialogue: Kat: Hi gorgeous!
Mia: Hey girl, you ok?
Kat: Yeah, feeling good! I just got my nails done, hair dyed lilac and a spray tan!
Mia: Sounds super glam? Can I see?
Kat: Sure, quick selfie! <file_photo >
Mia: Wow! Looking good!😍 Love your lips too!
Kat: Yeah, had them plumped up a couple of weeks ago, not too much?
Mia: No, definitely not! We're all set to hit the town tomorrow night when you come up!
Kat: Cool! I am so looking forward to it, see ya then!
Mia: See ya tomorrow, babes!
Summary: Kat and Mia are ready to hit the town tomorrow night.
Dialogue: Therese: Bob, would you drop by auntie Meg and do some shopping for her? 
Bob: Sure mum, is there something wrong with auntie?
Therese: She has some hip problems and she cannot walk down the stairs
Bob: Oh no! Poor Meg! I can drop by around 5 p.m.
Therese: I think it's perfect, but you can also give her a call first
Bob: Okie dokie, I'll do that :)
Summary: Bob will go to auntie Meg's and do shopping for her.
Dialogue: Casper: Hi mate.
Casper: I just want to let u know that I'm postponing the party
Casper: I want to throw it around 15 January
Stanley: kk
Casper: There is also a chance that me and my brother will go for a trip
Casper: Skiing, drinking etc.
Casper: Let me know if you would like to come along
Stanley: Unfortunately I have some expenses right now :(
Stanley: So I can say upfront that I can't afford going anywhere :(
Casper: What happened mate?
Stanley: <file_photo>
Stanley: Car acciddent. Have to repair it with my money :/
Casper: Condolences man. 
Stanley: Thanks. Shit happens.
Casper: Everybody's ok?
Stanley: Luckily nobody got hurt.
Stanley: Except my car 
Casper: Sorry man. Anyway if you change your mind regarding the trip, let me know.
Summary: Casper is postponing the party to January 15th. He also plans go skiing a drinking with his brother. Stanley can't come because he is broke. He had a car accident and needs to repair the car with his own money.
Dialogue: Bobby: my brother in law is amazing!
Candice: i'm glad you like the newest member of your family
Bobby: he's really cool, he's good at sports, he's very smart
Candice: wow!! is this turning into a BROmance?
Bobby: lol don't be ridiculous
Summary: Bobby is fond of his new brother-in-law.
Dialogue: Lena: Hi, Mike. How are you?
Mike: I'm fine. And you are?
Lena: Lena. I got your number from Clair.
Mike: Yeah?
Lena: Yeah. Claire says you know a lot about horses.
Mike: If Claire says so. Yeah, I know a little, why.
Lena: There is this Welsh Pony I want to buy for my daughter...
Mike: I suggest you hire a vet, to properly examine the horse.
Lena: Really? Can you text me some contacts?
Mike: Yeah. Will do.
Summary: Lena received Mike's number from Claire. Lena wants to buy her daughter a Welsh Pony. Mike suggests that the horse should be thoroughly examined by a vet first.
Dialogue: Ann: Stay in or not to stay in?
Chris: Not! It’s Friday!
Kate: Definitely not!
Jane: Silly! Do you wanna join us?
Ann: Nope but thanks for inviting me!
Chris: Why do you wanna stay in?
Ann: just tired after work need a relaxing bath or something
Chris: Go out. It’ll cheer you up!
Summary: Jane and Chris are going out as it's Friday so want Ann to join them. Ann needs to relax at home as she's tired.
Dialogue: Patricia: <file_other>
Patricia: What kind of people enjoy hurting animals?!
Patricia: They are the worst monsters!!!
Edgar: I agree. You send me a link but I don't know if I want to open it.
Edgar: I'm really sensitive about it.
Patricia: Guy took newborn kittens he didn't want, put them in a bag and threw it to the river.
Edgar: Fuck. I hate it. 
Edgar: I'm sorry, but I get really agressive when I hear something like that.
Edgar: I feel like putting this man into a bag and throw it to the river!
Patricia: They charged him with animal abuse.
Patricia: But there are more people like him out there.
Patricia: I hate it.
Edgar: I really don't get it. Why people are so cruel?
Edgar: I understand fighting with other people
Edgar: Survival instinct or whatever.
Edgar: But this acts of cruelty? I really don't get it.
Patricia: I cried today when I read it. 
Patricia: I want to kick this guy in the nuts and then rip it off and throw it to the river
Edgar: Wow. Honey easy. Don't talk to me about ripping off nuts. Please. I already feel it :P
Patricia: Maybe harsh, but this is what I feel like doing when reading something like this.
Edgar: I know. It's ok. Kittens were rescued, so it ended well. 
Edgar: Man got charged with animal abuse and animals are safe now, looking for a new home. 
Patricia: Yeah, I feel glad that it ended that way.
Patricia: But it strikes me how many such cases don't.
Edgar: Fortunately the law is getting more and more strict about animal abuse, so there is hope in human kind.
Patricia: You're right. Sorry I spilled it out at you, but I had to.
Edgar: I know :) See you at home :)
Summary: Patricia and Edgar have a conversation about animal abuse. They both deplore it.
Dialogue: Olivia: What was the very first movie you saw this year?
Jayden: It was Star wars
Olivia: Do you have it on your pc?
Jayden: I dont have it now
Olivia: Can you manage some how?
Jayden: I will download it for you
Olivia: TY :)
Summary: Jayden will download a Star Wars movie for Olivia.
Dialogue: Lydia: Have you seen 13 reasons why?
Clara: Yes! It's great
Hannah: I'm not a fan
Lydia: You think I'll like it?
Hannah: You can watch an episode or two and see if it's your thing
Clara: I binge watched the whole season
Clara: It's super interesting and scary!
Clara: All what happened to the poor girl it's just insane!
Clara: I'm not gonna say anything more 
Clara: Don't want to spoil...
Hannah: I didn't find the characters convincing, they just didn't seem real
Hannah: I couldn't identify myself with none of them 
Hannah: But it was interesting. 
Clara: You should watch it. 
Clara: You'll like it.
Hannah: Anyways, It's only one season
Hannah: Not very time consuming
Lydia: Thanks :*
Lydia: I think I'll give it a chance ;-)
Lydia: Will let you know if I liked it.
Summary: Lydia haven't seen '13 reasons why'. Clara recommends it very much. Hannah didn't like the series, but she found it interesting. Lydia will give '13 reasons why' a chance.
Dialogue: Daria: another toxic day at my job...
Bob: oh, god, how's the job hunt cause you're whining about the job here just about every day
Daria: It's the whiners' club, you whine about your shitty life too, Bob.
Bob: at least I try to whine about different aspects of it :P
Freddy: ok, so what about your job?
Daria: It's just those girls you know... They create this toxic, cliquey atmosphere, it's just hard to breathe. The amount of gossip and talking behind your back is just exhausting
Daria: and did I mention they all hate me?
Freddy: how do you know that?
Daria: they subtly let me know, like when they tell me that I'm stuck-up and think I'm better than them
Bob: jeez, what are they 10?
Daria: i would ask the same question, but that would just make me look more stuck-up
Freddy: but seriously how old are they?
Daria: after college, some maybe around 30.
Freddy: you'd expect more a mature behavior from grown women like that
Daria: you think?
Bob: just tell them they can suck it
Daria: oh, great solution, Bob, as always the optimal way out
Freddy: seriously, I'll as around in my company, maybe they need someone.
Daria: that would be great thanks.
Summary: Daria is whining about her job. Daria doesn't feel good in the workplace, because other girls hate her. Freddy will ask in his company if they need someone new.
Dialogue: Josh: hi!
John: hi
Josh: SHE was here.
John: FUCK
Josh: yup, but hasn't notice anything.
John: what a relief 
Josh: but we should hide it better.
John: we will!
Summary: She was here but hasn't noticed anything. 
Dialogue: Frank: hola amigo
James: Hola! No, wait, ¡Hola!
Frank: what u doin tonite
James: Oh, you know, I think I'll just stay at home, listen to some jazz and read poetry.
Frank: u comin to the party
James: I find you lack of capital letters and punctuation... disturbing.
Frank: wtf man u comin or not
James: Yeah, you know what, you people really make me feel like a grammar nazi for writing in a proper way...
Frank: ok move ur ass we r waitin at joe's
James: ok man gonna be there in a few mins (here lies my good will, killed by messeger)
Summary: Tonight James will stay at home, listen to music and read. Frank asks about coming to the party, but instead of answering, James points out some minor mistakes in his spelling and punctuation.
Dialogue: Kamren: What a game today
Kamren: 7-0
Hattie: For who?
Kamren: Portugal vs Estonia
Hattie: Mm
Hattie: Ok. Enjoy the match. We'll talk later
Kamren: Game is done
Summary: Portugal beat Estonia 7-0.
Dialogue: Renee: <file_other>
Renee: doesn't look that bad doesn't it:D
Katie: whaaaa
Katie: it looks fucking amazing!!
Katie: is there like ANYTHING you can't do??
Renee: :)
Katie: I didn't even think it was you!
Katie: I thought it was some professional dancer! 
Katie: only at the end there's your face up close
Renee: ^^
Katie: shit
Katie: amazing, really
Renee: thanks :))
Renee: i didn't think it looks that good until they recorded us :D
Katie: why?
Katie: I mean why did they record?
Renee: some ppl couldn't remember the steps and the instructor asked me to dance with him 
Renee: so they could record him with a partner
Katie: i see
Katie: really i didn't realise you were so good:D
Renee: thanks again:D you know the instructor adds like a billion points to my presence:D and it's the Waltz, so even more ;)
Katie: shit i wouldn't even know it's the waltz xD
Summary: Renee was recorded dancing Waltz with her instructor. Katie thinks she looks like a professional.
Dialogue: Tom: Happy B-day! 
Tom: <file_gif>
Laura: oh, thank you, it's so cute <3 <3 <3 
Tom: :D
Summary: Tom wishes Laura happy brithday.
Dialogue: Marlene: I am fucked, aren't I?
Diane: What do you mean, Marlene.
Marlene: Didn't you see what happened yesterday?
Diane: Yesterday when? And what happened?
Marlene: During the meeting.
Diane: I remember the meeting.
Diane: But don't recall anything extraordinary.
Marlene: You are being nice, I know.
Marlene: But you must have noticed how Mike was treating me.
Diane: What do you mean?
Marlene: You know. When I told him I forgot to prepare the statistics?
Diane: Oh, that.
Diane: Don't worry about it:=)
Marlene: Easy for you to say:(
Diane: No, really.
Diane: Shit happens, you know.
Marlene: I know, but does Mike?
Diane: Better than you think.
Marlene: What do you mean?
Diane: Last month at the management meeting he really laid an egg.
Diane: I'm not gonna tell you what he'd done. But you are fine. Trust me:=)
Summary: During the meeting yesterday, Mike treated Marlene badly when she told him she forgot to prepare the statistics.
Dialogue: Jerry: Did you see this article?
Jerry: <file_other>
Caroline: Whaat? I can't believe it!
Jerry: yup, the first page!
Caroline: <file_gif>
Summary: Caroline can't believe seeing the article Jerry's just sent her.
Dialogue: Maxine: honey, pay more attention to the stuff u buy
Mark: is it expired?
Maxine: tomorrow it will expire :(
Mark: sorry
Summary: Maxine reminds mark to check the date on stuff he buys. 
Dialogue: Michael: S’Arvo I'm going to Sydney
Jake: That's quite a journey :)
Michael: Bloody oath!
Jake: You're a bludger... Wanna come with me? 
Jake: or come over for a few coldie’s before my journey :)
Michael: Sure! I'm coming!
Jake: :)
Summary: Michael is going to Sydney. Jake is going to visit Michael before his journey.
Dialogue: Kate: Guys, I think I'm lost 😕
Ines: Can you see a blue boat?
Kate: Yes, but quite far away
Terry: So you're not lost
Ines: Walk in the direction of the boat, we will meet halfway.
Kate: Ok, sorry!
Summary: Kate is lost. Ines tells Kate to go towards the blue boat. They will meet halfway. 
Dialogue: Eve: Has anyone seen the new HP film?
Alice: I saw it with Phillip yesterday
Eve: And, how did you like it?
Alice: I really liked it. Phillip a lot less :P
Carla: No spoilers! I am planning on going this weekend
Eve: Great, I am going with a friend from my studies. Care to join us?
Carla: Saturday or Sunday?
Eve: We aren't sure yet, but we want 2D, so not a lot of choice. Maybe Saturday at 16:50?
Carla: Works for me :) Later we can go to the main square for some hot wine?
Eve: Great idea ;) Will you join us Alice?
Alice: I wish I could, but I am going to that wedding I mentioned last time :(
Carla: Uuuu, be sure to find me a future husband among Phillips family ;)
Alice: As far as I know we will be the youngest couple there :p
Carla: I don't mind some old and wealthy guy ;)
Summary: Phillip and Alice saw the new HP film yesterday. She liked it more than him. Eve is going to see it with friends from studies on Saturday at 16:50. Carla will join them. Alice can't go because she is going to the wedding. 
Dialogue: Marton: Hey what time is the game?
Josh: 7pm studio 7:30pm game
Marton: ok I'll be there as soon as I can
Josh: see you!
Summary: Josh and Marton will watch the game at 7:30 PM. Studio starts at 7 PM.
Dialogue: Joyce: Guys, sorry I'm running late today! Will be there soon
Andrew: I’m a wee bit late too but will be there before 8! Leaving soon
Carla: On my way, with sipke😀
Anette: On the way kids
Anette: In the first here wtf
Helen: Where are yall
Helen: Annette are you here?
Helen: I'm at a table by one of the windows at the front!
Summary: Joyce and Andrew are running late. Carla and Anette are on their way. Helen is at a table by one of the windows at the front.
Dialogue: Laura: sent it 🙈
Rose: Congrats!
Charity: don't worry, it'll be fine
Charity: i'm pretty sure you'll get this job
Laura: i wish!!
Laura: but the competition is so high........
Charity: when you'll have the answer
Laura: dunno
Summary: Laura has just applied for a new job, but she's aware of the high competition. 
Dialogue: Elizabeth: Hi
Elizabeth: Feel like a cup of good coffee?
Elizabeth: I've just got back from the cafe nearby
Elizabeth: It turned out they sell coffee beans
Anne: Coffee with you on Sunday afternoon?
Anne: Sounds good
Anne: I'll get going soon.
Elizabeth: I'm waiting :)
Summary: Elizabeth bought coffe beans at nearby cafe. She will have coffe with Anne on Sunday afternoon.
Dialogue: Tom: <file_other> read it!
Bridget: gosh, how ghastly
Tom: Yes, but he was also quite stupid the guy
Bridget: True, and very disrespectful toward this people
Tom: They've been living on the island for the last 55 thousand years, completely separated from the world and protected by the Indian state, so he shouldn't have tried to contact them
Bridget: But the tribal tourism seems to by the big thing now
Tom: How stupid. Those people have been aggressive to everybody for the last millennia, so why would they accept anybody now?
Bridget: Especially one trying to ""bring Jesus"" to them
Tom: exactly, he wanted to be a missionary, or maybe even a martyr
Bridget: God, this kind of things happened hundreds of years ago in Europe. hahah
Tom: But i read today a bit about the Andaman Islands 
Tom: They are kind of paradise with at least a few other tribes that haven't been in touch with the rest of the world for millennia.
Bridget: I know, it's fascinating. But it's also very dangerous for them.
Tom: What do you mean?
Bridget: Think what happened to indigenous population of America after they were contacted by Europeans.
Tom: Conquered you mean
Bridget: Sure, but that's not the point. Europeans brought diseases and things that had been unknown in America, like measles and alcohol. They decimated the indigenous peoples.
Tom: I know, that's why they should have protected.
Bridget: And I believe they have they right to choose to not being contacted by us. Let them be.
Tom: yup. Anyway, I have to come back to work.
Tom: It's always so inspiring to talk to you! Thanks!
Bridget: and vice versa!
Summary: Tom and Brigdet discuss an event involving an isolated island tribe and a man, who tried to contact them, wanting to convert them to Christianity. Bridget thinks outside contact could be dangerous for the people of Andaman Islands. She believes they should have the right to be left alone.
Dialogue: Chris: What kind of tea does your mum like?
Ben: What?
Chris: It's your mum's birthday today isn't it? I thought it would be nice to bring her something
Chris: I'm staying at your place tonight if you don't remember. I just thought it would be a nice thing to bring your mum a small gift.
Ben: Sure! She likes this green tea with chocolate flavour. Lady at the shopping mall who runs a tea store will help you.
Chris: Thanks. See you at 8.
Summary: Ben's mother celebrates her birthday today. Chris will buy her green tea with chocolate flavour. Chris will come over at 8.
Dialogue: Helen: hey
Helen: Can you take me to the vet?
Rich: When?
Helen: 2morrow after work?
Rich: what time?
Helen: around 6?
Rich: sure no prob
Rich: Pick you up at work?
Helen: that would be great
Rich: so 5 at your office
Helen: yes thank you
Helen: youre a lifesaver
Summary: Rich will pick Helen up tomorrow at 5, and he will take her to the vet.
Dialogue: Anna: Are you planning to go to the library tomorrow?
Mike: Yes, I have to find some information for the project.
Anna: I'll go with you.
Mike: OK.
Summary: Anna will go with Mike to the library tomorrow. 
Dialogue: Valeria: hey sis
Gloria: hey love
Valeria: i really miss you now
Gloria: come on, its just been hours since i left
Valeria: i know😔😔
Gloria:😔😥😥
Valeria:😔
Gloria: i'll be back soon, i promise
Valeria: but they never said when the session will end
Gloria: i know, but ill come back it just life, take care of mum and dad
Valeria: i promise i will, stay safe
Gloria: you too
Valeria:😘😘
Gloria:😘
Summary: Gloria will be away for an unspecified amount of time.
Dialogue: Jake: Babe! You forgot your lunch!
Sula: Shit, could you bring it by on your way to work?
Jake: I can't, I have a meeting on the other side of the city
Sula: I'll eat it after work then
Summary: Sula forgot her lunch. Jake can't bring it to her as he has a meeting far away. Sula will eat the lunch after work.
Dialogue: Tony: help! What to get Mary as a present?
Tony: its our anniversary next week
Tony: I have no idea.
Liz: wow, Im impressed that you remember! ;)
Tony: funny! :P
Liz: a girl will always be happy with perfume or jewelry
Liz: depends how much you want to spend
Tony: I have some $ for it
Brian: good husband :P
Tony: perfume sounds a good idea!
Tony: Liz, can you help me choose?
Liz: she likes Calvin Klein most, probably
Liz: or you can check in the bathroom, Tony!
Tony: oh yes, thx
Summary: Tony and his wife celebrate their anniversary next week. He doesn't know what to buy as a present. Liz suggests Calvin Klein perfume.
Dialogue: Jola: Hi Mary! Did I borrow you Pratchett 's 'Carpe Jugulum'?
Mary: Hi, yes. I got it. Do you want it back? 
Jola: Yes, please. Did you finish reading?
Mary: Yes, I can bring it tomorrow to the office.
Jola: Great. See u tomorrow!
Mary: Have a good evening!
Summary: Jola wants her book 'Carpe Jugulum' by Pratchett back. Mary finished reading it and she will bring it to the office tomorrow.
Dialogue: Jessica: Did you see Kathy?
Joseph: She has just walked past me :D
Jessica: Is it just me or she looks somewhat different today?
Joseph: It's not just you, she DOES look different! XD
Jessica: Different and peculiar at the same time…
Joseph: I've got an impression that she did something to her eyebrows XD
Jessica: Yeah, it seems that one is thinner than the other XD
Joseph: We're awful, making fun of her like this…
Jessica: Oh come on! Has she ever been nice to you?
Joseph: Well, once she helped me with an Excel file XD
Jessica: LOL XD
Summary: Kathy looks different today. Joseph suspects she ineptly changed the shape of her eyebrows.
Dialogue: Troy: U got beer man?
Jared: You Slavs drink too much
Troy: So u got no beer?
Jared: I'll call your gf
Summary: Jared thinks Slavs use too much alcohol.
Dialogue: Leo: Do you guys have a kindle or an iPad I could borrow?
Martha: I have an iPad, but I'm using it :(
Jack: I have a kindle. What do you need it for?
Leo: I'm going to China and I don't have enough space in my luggage for all the books
Martha: Wow! China! How long are you going for?
Leo: A month, that's why I thought a kindle might be useful. The flight's long as well and I doubt I'll be able to buy English books there
Jack: Hm, I wouldn't be so sure, I don't think it'll be a problem
Leo: Maybe, but I think kindle will be a better solution
Jack: Sure, you can use but please bring it in one piece ;)
Leo: No worries!
Summary: Leo is going to China and needs to borrow a kindle or iPad to read during the long flight. Jack will lend Leo his kindle. 
Dialogue: Michael: Did you see what your son was watching this a.m.?
Lolly: It's okay if he watches the weather channel, isn't it?
Michael: Slightly strange, but yes, okay.
Lolly: You'll be glad to know he has a crush on the one girl who is on. That's why he watches it.
Michael: Whew! I thought he was just a nerd!
Lolly: LOL!
Michael: You know, like a sciency type.
Lolly: What's wrong with that?
Michael: He'll be smarter than me!
Lolly: Like that's hard.
Michael: Hey!
Lolly: J/K!
Michael: Besides, he's only 4.
Lolly: Just let him live!
Summary: Lolly's 4-year-old son was watching the weather channel this morning as he has a crush on the girl who appears there.
Dialogue: Pete: I need a present for Katie
Pete: Any suggestions?
Mark: For your anniversary?
Pete: yeah
Josh: perfume?
John: I got Mandy a bracelet
John: She was happy
Pete: She doesn't want jewellery
Mark: Does she like art?
Mark: A ticket to an art show?
Pete: hmm... that's something
Josh: a concert maybe? 
John: Let's buy them all tickets to a concert 
John: and it's a night out for us
Pete: that's a thought!
Pete: will check that out online 
Pete: and let you know!
John: All in?
Josh: Yes
Mark: Sure
Summary: Pete and Kate have anniversary. Pete, Mark and John decided to buy tickets to a concert for their girlfriends so that they will have a night out together.
Dialogue: Aurelie: Hi, Steve, could I work from home today?
Steve: Hi, Aurelie, why would that be?
Aurelie: I'm not feeling well and I don't want to catch anything on the bus...
Steve: You know what our policy regarding home office is, Aurelie.
Aurelie: I know, but I thought with the project's deadline around the corner it would be better for the company if I worked from home than if I got really sick and had to stay home on a sick leave.
Steve: You're right. When is the deadline exactly?
Aurelie: The day after tomorrow. And Ross is on holiday, so there is only Mathew and me in the team.
Steve: Oh, I see. 
Aurelie: So I would really appreciate it if you agreed. I would devote all my attention to this project - I would just do it from my bed, sipping hot tea...
Steve: OK, you may work from home today.
Aurelie: Thank you, Steve!
Steve: Just don't advertise it too much, or everyone will want to work from home next week.
Aurelie: Sure thing, boss! My lips are sealed.
Steve: I hope you feel better soon.
Aurelie: Thank you.
Steve: And I appreciate your devotion to this project and your responsibility. 
Summary: Aurelie will work from home today, because she's not feeling well. The project's deadline is the day after tomorrow, Ross is on holiday, so there's only Aurelie and Mathew in the team. 
Dialogue: Daniel: When will you be here?
Gabriella: Soon. Don't wait up for me. Just go inside. I'll meet you there. 
Daniel:  OK
Summary: Gabriella will meet Daniel inside as she doesn't want him to wait.
Dialogue: Ann: <file_video>
Lucy: what is it?
Ann: it's a video of a poem written by a 93-year-old woman :)
Ann: it's amazing!!
Lucy: it's pretty emotional
Ann: love it!!!
Summary: Ann sent Lucy a video of a poem written by a 93-year-old woman. They both think that it is stunning.
Dialogue: Mateo: I've got something juicy for you :D
Mateo: Emily Roberts got married to professor Taylor!!
Jack: Are you sure?
Mateo: Check out her fb page. :D
Mateo: There're lots of pics from their wedding day.
Jack: LOOOOOL
Jack: She was the dumbest and the meanest chick in our year. :o
Mateo: Well, I guess this is the reason, why she married him. :D
Mateo: Don't you remember how he was hittiong on EVERY SINGLE girl from our class?
Mateo: He definitely had a midlife crisis or something. :p
Jack: It's hard to forget. :D Especially, what he used to say about his now ex-wife.
Mateo: Oh gosh, he was such a jerk to her.
Jack: Well, looks like somebody's met his match. :D
Mateo: Yup. :D
Summary: Emily Roberts got married to professor Taylor, as Mateo says. There are pictures of their wedding on Facebook. 
Dialogue: Adam: How about going to London this weekend?
Sarah: Sure.
Martin: I can't. Sorry guys.
Sarah: Too much work?
Martin: This time it's not about work...
Sarah: Is that about... what's her name...?
Martin: Amanda. Yes, blame it on her :-)
Sarah: Well, well, well. Martin has a girlfriend now!
Adam: Congrats bro! She can come to London with us ;-)
Summary: Martin is not going to London with Adam and Sarah this weekend because he's seeing his girlfriend, Amanda.
Dialogue: Elijah: And Sanchez is still struggling at Old Trafford......😜😜😜
Fav:  face ur club and leave Alexis alone.
Shrestha:  LoL and what has Micki or Auba has done till now, at least he is playing CL football here not Europa 😂
Abdi:  There's no trophy for participation 😂😂
Seth:  He's simply being overpaid, and more of a liability to Manchester United
Summary: According to Seth, they overpay Seth Sanchez for playng for Manchester United.
Dialogue: Gerry: i need my money back
Laura: but you have used the phone and dropped in water it was not my fault 
Gerry:  you gave me warranty you need to pay back
Laura: it was for the faults not for accident please 
Gerry: you have to pay me
Laura: your blocked!
Summary: Gerry wants his money back. Laura isn't going to pay back because Gerry dropped her phone in water.
Dialogue: Andrew: We don't have much time left, if we take the underground, we'll be late for the ceremony
William: I know, it's taken too much time
William: Ann, are you ready?
Ann: not even
Monica: guys, give us 15mins more
Andrew: but we will be late!
Monica: we will take uber
Andrew: it will cost a fortune
Monica: no, it's uber
Andrew: do you even know where it is?
Monica: yes, I checked and planned everything 
Monica: so don't worry
Andrew: ok, if you say so
Andrew: we'll be at your place in 15min, ready
Summary: Andrew and William will be at Monica's place in 15 minutes. Andrew, William, Ann and Monica will take Uber to get to the ceremony.
Dialogue: Anna: any good move recommendations for tonight?? :)
Peter: i haven't seen anything lately... sorry
Meggy: how about the new James Bond movie?
Anna: i have seen that one yet
Peter: oh i've seen it too, it's okay, maybe not great but okay - i think you will like it anyways :)
Anna: thank you both! :) 
Summary: Meggy and Peter recommend the new James Bond movie to Anna.
Dialogue: Dorothy: Wanna dish?
Caroline: Always!! :D
Dorothy: Peter told me that George wanna split up with Jane.
Caroline: For the fifth time.... -.-
Dorothy: He told me this time it's for real.
Caroline: Yeah, right :D I don't believe it for a sec
Dorothy: Well, I dunno, they seemed pretty bored with each other lately.
Caroline: you think?
Dorothy: Yeah, don't you remember Michael's party?
Caroline: what about it?
Dorothy: They spent the whole party separately and they argued before they left....
Caroline: Oh, you're right! I forgot. 
Dorothy: Peter told me Jane might have someone on the side
Caroline: no way! It's just George being paranoid as always
Dorothy: well, I heard George looked at her messenger and found some messages...
Caroline: get out!!
Dorothy: I swear :D 
Caroline: If he found some messages why didn't he break up with her immediately?
Dorothy: you know how he is. He has to be sure, not to make any mistakes...
Caroline: LOL, so what's he gonna do, hire a detective to prove it? :D
Dorothy: hahaha I wouldn't be surprised.
Caroline: Oh, I think it's time they broke up. Every trip with them equals drama
Dorothy: Yeah, it would be weird though... Them being not together
Caroline: yeah, how long has it been? 7 years?
Dorothy: Something like that.. Freaky.
Caroline: Yeah.. keep me posted!
Dorothy: will do! xoxo
Summary: Dorothy and Caroline are gossiping about George and Jane splitting up. George looked through Jane's messages. They have been together for 7 years.
Dialogue: Carol: do you ever shop online?
Michelle: yes I do!
Carol: i just got a sweater and i think it may be too big
Michelle: buying clothes online is always a risk
Carol: i know!!! i'm having buyer's remorse.
Michelle: lol
Carol: what if it's too loose?
Michelle: you can always return it
Carol: that sounds like a big hassle
Michelle: it is a hassle, i've had to do it a couple of times
Carol: i shouldn't have ordered it!!!
Michelle: if it's too big you can always run it on the dryer and it'll shrink
Carol: wow, that's true! you're a genius
Michelle: I sure am
Summary: Carol can shrink the oversize sweater in the dryer instead of returning it.
Dialogue: Kendrick: Jordyn i have a question
Jordyn: yeah?
Kendrick: John said you've been doing teamwork in lessons
Jordyn: yeah
Kendrick: could you tell me sth about it?
Jordyn: what would you like to know?
Kendrick: well everything :D
Kendrick: I have no idea how to do it
Kendrick: i'm not much of a team player myself;)
Jordyn: ok so do you want to make it part of a regular English lesson or a separate form teacher's lesson?
Kendrick: regular maybe?
Jordyn: ok what i did was i printed out song lyrics and cut it into pieces 
Jordyn: i gave it to them and said nothing, just watched them
Kendrick: any song?
Jordyn: at first they were asking questions but soon enough they saw it's no use 
Jordyn: and that they need to figure it out themselves
Kendrick: ok
Jordyn: yeah it can be any song, but you need to make sure they don't know it
Jordyn: i mean they can know bits of it but usually they don't listen to lyrics so it's not such a big problem
Kendrick: ok, and that's it?
Jordyn: basically yeah, but afterwards i had a talk with them about team roles
Jordyn: you know, that there needs to be a leader etc
Jordyn: but you must remember to take their phones at the beginning of th lesson!
Kendrick: ok i didn't think of that
Kendrick: ;)
Jordyn: yeah, unfortunately if they have their phones it's not gonna work 
Kendrick: ok. i'll try
Jordyn: ok. let me know how it went! :D
Kendrick: i will ;D
Summary: Jordyn advises Kendrick how to do teamwork during an English lesson. 
Dialogue: Pete: Wanna see my new baseball shirt?
Mike: Sure, you’ve promised me last week;-)
Pete: <file_photo> :-)
Mike: Sooo cool, you’re gonna flash it around;-)
Pete: I know :-) 
Summary: Pete is showing Mike his new baseball shirt and Mike likes it. 
Dialogue: Alex: Hi. Can I talk to you?
Lesley: Hi. Who r u?
Alex: My name is Alex. U don't know me, 'cause we're not friends on Facebook yet, bt I have something important to tell you.
Lesley: Ok...
Alex: Have you heard about green wind turbines?
Lesley: Wind turbines painted green?
Alex: No, like ecological ones.
Lesley: Aren't they all?
Alex: Yes, probably, but these are like really eco-friendly.
Lesley: Ok...
Alex: So these wind turbines are killing birds.
Lesley: Murdering wind turbines? Sounds like a horror-film-plot ;)
Alex: I'm serious. I was in the fields last weekend and saw this qt jaybird get torn into pieces by the wings of a wind turbine.
Lesley: That's awful.
Alex: I know. I did some research and it turns out that thousands of birds die in this way every year. 
Lesley: So?
Alex: This is really important. I've created a petition to the government and would like you to sign it. 
Lesley: Y?
Alex: Don't u care about the birds?
Lesley: I do.
Alex: So will you sign the petition?
Lesley: What are you petitioning?
Alex: Ban on wind turbines.
Lesley: No. 
Alex: Y not?
Lesley: 'cause it's a bad idea.
Alex: But the birds are dying!
Lesley: Stop texting me. 
Alex: This is really important!
Lesley: And this is spam.
Summary: Green wind turbines kill birds according to Alex. Alex wants Lesley to sign the petition against them but she's not interested.
Dialogue: Ricky: where's my dope
Julian: fuck man don't text me about dope!! say stuff or sth
Ricky: dope dope DOPE
Summary: Ricky is asking Julian for his drug.
Dialogue: Liam: I am looking for a gift for mum for her birthday
Eva: Do you have any ideas?
Liam: <file_photo>
Eva: not a scale!! for a woman struggling with her weight, come on
Liam: Oh, right. then I don't know
Eva: Maybe a weekend in spa?
Liam: Could be!
Eva: <file_other>
Liam: That looks really good!
Eva: a bit expensive though
Liam: we could ask some other people to chip in, aunt Stella?
Eva: That's a possibility
Liam: or
Eva: ?
Liam: <file_other>
Eva: her favorite theatre <3
Liam: So which option?
Eva: I would go for the theatre tickets cause it could be just for us
Liam: Okay
Eva: <file_gif>
Summary: Liam is looking for a present for his mother's birthday.
Dialogue: Gabrielle: Look at this name, it's so funny
Gabrielle: I looked it up on google 
Gabrielle: <file_other>
Gabrielle: It's a cow 😂
Isabella: 😆
Isabella: With a baby cow 😍
Summary: Gabrielle shares a funny cow name with Isabella.
Dialogue: Maria: We're almost there guys, come down
Robert: I'm ready, but Tom isn't here yet
Tom: I'm downstairs
Robert: ok! so I'm coming
Summary: Tom is downstairs waiting for Maria. Robert is coming down.
Dialogue: Monica: <file_photo>
Tina: How beautiful <3 <3 <3 and elegant he is, Congrats again Monica
Monica: thank you! <3 how are you doing?
Tina: trying ti fit in in the jungle, weel see how it goes
Monica: fingers crossed :) i saw pics, looks good though\
Tina: man have to survive somehow :P
Monica: Aaa, so what are u doing on the daily basis?
Tina: mainly managing myself :P
Monica: (Y) and how are you feeling, are you ok?
Tina: I take care of myself
Monica: (Y)
Tina: I hope you do too. Mama is also important :P
Monica: I do I do, despite the fact the life has completely turned upside out
Tina: I can imagine
Monica: We ticked off the pediatrician this week, now the surgeon. it'sbaby acne and runny nose is killing us
Tina: My sister told that she has never got rid of this fear at the back of her head since she had her first kid
Monica: our neghbours fiance is a pediatrician, so we have instant consultations in emergency
Tina: (Y)
Tina: its going to be ok
Monica: charms of motherhood i suppose
Tina: I'm sure everything is going to be perfectly fine. All the best to your baby and hubbie
Monica: Thnks a lot <3
Summary: Monica is busy taking care of her firstborn. 
Dialogue: Pete: Did you let the cat out?!!!
Jane: Yes. Why?
Pete: You weren't supposed to let him out. He's injured and under house arrest. That's is not good enough. I thought that you're responsible! Grrrr!
Summary: Jane let the cat out. Pete is very angry.
Dialogue: Grace: how long have you known jack?
Anderson: not sure...
Anderson: maybe 5 years?
Grace: what does he do for a living?
Anderson: i dont know :-/
Grace: you don't know?!?!?! lol
Grace: you've known the man for five years!!!!
Anderson: i'm not sure what he does lol
Anderson: why do you ask?
Grace: because yesterday when we all went out he kept complaining about it
Grace: how he didn't like any of his colleagues...
Grace: how he had to travel all the time...
Grace: stuff like that
Anderson: again, i don't know what he does
Anderson: i'll ask next time i see him
Summary: Anderson has known Jack for about 5 years, but doesn't know what he does for a living. Yesterday Jack complained to Grace about his work. Anderson will ask Jack about it when he sees him next time. 
Dialogue: Paul: Hey Meg, how are your interviews going?
Meghan: Excellent! I’ve almost made it. There’s only one interview left with the Hub Director 😊
Paul: Glad to hear that! It’s cheered me right up!
Meghan: How’s your work?
Paul: Not so bad, but I’m thinking of moving on and changing it for something much better
Summary: Meghan is having interviews and they are going well. Meghan is having just one more with the Hub Director. Paul is considering looking for a better job.
Dialogue: Ben: Could you send me your recipes  pls? I need new ideas.
Joy: slice of fresh salmon plus sesame oil and soya sauce and honey
Ben: so quick ...very efficient
Joy: cod fillet, lime juice, olive oil and fresh coriander
Ben: thanks a lot. Is the weather bad in Warsaw?
Joy: i try to put some sun in it...
Joy: chicken with peanuts butter and coconut cream. Delicious with rice
Ben: super
Joy: i've got some more..
Ben: that's good for now. thanks
Summary: Ben needs new recipe ideas from Joy. She suggests salmon with sesame oil and soy sauce and honey, cod with lime juice, olive oil, and coriander, and chicken with peanut butter, coconut cream, and rice. Joy is now in Warsaw. The weather is not very pleasant.
Dialogue: Darren: Seat is the way forward 
Steven: A fake golf 😂
Marcus:  Its cheaper and nicer tho Steven
Holly: And bigger
Steven: Its a nice car :) I dunno that its bigger though...
 Marcus: It is.
Summary: Seat is cheaper and nicer than Golf, but may not be bigger.
Dialogue: Kelvin: Hey Candy. It's Kelvin This is my number
Candy: Oow okay
Kelvin: I really enjoyed hanging out with you today
Candy: Really?😂 But it was the first time we met
Kelvin: Haha yeah. 
Candy: Honestly I also enjoyed sharing time with you. Thanks
Kelvin: So you have any plans tomorrow?
Candy: Not really
Kelvin: So i guess we can meet again. But that is if it is okay with you
Candy: Definitely
Kelvin: Okay see you then. Bye
Candy: Bye
Summary: Candy and Kelvin met earlier today for the first time. They will meet again tomorrow.
Dialogue: Logan: hi guys, should we rent some bicycles for two days that we'll spend on the island?
Megan: I'm not sure, I'm ab bit afraid of cycling 
John: ahahah, you're ridiculous! how come?
Megan: I had an accident when I was a child
Ann: really, you've never told me about it
Logan: Megan, it was long time ago, you should try again, I'll help you
John: I'm sorry I laughed, we'll cycle slowly, carefully
Logan: because it's such a beautiful island to cycle through
Ann: and I'm not even sure we can drive a car there
Megan: ok, I have you word!
Logan: perfect!
Summary: Megan is afraid of cycling, because she had an accident in the past. Logan, Megan, John and Ann will rent some bicycles to cycle through the island.
Dialogue: Dominique: I must say I was shocked by Lisa's behaviour
Glesny: I wasn't 
Glesny: I know she's been through hell
Roberta: What do you mean?
Glesny: Her husband abuses her verbally and physically
Glesny: Don't tell me you've never seen her bruises
Dominique: She always said it was from her son who is hyperactive and lacks motor coordination
Glesny: Bullshit
Glesny: Have you ever seen the kid?
Glesny: He's a little angel. Very shy and peaceful. Just a normal kid...
Roberta: I had no idea about the violence
Glesny: It's been going for years
Glesny: I tried to help her
Glesny: But it's not easy
Glesny: She's trapped in her marriage 
Dominique: But what does Mrs Owens have to do with it?
Dominique: She shouldn't have shouted at her.
Glesny: I wouldn't blame her 
Glesny: This whole situation is costing her a lot
Glesny: She's on a verge of a nervous breakdown 
Summary: Lisa's on a verge of a nervous breakdown because of domestic violence she's been going through for years. That's why Glesny wasn't shocked by her behaviour when Mrs Owens had shouted at her.
Dialogue: Kevin: When are you going?
Yannick: Where?
Kevin: To the mall
Kevin: With mom 
Yannick: I am waiting for her
Yannick: She's still upstairs
Kevin: Okay
Kevin: I might go for a walk with the dog
Yannick: Ok She is coming dstairs
Kevin: K i will be back soon
Kevin: What u guys buying?
Yannick: Idk
Summary: Yannick is going to the mall with mom soon, while Kevin might take the dog for a walk.
Dialogue: Beth: heey, I heard Sanders saying smth how you're all signed up for multilingualism
Beth: i can't do it, the system won't let me
Beth: and i'm wondering if i'm the only one :(
Jade: hey, don't worry, i was only able to sign up for like 3-4 classes
Jade: one of us emailed the IT guy but radio silence since
Beth: you're kidding
Beth: i also wrote him to sign me up for my additional lectures and got ignored
Beth: i guess we all have to come up to him in person so he can do it all collectively
Jade: yeah, seems like the only option rn
Jade: btw you know which IT guy this is?
Beth: Campbell, from the applied linguistics dep
Beth: so i guess that other building
Jade: ok, i think i'll go there tomorrow if i can make it :p
Beth: just don't know which room he's in
Jade: i'll figure that out :)
Beth: which doesn't change the fact i wouldn't mind if prof Sanders threw me out of her class
Beth: cause I'm not on the list
Jade: ahahahah true!
Jade: btw did you do the homework? xD
Beth: forgot to check our inbox...
Beth: so I guess I'm not showing up tomorrow
Jade: i'm considering this as well
Beth: was it something massive?
Beth: i take my sleeping seriously after all
Jade: we were supposed to summarize some paper
Beth: nooooooo
Jade: as if there was no abstract... ;)
Beth: exactly...
Summary: Beth and Jade have some trouble signing up for classes, but the IT guy ignores their e-mails for help. Jade will go there tomorrow to see him. Beth and Jade might skip the class tomorrow as they didn't do the homework.
Dialogue: Mark: Finally, some decision!
Anna: So, what's next?
George: Yeah, Mark, make us an offer we can't refuse :P
Mark: Rotfl Stahp it!
Anna: Lol
Julia: brb
Mark: Let's talk about when!
Anna: June?
George: I can't in June. Have a lot of work then. July maybe?
Anna: July is fine by me.
Mark: Me too. Bt let's w8 4 Anna.
Anna: back. What did I miss?
Mark: Were talking bout the when. How about July?
Anna: Sure. The first or the second half?
George: First
Anna: Second
Mark: Second
Anna: Pickle.
Mark: Come to the dark side, Anna. ;)
Julia: No, Anna! Remember - solidarity of women! :P
Anna: (angry sigh)
Mark: And so it begins ;)
Anna: Let's compromise - 2nd and 3rd week of July?
Mark: Fine by me.
George: Me too.
Julia: Likewise.
Summary: Mark, Anna, George and Julia agreed on second and third week of July.
Dialogue: Jackson: I like that duo with sixtynine and nicki
Kaleigh: They're great together eh? 
Kala: Yeah I love FEFE
Kala: They're matching! 
Jackson: Their video is great too
Kaleigh: I wonder if they're going to make another clip together
Kaleigh: They great
Kala: I wonder if they're coming to Calgary for a concert
Jackson: That would be hard
Jackson: But we'll see 
Kaleigh: I just
Kaleigh: Adore them 
Kala: K Kaleigh we understand
Summary: Jackson, Kaleigh and Kala are fond of sixtynine and nicki duo and their mutual clip.
Dialogue: Mel: Did you take my jacket?
John: Yeah you left in on the chair, sorry forgot to tell you
John: I'll bring it in tomorrow ok?
Mel: Brilliant, thanks!
Summary: Mel left her jacket on the chair and John'll bring it to her tomorrow.
Dialogue: Todd: Hi, Sara.. just wondering, did you get my email?
Sara: Yes. Sorry,  I've been very busy. 
Sara: Will answer you tomorrow, ok?
Todd: Ok. tomorrow is fine;-) 
Todd: But no later, please. 
Summary: Sara will answer Todd's email tomorrow.
Dialogue: Joyce: How do you get your news
Haiden: I have different means
Joyce: Can you share some of them?
Haiden: I hear news mostly on TV
Joyce: What about when you are travelling
Haiden: I have a radio in my cellphone as well
Joyce: Do you use any app>
Haiden: Yeah I use newsify
Joyce: I have also been using that app lately
Haiden: Its pretty much good except for one thing
Joyce: What?
Haiden: The comment section is limited
Joyce: Yeah we can do only comment on a post with limited words
Haiden: :/
Joyce: At least It is a good source 
Haiden: You know some other apps?
Joyce: I will share the link of another one
Haiden: Ok waiting
Joyce: I am a bit busy right now
Summary: Haiden's news sources are TV, cellphone radio and an app - Newsify. Newsify has a downside of having limited comment section. Joyce will send Haiden a link to other app, as he was busy at the moment.
Dialogue: Richie: <file_gif>
Richie: have you seen the last episode?
Penelope: yes ;________;
Richmond: it was TRAUMATIC
Daphne: Penelope and I cried our eyes out
Richie: I hated it
Richmond: it was totally out of her character
Richmond: she would never ever do that 
Richie: srsly? I felt so bored
Penelope: :O
Daphne: bored? you must have watched a different tv show
Richmond: bored it's the last word I would use
Richmond: how can you describe killing your daughter's stalker as boring?
Penelope: and that flashback was so intense!
Richie: what stalker?
Daphne: and music gave me chillls
Penelope: Richie, what ep did you watch?
Richie: the last ep of QaF
Richmond: the UK or USA version?
Richie: uk
Penelope: LOOOOL
Daphne: <file_gif>
Richmond: dude we are all watching USA version here :DDDDDDDDD
Richie: fuck
Penelope: so now we know why your views differ so much from ours
Daphne: looks like we spoiled you the decent QaF version :D
Daphne: sorry
Richmond: I can't believe it took us three season to notice that, lol
Richie: <file_gif>
Summary: Richmond finds the last episode traumatic, Daphne and Penelope cried while watching it, while Richie finds it boring. It turns out Richie was watching the UK version, while the others were watching the US version of QaF, so they were talking about a different episode. 
Dialogue: Bob: Hi, Henry. How far you on the job.
Henry: 50% done I'd say.
Bob: Not good. You need to speed up a bit.
Henry: What do you mean. The deadline is next week.
Bob: No, it isn't. They moved it for this Friday.
Henry: You kidding?
Bob: I kid you not.
Henry: Are they out of their fucking mind?
Bob: Always suspected it, really.
Henry: No fucking way I am gonna make it for Friday.
Bob: Have faith. I know you can do it!
Henry: Sure. I'll just skip sleeping for a couple of nights.
Bob: There you go! That's what I call positive thinking=)
Summary: Henry's 50% done with the job. The deadline has been moved for this Friday, so he needs to really hurry up. He might need to skip sleeping for a few nights.
Dialogue: Mauro: mom, dad told i cant go out
Mauro: but i have to buy notebook
Mom: i will buy you this notebook, you have to stay home and read a lecture
Summary: Mauro needs a notebook. His Mom is going to buy one for him, because he has some required reading and has to stay at home.
Dialogue: Maria: Should we do some shopping later today?
Conor: for the trip?
Maria: yes, maybe?
Serena: I would go to the malls at the outskirts
Serena: where IKEA is
Jenny: right! they also have TKMaxx
Conor: oh, no I hate it!
Maria: but there is a big choice of shops
Conor: I mean TKMaxx
Jenny: Why?!
Conor: it's just like a huge second-hand
Conor: just ugly, I can never find anything interesting there
Jenny: I know, it may seems scary
Jenny: but give it a try and you may find some amazing bargains
Conor: ok, we can go there together
Summary: Maria, Conor, Serena and Jenny will go shopping to the malls at the outskirts today. They want to buy something for their trip in TKMaxx.
Dialogue: Jessica: I lost my banana bread recipe. Is it okay if I make brownies for Thursday instead?
George: I guess, but that's not really a breakfast norm, is it?
Jessica: Oh, right, I forgot it was breakfast. Now what?
George: Corn muffins? 
Jessica: I can get down with that! Do you have a recipe?
George: Heck no! I just buy the Jiffy mix!
Jessica: Cheating! LOL!
George: You know it! They are just as good.
Jessica: I could add some bacon, jalapeno and cheese!
George: That would dress them up. Brilliant!
Jessica: Great, that's what I'll do. Is there anything else?
George: Just yourself!
Jessica: I will be there!
George: Looking forward to seeing you!
Summary: Jessica will make corn muffins using the ""Jiffy"" mix for the Thursday breakfast. She might add some bacon, jalapeno, and cheese to the muffins.
Dialogue: Kate: Heading out for dinner now if anyone wants to tag along
Julia: Where to?
Kate: Bakery
Julia: I'm in! Wait up!
Summary: Kate goes to the bakery. Julia wants to join Kate.
Dialogue: Ania: Have you shown the new flat to mom and Daria? ;)
Ola: Yeah, today we went to check it out and measure everything. I want to buy a new sofa so I need to know the size. Daria said that there is a nice atmosphere, she liked the flat a lot :D
Ania: Awesome! Yeah, you probably have to order the sofa very soon
Ola: Yeah, it takes around four weeks
Ania: We were today at my friend's, she also moved in to a new flat recently
Ola: And how did you like it?
Ania: She renovated everything very nicely :) but she said she would never decide to make such a serious refurbishment again
Ola: Yeah, it's always a pain in the ass...
Ania: So it's awesome that you have everything ready to move in. Her renovation lasted 6 months
Ola: OMG! Must have been costly as well!
Ania: Yeah, I guess
Ola: And how big is her flat?
Ania: Around 40 sq m
Ola: Same as mine :))
Ania: It seemed quite spacious
Summary: Ola showed the new flat to mom and Daria today. Daria liked the flat. Ola will order a new sofa for the flat. Ania visited a friend today, who also bought and renovated a flat recently.The renovation lasted 6 months. The friend's flat is about 40 m2, just like Ola's.
Dialogue: Jim: I've been to MoMA today
Jim: there is an amazing exhibition about Yugoslav architecture
Jim: Have you seen it?
Nic: Yes, last month, this is a really beautifully curated exhibition
Jenny: Jim, I wanted to know your opinion about it, since you know so much about the region
Jenny: Is it really so well made? because for a person who knows nothing about Yugoslavia it seems quite amazing
Jim: it is extremely well prepared and presented, even for someone who knows the subject quite well
Jim: I found out a lot from this exhibition
Zac: Would you do anything differently? Do you have any critical remarks to share?
Jim: hmm, nothing really critical. I just had some ideas, what else could be presented or added
Zac: like what?
Jim: they show this beautiful project for Skopje, after the big earthquake
Jim: when Yugoslavia together with the UN prepared a huge plan to rebuilt the destroyed city
Jim: this is a project that became a part of history of architecture and urbanism
Zac: it seems so
Jim: but what is also very interesting is what happened afterwards
Jim: when they abandoned the project, criticised it and most of all the new project - Skopje 2014
Jenny: I heard it's horrible
Jim: it us a nightmare. So Skopje transformed from a city that was planned to have the best architecture in the world to a city with arguably the ugliest, most kitschy buildings
Jenny: this story sounds very interesting indeed.
Jim: yes, but maybe it would be good for another exhibition
Jenny: maybe
Summary: Jim and Nick saw the exhibition about Yugoslav architecture in MoMA. Jim finds the exhibition extremely well prepared and presented. Jim thinks architecture in Skopje could be a good topic for another exhibition.
Dialogue: Mark: And how's fifa 18 wc???
Greg: Awesome
Greg: Playing yesterday for 6hrs
Tom: I agree, good stuff
Mark: 6 h, omg, pretty long
Greg: Ellen went to her mother, so... :D
Mark: Hahahah, I know what you mean :P
Summary: Greg played fifa 18 wc for 6 hours and he finds the game awesome. Tom also recommends fifa 18 wc to Mark.
Dialogue: Rick: Hey, what up?
Diddy: Nothin much. Whatcha doing?
Rick: I was thinking about going to the baseball game today. Wanna come?
Diddy: Maybe, who are we playing tonight?
Rick: New York
Diddy: You think we can get tickets? It's always hard when they're in town.
Rick: Yeah, there'll always be some, just gotta go down and see. If not, we'll do something downtown.
Diddy: Cool. Did you see last night's game against the Royals? We killed 'em.
Rick: I just caught the last 2 innings, but I saw the Bichette homer, it was a monster!
Diddy: Yeah, one of the longest ones hit this year. I'm feeling this could be our year
Rick: Yeah, it's looking good.
Diddy: Hey, you have any Jays caps or jerseys or something?
Rick: I just have 1 cap. Didn't you have the Jays shirt?
Diddy: Yeah, but it's in the wash. I don't wanna wear a stinky tee :)
Rick: Buy something at the game then.
Diddy: Yeah, right. You know the prices there.
Rick: Anyways, let's meet up at 5 at Islington station, ok?
Diddy: Ok, but I might be late. I don't get out till 4 and then it's gonna take me a while through traffic.
Rick: Ok, no problem. I'll be waiting.
Diddy: If we have time, let's grab something to eat before the game.
Rick: Ok, but hurry your ass. See ya.
Diddy: Bye
Summary: Rick and Diddy want to go the baseball game today against New York. The last game of their club against the Royals was very good. Rick has a cap but Diddy's shirt is dirty. In case they can't get tickets they will do something downtown. They arrange to meet at 5 but Diddy might be late.
Dialogue: Ida: Can you get another ticket?
Mark: ticket for what?
Ida: the concert duh!
Mark: hmm I'll try
Mark: but it might have sold out
Ida: ok please try
Mark: sure no prob
Ida: and let me know
Mark: who's the ticket for?
Ida: my sister
Mark: ok
Summary: Ida wants to get a ticket for a concert for her sister. Mark will see what he can do about it. He is afraid the tickets have sold out.
Dialogue: Natasha: Mum's birthday is in two weeks
Joseph: I know. 
Joseph: I have no idea what to give her...
Hilda: Me neither 
Hilda: She has everything
Natasha: Maybe we should give her an experience 
Hilda: What do you mean?
Natasha: Last year for my birthday my friends took me out to do bungee jumping
Hilda: Mum wouldn't like that...
Natasha: Of course not 
Natasha: But we can think of a different experience
Hilda: Like a trip or something?
Joseph: I think mum would love a trip to Italy!
Natasha: What a great idea!!
Natasha: She loves Italy
Natasha: When did she go there last time?
Joseph: 5 years ago... I think
Joseph: Where should we take her?
Hilda: I think she really liked Venice.
Natasha: Lets do it! 
Summary: Mum's birthday is in two weeks. Hilda, Joseph and Natasha are going to take Mum to Venice.
Dialogue: Jason: Hey Emily! What did the doctor say.. What are the results of the ultrasound??
Emily: The results are quite good.. The growth rate of the embryo is normal.. 
Jason: Thank God.... What did the doctor say about the gender??
Emily: well why don't you take a guess..
Jason: ohkay... so i will go with a boy..
Emily: No way!!
Jason: Have I guessed it right???? Please say yes.. please say yes...
Emily: yes you are right.. I am expecting a boy..
Jason: Congratulations ... love you :love
Summary: Emily went to the doctor for an ultrasound. The growth rate of the embryo is normal. Emily is expecting a boy.
Dialogue: Ayla: I'm starting believing that I will be always alone hahhaa
Danny: You can always get a dildo hahaha
Ayla: Haha but I mean a real person xd And I don't mean sex. But yeah, soon or later I will buy a dildo
Danny: Maybe you should just turn lesbian haha
Ayla: No, I need a man. Not a woman
Danny: Haha
Ayla: But, unfortunately, I can't see any good one around me
Danny: Haha she can just wear a strap on
Ayla: I mean man and it's not because of any dick. Just man, not woman
Danny: Hahahaha
Ayla: But yeah, if it is still like this I will have to think about this :)
Danny: Think about what ?
Ayla: Turning lesbian
Danny: Haha
Ayla: Yep
Summary: Ayla is single and has trouble finding a boyfriend.
Dialogue: Terrence: what's new?
Sabrina: i'd say the situation is dynamic
Terrence: oh?
Sabrina: yeah
Sabrina: i got an email today that i'm to be a form teacher starting September
Terrence: wow 
Sabrina: yeah
Terrence: i mean that's great isn't it?
Sabrina: <file_gif>
Terrence: not convinced, i see?
Sabrina: i don't really know what to think about it
Sabrina: on the one hand i like workign with students and they like me 
Terrence: but?
Sabrina: but it's so fucking emotionally draining
Sabrina: every time a kid with problems comes to me i feel responsible
Terrence: does sound draining
Sabrina: yeah and i get you know pains in my chest or headaches
Sabrina: because of stress and all the emotions
Terrence: i see
Terrence: but for them u'd be like the perfect form teacher
Sabrina: yeah but only till i hold on ;)
Terrence: #fact
Sabrina: so as you can see, a lot's going on;)
Terrence: the situation really is dynamic;)
Sabrina: and how are you? 
Terrence: hahaha yeah i'm fine, absolutely ;D no problems of this sort;D
Sabrina: good for you hahaha 
Terrence: ;D
Summary: Sabrina got an e-mail today, with the offer to work as a form teacher starting September. Sabrina is hesitating whether to accept the job, as  she fears it can be too emotionally draining for her. 
Dialogue: Dave: Fancy a drink tonight?
Mikey: Nope.
Mikey: Spending this night with my lady.
Mikey: Next time!
Dave: Have fun!
Summary: Mikey is spending tonight with his lady and can't have a drink with Dave.
Dialogue: Greg: Ms. Hawkins, I believe your dog shit on my loan.
Ms. Hawkins: He would never do such a thing!
Greg: Well I saw him?
Ms. Hawkins: Do you have a witness?
Greg: No, I don't. I cleaned it this time. But don't let it happen again, please.
Ms. Hawkins: And you tell the lady who left your house at 5 am this morning to lose the hat. It's awful!
Summary: Ms. Hawkins' dog shat on his lawn, but she doesn't believe it.
Dialogue: Steve: we went to see 'Clergy' yesterday. Have you seen it?
Paul: I have.
Luke: me too. 
Luke: what do you think? 
Steve: they made so much publicity about it beforehand, and I expected god knows what.
Steve: in fact, it was not so shocking to me. 
Paul: right, but it was quite impressive.
Paul: I particularly liked the scene when they were partying and drinking hard, at the beginning.
Luke: yeah, it was good! Drinking, crazy games.
Paul: Janusz Gajos rocked as a priest. His drunken scene was a masterpiece!
Luke: yeah, respect to the man.
Steve: and the ending was shocking to me. 
Steve: the only good dude didnt end up well
Luke: sad
Paul: yep
Summary: Steve, Paul and Luke have all seen the film 'Clergy'. It was not as shocking as they'd thought. 
Dialogue: Layla: thanks for dropping me off!!
Layla: i just took a shower and I'm going to bed
Luke: r u feeling better?
Layla: 100%
Luke: ull probably wake up with a headache tomorrow
Layla: i know
Layla: i shouldn’t have drank so much
Layla: but we were having such a great time!!!
Luke: that's fine, you've learned your lesson
Layla: i learned my lessonm, I won’t overdo it next time
Luke: go to sleep and rest
Luke: good night
Summary: Layla is feeling better now and realises she shouldn't have drunk so much.   
Dialogue: John: R u watching the match?
Frank: Yep!
John: Liverpool are unbeaten in this season's Premier League!
Frank: they have 28 points! It’s the highest ever tally at this stage of a Premier League season!
John: they’ve just missed their golden chance…
Scott: Oh nooooo
Summary: John and Frank are watching the match. Liverpool has 28 points this season.
Dialogue: Jill: I'm on my way now. Be ready waiting outside, ok?
George: Ok, but is there anything to eat?
Jill: Just grab a bite of something and we'll buy something after training.
George: Ok, we'll go for fries.
Jill: Whatever you want.
George: Thanks, you're the best!
Summary: Jill is on her way. George will be waiting for her outside. Jill and George will go for fries after training.
Dialogue: Carmen: Have you seen ""Kler""? This movie about the clergy and their scams.
Jennifer: heard of it, but haven't seen it. Have you seen it?
Carmen: yeah, I went to the cinema yesterday with Joseph
Jennifer: and how was it?
Carmen: it's as controversial as they say, but there is a lot of truth in it. Not in the entire film of course, but still...
Jennifer: what do you mean by controversial?
Carmen: well...it discusses some uncomfortable matters which the clergy are often being accused of, and which some people are often trying to obscure
Jennifer: I understand...but I don't think I'll watch it, I'd rather watch something funny and pleasant instead of pissing myself off and paying for it
Carmen: I get it, but if you change your mind, you'll not regret it. It might be a heavy piece of work but it definitely forces to rethink some matters and be more careful when it comes to the real life.
Jennifer: I'll keep your suggestion in mind. How are you, btw?
Carmen: I'm quite ok, just chilling right now. Tomorrrow I'm going to university and later to work, I don't know how I'm gonna survive this :/
Jennifer: you will, we can meet later and chill a little bit, if you want.
Carmen: If I won't be dead, then with pleasure. I guess we spent an evening together like ages ago :/
Jennifer: that's how being adult looks like :P no time for anything, even for sleeping
Carmen: I think a good shopping will wake me up. Wanna go? maybe not tomorrow, but this week
Jennifer: sure, do you have anything particular in mind?
Carmen: Well, I was thinking of a new lipstick and of some dress, as always
Jennifer: Actually I need a lipstick too, sephora?
Carmen: might be sephora, but there are 3 other places we can visit to see what they have
Jennifer: sure, we'll see. Hm... I also need a notebook
Carmen: a notebook?
Jennifer: yeah, like a paper one xD you won't believe it but my dog ate the old one
Carmen: nigga what xDDDD
Jennifer: yeah, he just literally chewed it looking me in the eye
Carmen: hell no ahahahahahahah I just died
Jennifer: yeah....just regret you haven't seen it, no vine could ever beat it xD
Carmen: geez, I'm crying xD sorry but I couldn't stop it
Jennifer: no problem, now I'm crying too xDDD
Summary: Carmen went to the cinema with Joseph to see ''Kler''. Carmen thinks it is controversial but true and worth seeing but Jennifer prefers funny films. Carmen is going to university and then to work tomorrow. Jennifer suggests shopping later. Carmen agrees to go this week except for tomorrow.
","[Dima's laptop is broken, as her cat spilled coffee on the laptop. Dima is worried, because she has to deliver a translation for Trados tomorrow. Dima will come to Nada in an hour to borrow Nada's laptop. ]",11695,samsum,en,,ee982eb6556c91f207286901273a03aeab6be45fd21c70ed,117,2,1192637.795538258,"Dima's laptop is broken after the cat spilled coffee on it. She needs to deliver a translation tomorrow and is panicking. Nada lends Dima her laptop for the day, saving her from trouble.",0.3742952479515224,1.071811517002061,63.08096592484208,0.8529411764705882
"Dialogue: Dima: hello! 
Nada: hey girl, what's up?
Dima: I'm in a huge trouble, my laptop is broken and I have to deliver a translation tomorrow @9 😱😱
Nada: fuck what happened??
Dima: the stupid cat spilled coffee on it 😣😣 I'm freaking out!
Dima: you still have your old laptop? is it possible to lend it to me please?
Nada: no sorry, I've given it to my brother - but you're lucky! I've taken these two days off so you can take mine
Dima: ooh man! thank you sooo much!!! if it weren't for Trados, I wouldn't be panicking :( 
Nada: no worries, it happened... but I always think about this... like man, we need some back up laptops!
Dima: I know! but I always change my mind and spend the money elsewhere lol
Nada: yeah, but it's like our only tool! so we need to invest in it
Dima: yup, true !
Dima: can I come in an hour to pick it up?
Nada: yes :) ttyl!
Summary: ","Dialogue: Carter: I've got some really juicy gossip for you! :)
Carter: You're gonna love it!
Charlotte: Come on, don't keep me in suspense, spill the tea! :D
Carter: Have you heard the news about professor Brown?
Charlotte: This jerk, who gives lectures on the theatre? What's with him?
Carter: I've heard, that he had been fired!
Charlotte: YOU'RE KIDDING
Charlotte: Finally!!!
Charlotte: What's happened?
Carter: A group of students accused him of sexual harassment. They showed the rector some inappropriate emails from him and described, how badly he behaved during his lectures.
Carter: To my great surprise, several lecturers supported those accusations.
Charlotte: I'm so happy to hear that!!!
Charlotte: Schadenfreude is a nasty emotion, but - frankly speaking - it's hard not to celebrate the fact, that this dickhead eventually got what he earned.
Charlotte: Everyone knew, what he's like and everyone, who could actually do something with it, remained silent.
Charlotte: It was so freaking frustrating!
Carter: I agree with you, he should have been fired much earlier. Anyway, you have to admit it, it's great news.
Charlotte: Indeed it is! :)
Summary: Professor Brown got fired because of sexual harrassment accusations from students. Several lecturer supported the accusations. Charlotte and Carter are happy he got fired. 
Dialogue: Kat: Hi gorgeous!
Mia: Hey girl, you ok?
Kat: Yeah, feeling good! I just got my nails done, hair dyed lilac and a spray tan!
Mia: Sounds super glam? Can I see?
Kat: Sure, quick selfie! <file_photo >
Mia: Wow! Looking good!😍 Love your lips too!
Kat: Yeah, had them plumped up a couple of weeks ago, not too much?
Mia: No, definitely not! We're all set to hit the town tomorrow night when you come up!
Kat: Cool! I am so looking forward to it, see ya then!
Mia: See ya tomorrow, babes!
Summary: Kat and Mia are ready to hit the town tomorrow night.
Dialogue: Therese: Bob, would you drop by auntie Meg and do some shopping for her? 
Bob: Sure mum, is there something wrong with auntie?
Therese: She has some hip problems and she cannot walk down the stairs
Bob: Oh no! Poor Meg! I can drop by around 5 p.m.
Therese: I think it's perfect, but you can also give her a call first
Bob: Okie dokie, I'll do that :)
Summary: Bob will go to auntie Meg's and do shopping for her.
Dialogue: Casper: Hi mate.
Casper: I just want to let u know that I'm postponing the party
Casper: I want to throw it around 15 January
Stanley: kk
Casper: There is also a chance that me and my brother will go for a trip
Casper: Skiing, drinking etc.
Casper: Let me know if you would like to come along
Stanley: Unfortunately I have some expenses right now :(
Stanley: So I can say upfront that I can't afford going anywhere :(
Casper: What happened mate?
Stanley: <file_photo>
Stanley: Car acciddent. Have to repair it with my money :/
Casper: Condolences man. 
Stanley: Thanks. Shit happens.
Casper: Everybody's ok?
Stanley: Luckily nobody got hurt.
Stanley: Except my car 
Casper: Sorry man. Anyway if you change your mind regarding the trip, let me know.
Summary: Casper is postponing the party to January 15th. He also plans go skiing a drinking with his brother. Stanley can't come because he is broke. He had a car accident and needs to repair the car with his own money.
Dialogue: Bobby: my brother in law is amazing!
Candice: i'm glad you like the newest member of your family
Bobby: he's really cool, he's good at sports, he's very smart
Candice: wow!! is this turning into a BROmance?
Bobby: lol don't be ridiculous
Summary: Bobby is fond of his new brother-in-law.
Dialogue: Lena: Hi, Mike. How are you?
Mike: I'm fine. And you are?
Lena: Lena. I got your number from Clair.
Mike: Yeah?
Lena: Yeah. Claire says you know a lot about horses.
Mike: If Claire says so. Yeah, I know a little, why.
Lena: There is this Welsh Pony I want to buy for my daughter...
Mike: I suggest you hire a vet, to properly examine the horse.
Lena: Really? Can you text me some contacts?
Mike: Yeah. Will do.
Summary: Lena received Mike's number from Claire. Lena wants to buy her daughter a Welsh Pony. Mike suggests that the horse should be thoroughly examined by a vet first.
Dialogue: Ann: Stay in or not to stay in?
Chris: Not! It’s Friday!
Kate: Definitely not!
Jane: Silly! Do you wanna join us?
Ann: Nope but thanks for inviting me!
Chris: Why do you wanna stay in?
Ann: just tired after work need a relaxing bath or something
Chris: Go out. It’ll cheer you up!
Summary: Jane and Chris are going out as it's Friday so want Ann to join them. Ann needs to relax at home as she's tired.
Dialogue: Patricia: <file_other>
Patricia: What kind of people enjoy hurting animals?!
Patricia: They are the worst monsters!!!
Edgar: I agree. You send me a link but I don't know if I want to open it.
Edgar: I'm really sensitive about it.
Patricia: Guy took newborn kittens he didn't want, put them in a bag and threw it to the river.
Edgar: Fuck. I hate it. 
Edgar: I'm sorry, but I get really agressive when I hear something like that.
Edgar: I feel like putting this man into a bag and throw it to the river!
Patricia: They charged him with animal abuse.
Patricia: But there are more people like him out there.
Patricia: I hate it.
Edgar: I really don't get it. Why people are so cruel?
Edgar: I understand fighting with other people
Edgar: Survival instinct or whatever.
Edgar: But this acts of cruelty? I really don't get it.
Patricia: I cried today when I read it. 
Patricia: I want to kick this guy in the nuts and then rip it off and throw it to the river
Edgar: Wow. Honey easy. Don't talk to me about ripping off nuts. Please. I already feel it :P
Patricia: Maybe harsh, but this is what I feel like doing when reading something like this.
Edgar: I know. It's ok. Kittens were rescued, so it ended well. 
Edgar: Man got charged with animal abuse and animals are safe now, looking for a new home. 
Patricia: Yeah, I feel glad that it ended that way.
Patricia: But it strikes me how many such cases don't.
Edgar: Fortunately the law is getting more and more strict about animal abuse, so there is hope in human kind.
Patricia: You're right. Sorry I spilled it out at you, but I had to.
Edgar: I know :) See you at home :)
Summary: Patricia and Edgar have a conversation about animal abuse. They both deplore it.
Dialogue: Olivia: What was the very first movie you saw this year?
Jayden: It was Star wars
Olivia: Do you have it on your pc?
Jayden: I dont have it now
Olivia: Can you manage some how?
Jayden: I will download it for you
Olivia: TY :)
Summary: Jayden will download a Star Wars movie for Olivia.
Dialogue: Lydia: Have you seen 13 reasons why?
Clara: Yes! It's great
Hannah: I'm not a fan
Lydia: You think I'll like it?
Hannah: You can watch an episode or two and see if it's your thing
Clara: I binge watched the whole season
Clara: It's super interesting and scary!
Clara: All what happened to the poor girl it's just insane!
Clara: I'm not gonna say anything more 
Clara: Don't want to spoil...
Hannah: I didn't find the characters convincing, they just didn't seem real
Hannah: I couldn't identify myself with none of them 
Hannah: But it was interesting. 
Clara: You should watch it. 
Clara: You'll like it.
Hannah: Anyways, It's only one season
Hannah: Not very time consuming
Lydia: Thanks :*
Lydia: I think I'll give it a chance ;-)
Lydia: Will let you know if I liked it.
Summary: Lydia haven't seen '13 reasons why'. Clara recommends it very much. Hannah didn't like the series, but she found it interesting. Lydia will give '13 reasons why' a chance.
Dialogue: Daria: another toxic day at my job...
Bob: oh, god, how's the job hunt cause you're whining about the job here just about every day
Daria: It's the whiners' club, you whine about your shitty life too, Bob.
Bob: at least I try to whine about different aspects of it :P
Freddy: ok, so what about your job?
Daria: It's just those girls you know... They create this toxic, cliquey atmosphere, it's just hard to breathe. The amount of gossip and talking behind your back is just exhausting
Daria: and did I mention they all hate me?
Freddy: how do you know that?
Daria: they subtly let me know, like when they tell me that I'm stuck-up and think I'm better than them
Bob: jeez, what are they 10?
Daria: i would ask the same question, but that would just make me look more stuck-up
Freddy: but seriously how old are they?
Daria: after college, some maybe around 30.
Freddy: you'd expect more a mature behavior from grown women like that
Daria: you think?
Bob: just tell them they can suck it
Daria: oh, great solution, Bob, as always the optimal way out
Freddy: seriously, I'll as around in my company, maybe they need someone.
Daria: that would be great thanks.
Summary: Daria is whining about her job. Daria doesn't feel good in the workplace, because other girls hate her. Freddy will ask in his company if they need someone new.
Dialogue: Josh: hi!
John: hi
Josh: SHE was here.
John: FUCK
Josh: yup, but hasn't notice anything.
John: what a relief 
Josh: but we should hide it better.
John: we will!
Summary: She was here but hasn't noticed anything. 
Dialogue: Frank: hola amigo
James: Hola! No, wait, ¡Hola!
Frank: what u doin tonite
James: Oh, you know, I think I'll just stay at home, listen to some jazz and read poetry.
Frank: u comin to the party
James: I find you lack of capital letters and punctuation... disturbing.
Frank: wtf man u comin or not
James: Yeah, you know what, you people really make me feel like a grammar nazi for writing in a proper way...
Frank: ok move ur ass we r waitin at joe's
James: ok man gonna be there in a few mins (here lies my good will, killed by messeger)
Summary: Tonight James will stay at home, listen to music and read. Frank asks about coming to the party, but instead of answering, James points out some minor mistakes in his spelling and punctuation.
Dialogue: Kamren: What a game today
Kamren: 7-0
Hattie: For who?
Kamren: Portugal vs Estonia
Hattie: Mm
Hattie: Ok. Enjoy the match. We'll talk later
Kamren: Game is done
Summary: Portugal beat Estonia 7-0.
Dialogue: Renee: <file_other>
Renee: doesn't look that bad doesn't it:D
Katie: whaaaa
Katie: it looks fucking amazing!!
Katie: is there like ANYTHING you can't do??
Renee: :)
Katie: I didn't even think it was you!
Katie: I thought it was some professional dancer! 
Katie: only at the end there's your face up close
Renee: ^^
Katie: shit
Katie: amazing, really
Renee: thanks :))
Renee: i didn't think it looks that good until they recorded us :D
Katie: why?
Katie: I mean why did they record?
Renee: some ppl couldn't remember the steps and the instructor asked me to dance with him 
Renee: so they could record him with a partner
Katie: i see
Katie: really i didn't realise you were so good:D
Renee: thanks again:D you know the instructor adds like a billion points to my presence:D and it's the Waltz, so even more ;)
Katie: shit i wouldn't even know it's the waltz xD
Summary: Renee was recorded dancing Waltz with her instructor. Katie thinks she looks like a professional.
Dialogue: Tom: Happy B-day! 
Tom: <file_gif>
Laura: oh, thank you, it's so cute <3 <3 <3 
Tom: :D
Summary: Tom wishes Laura happy brithday.
Dialogue: Marlene: I am fucked, aren't I?
Diane: What do you mean, Marlene.
Marlene: Didn't you see what happened yesterday?
Diane: Yesterday when? And what happened?
Marlene: During the meeting.
Diane: I remember the meeting.
Diane: But don't recall anything extraordinary.
Marlene: You are being nice, I know.
Marlene: But you must have noticed how Mike was treating me.
Diane: What do you mean?
Marlene: You know. When I told him I forgot to prepare the statistics?
Diane: Oh, that.
Diane: Don't worry about it:=)
Marlene: Easy for you to say:(
Diane: No, really.
Diane: Shit happens, you know.
Marlene: I know, but does Mike?
Diane: Better than you think.
Marlene: What do you mean?
Diane: Last month at the management meeting he really laid an egg.
Diane: I'm not gonna tell you what he'd done. But you are fine. Trust me:=)
Summary: During the meeting yesterday, Mike treated Marlene badly when she told him she forgot to prepare the statistics.
Dialogue: Jerry: Did you see this article?
Jerry: <file_other>
Caroline: Whaat? I can't believe it!
Jerry: yup, the first page!
Caroline: <file_gif>
Summary: Caroline can't believe seeing the article Jerry's just sent her.
Dialogue: Maxine: honey, pay more attention to the stuff u buy
Mark: is it expired?
Maxine: tomorrow it will expire :(
Mark: sorry
Summary: Maxine reminds mark to check the date on stuff he buys. 
Dialogue: Michael: S’Arvo I'm going to Sydney
Jake: That's quite a journey :)
Michael: Bloody oath!
Jake: You're a bludger... Wanna come with me? 
Jake: or come over for a few coldie’s before my journey :)
Michael: Sure! I'm coming!
Jake: :)
Summary: Michael is going to Sydney. Jake is going to visit Michael before his journey.
Dialogue: Kate: Guys, I think I'm lost 😕
Ines: Can you see a blue boat?
Kate: Yes, but quite far away
Terry: So you're not lost
Ines: Walk in the direction of the boat, we will meet halfway.
Kate: Ok, sorry!
Summary: Kate is lost. Ines tells Kate to go towards the blue boat. They will meet halfway. 
Dialogue: Eve: Has anyone seen the new HP film?
Alice: I saw it with Phillip yesterday
Eve: And, how did you like it?
Alice: I really liked it. Phillip a lot less :P
Carla: No spoilers! I am planning on going this weekend
Eve: Great, I am going with a friend from my studies. Care to join us?
Carla: Saturday or Sunday?
Eve: We aren't sure yet, but we want 2D, so not a lot of choice. Maybe Saturday at 16:50?
Carla: Works for me :) Later we can go to the main square for some hot wine?
Eve: Great idea ;) Will you join us Alice?
Alice: I wish I could, but I am going to that wedding I mentioned last time :(
Carla: Uuuu, be sure to find me a future husband among Phillips family ;)
Alice: As far as I know we will be the youngest couple there :p
Carla: I don't mind some old and wealthy guy ;)
Summary: Phillip and Alice saw the new HP film yesterday. She liked it more than him. Eve is going to see it with friends from studies on Saturday at 16:50. Carla will join them. Alice can't go because she is going to the wedding. 
Dialogue: Marton: Hey what time is the game?
Josh: 7pm studio 7:30pm game
Marton: ok I'll be there as soon as I can
Josh: see you!
Summary: Josh and Marton will watch the game at 7:30 PM. Studio starts at 7 PM.
Dialogue: Joyce: Guys, sorry I'm running late today! Will be there soon
Andrew: I’m a wee bit late too but will be there before 8! Leaving soon
Carla: On my way, with sipke😀
Anette: On the way kids
Anette: In the first here wtf
Helen: Where are yall
Helen: Annette are you here?
Helen: I'm at a table by one of the windows at the front!
Summary: Joyce and Andrew are running late. Carla and Anette are on their way. Helen is at a table by one of the windows at the front.
Dialogue: Laura: sent it 🙈
Rose: Congrats!
Charity: don't worry, it'll be fine
Charity: i'm pretty sure you'll get this job
Laura: i wish!!
Laura: but the competition is so high........
Charity: when you'll have the answer
Laura: dunno
Summary: Laura has just applied for a new job, but she's aware of the high competition. 
Dialogue: Elizabeth: Hi
Elizabeth: Feel like a cup of good coffee?
Elizabeth: I've just got back from the cafe nearby
Elizabeth: It turned out they sell coffee beans
Anne: Coffee with you on Sunday afternoon?
Anne: Sounds good
Anne: I'll get going soon.
Elizabeth: I'm waiting :)
Summary: Elizabeth bought coffe beans at nearby cafe. She will have coffe with Anne on Sunday afternoon.
Dialogue: Tom: <file_other> read it!
Bridget: gosh, how ghastly
Tom: Yes, but he was also quite stupid the guy
Bridget: True, and very disrespectful toward this people
Tom: They've been living on the island for the last 55 thousand years, completely separated from the world and protected by the Indian state, so he shouldn't have tried to contact them
Bridget: But the tribal tourism seems to by the big thing now
Tom: How stupid. Those people have been aggressive to everybody for the last millennia, so why would they accept anybody now?
Bridget: Especially one trying to ""bring Jesus"" to them
Tom: exactly, he wanted to be a missionary, or maybe even a martyr
Bridget: God, this kind of things happened hundreds of years ago in Europe. hahah
Tom: But i read today a bit about the Andaman Islands 
Tom: They are kind of paradise with at least a few other tribes that haven't been in touch with the rest of the world for millennia.
Bridget: I know, it's fascinating. But it's also very dangerous for them.
Tom: What do you mean?
Bridget: Think what happened to indigenous population of America after they were contacted by Europeans.
Tom: Conquered you mean
Bridget: Sure, but that's not the point. Europeans brought diseases and things that had been unknown in America, like measles and alcohol. They decimated the indigenous peoples.
Tom: I know, that's why they should have protected.
Bridget: And I believe they have they right to choose to not being contacted by us. Let them be.
Tom: yup. Anyway, I have to come back to work.
Tom: It's always so inspiring to talk to you! Thanks!
Bridget: and vice versa!
Summary: Tom and Brigdet discuss an event involving an isolated island tribe and a man, who tried to contact them, wanting to convert them to Christianity. Bridget thinks outside contact could be dangerous for the people of Andaman Islands. She believes they should have the right to be left alone.
Dialogue: Chris: What kind of tea does your mum like?
Ben: What?
Chris: It's your mum's birthday today isn't it? I thought it would be nice to bring her something
Chris: I'm staying at your place tonight if you don't remember. I just thought it would be a nice thing to bring your mum a small gift.
Ben: Sure! She likes this green tea with chocolate flavour. Lady at the shopping mall who runs a tea store will help you.
Chris: Thanks. See you at 8.
Summary: Ben's mother celebrates her birthday today. Chris will buy her green tea with chocolate flavour. Chris will come over at 8.
Dialogue: Helen: hey
Helen: Can you take me to the vet?
Rich: When?
Helen: 2morrow after work?
Rich: what time?
Helen: around 6?
Rich: sure no prob
Rich: Pick you up at work?
Helen: that would be great
Rich: so 5 at your office
Helen: yes thank you
Helen: youre a lifesaver
Summary: Rich will pick Helen up tomorrow at 5, and he will take her to the vet.
Dialogue: Anna: Are you planning to go to the library tomorrow?
Mike: Yes, I have to find some information for the project.
Anna: I'll go with you.
Mike: OK.
Summary: Anna will go with Mike to the library tomorrow. 
Dialogue: Valeria: hey sis
Gloria: hey love
Valeria: i really miss you now
Gloria: come on, its just been hours since i left
Valeria: i know😔😔
Gloria:😔😥😥
Valeria:😔
Gloria: i'll be back soon, i promise
Valeria: but they never said when the session will end
Gloria: i know, but ill come back it just life, take care of mum and dad
Valeria: i promise i will, stay safe
Gloria: you too
Valeria:😘😘
Gloria:😘
Summary: Gloria will be away for an unspecified amount of time.
Dialogue: Jake: Babe! You forgot your lunch!
Sula: Shit, could you bring it by on your way to work?
Jake: I can't, I have a meeting on the other side of the city
Sula: I'll eat it after work then
Summary: Sula forgot her lunch. Jake can't bring it to her as he has a meeting far away. Sula will eat the lunch after work.
Dialogue: Tony: help! What to get Mary as a present?
Tony: its our anniversary next week
Tony: I have no idea.
Liz: wow, Im impressed that you remember! ;)
Tony: funny! :P
Liz: a girl will always be happy with perfume or jewelry
Liz: depends how much you want to spend
Tony: I have some $ for it
Brian: good husband :P
Tony: perfume sounds a good idea!
Tony: Liz, can you help me choose?
Liz: she likes Calvin Klein most, probably
Liz: or you can check in the bathroom, Tony!
Tony: oh yes, thx
Summary: Tony and his wife celebrate their anniversary next week. He doesn't know what to buy as a present. Liz suggests Calvin Klein perfume.
Dialogue: Jola: Hi Mary! Did I borrow you Pratchett 's 'Carpe Jugulum'?
Mary: Hi, yes. I got it. Do you want it back? 
Jola: Yes, please. Did you finish reading?
Mary: Yes, I can bring it tomorrow to the office.
Jola: Great. See u tomorrow!
Mary: Have a good evening!
Summary: Jola wants her book 'Carpe Jugulum' by Pratchett back. Mary finished reading it and she will bring it to the office tomorrow.
Dialogue: Jessica: Did you see Kathy?
Joseph: She has just walked past me :D
Jessica: Is it just me or she looks somewhat different today?
Joseph: It's not just you, she DOES look different! XD
Jessica: Different and peculiar at the same time…
Joseph: I've got an impression that she did something to her eyebrows XD
Jessica: Yeah, it seems that one is thinner than the other XD
Joseph: We're awful, making fun of her like this…
Jessica: Oh come on! Has she ever been nice to you?
Joseph: Well, once she helped me with an Excel file XD
Jessica: LOL XD
Summary: Kathy looks different today. Joseph suspects she ineptly changed the shape of her eyebrows.
Dialogue: Troy: U got beer man?
Jared: You Slavs drink too much
Troy: So u got no beer?
Jared: I'll call your gf
Summary: Jared thinks Slavs use too much alcohol.
Dialogue: Leo: Do you guys have a kindle or an iPad I could borrow?
Martha: I have an iPad, but I'm using it :(
Jack: I have a kindle. What do you need it for?
Leo: I'm going to China and I don't have enough space in my luggage for all the books
Martha: Wow! China! How long are you going for?
Leo: A month, that's why I thought a kindle might be useful. The flight's long as well and I doubt I'll be able to buy English books there
Jack: Hm, I wouldn't be so sure, I don't think it'll be a problem
Leo: Maybe, but I think kindle will be a better solution
Jack: Sure, you can use but please bring it in one piece ;)
Leo: No worries!
Summary: Leo is going to China and needs to borrow a kindle or iPad to read during the long flight. Jack will lend Leo his kindle. 
Dialogue: Michael: Did you see what your son was watching this a.m.?
Lolly: It's okay if he watches the weather channel, isn't it?
Michael: Slightly strange, but yes, okay.
Lolly: You'll be glad to know he has a crush on the one girl who is on. That's why he watches it.
Michael: Whew! I thought he was just a nerd!
Lolly: LOL!
Michael: You know, like a sciency type.
Lolly: What's wrong with that?
Michael: He'll be smarter than me!
Lolly: Like that's hard.
Michael: Hey!
Lolly: J/K!
Michael: Besides, he's only 4.
Lolly: Just let him live!
Summary: Lolly's 4-year-old son was watching the weather channel this morning as he has a crush on the girl who appears there.
Dialogue: Pete: I need a present for Katie
Pete: Any suggestions?
Mark: For your anniversary?
Pete: yeah
Josh: perfume?
John: I got Mandy a bracelet
John: She was happy
Pete: She doesn't want jewellery
Mark: Does she like art?
Mark: A ticket to an art show?
Pete: hmm... that's something
Josh: a concert maybe? 
John: Let's buy them all tickets to a concert 
John: and it's a night out for us
Pete: that's a thought!
Pete: will check that out online 
Pete: and let you know!
John: All in?
Josh: Yes
Mark: Sure
Summary: Pete and Kate have anniversary. Pete, Mark and John decided to buy tickets to a concert for their girlfriends so that they will have a night out together.
Dialogue: Aurelie: Hi, Steve, could I work from home today?
Steve: Hi, Aurelie, why would that be?
Aurelie: I'm not feeling well and I don't want to catch anything on the bus...
Steve: You know what our policy regarding home office is, Aurelie.
Aurelie: I know, but I thought with the project's deadline around the corner it would be better for the company if I worked from home than if I got really sick and had to stay home on a sick leave.
Steve: You're right. When is the deadline exactly?
Aurelie: The day after tomorrow. And Ross is on holiday, so there is only Mathew and me in the team.
Steve: Oh, I see. 
Aurelie: So I would really appreciate it if you agreed. I would devote all my attention to this project - I would just do it from my bed, sipping hot tea...
Steve: OK, you may work from home today.
Aurelie: Thank you, Steve!
Steve: Just don't advertise it too much, or everyone will want to work from home next week.
Aurelie: Sure thing, boss! My lips are sealed.
Steve: I hope you feel better soon.
Aurelie: Thank you.
Steve: And I appreciate your devotion to this project and your responsibility. 
Summary: Aurelie will work from home today, because she's not feeling well. The project's deadline is the day after tomorrow, Ross is on holiday, so there's only Aurelie and Mathew in the team. 
Dialogue: Daniel: When will you be here?
Gabriella: Soon. Don't wait up for me. Just go inside. I'll meet you there. 
Daniel:  OK
Summary: Gabriella will meet Daniel inside as she doesn't want him to wait.
Dialogue: Ann: <file_video>
Lucy: what is it?
Ann: it's a video of a poem written by a 93-year-old woman :)
Ann: it's amazing!!
Lucy: it's pretty emotional
Ann: love it!!!
Summary: Ann sent Lucy a video of a poem written by a 93-year-old woman. They both think that it is stunning.
Dialogue: Mateo: I've got something juicy for you :D
Mateo: Emily Roberts got married to professor Taylor!!
Jack: Are you sure?
Mateo: Check out her fb page. :D
Mateo: There're lots of pics from their wedding day.
Jack: LOOOOOL
Jack: She was the dumbest and the meanest chick in our year. :o
Mateo: Well, I guess this is the reason, why she married him. :D
Mateo: Don't you remember how he was hittiong on EVERY SINGLE girl from our class?
Mateo: He definitely had a midlife crisis or something. :p
Jack: It's hard to forget. :D Especially, what he used to say about his now ex-wife.
Mateo: Oh gosh, he was such a jerk to her.
Jack: Well, looks like somebody's met his match. :D
Mateo: Yup. :D
Summary: Emily Roberts got married to professor Taylor, as Mateo says. There are pictures of their wedding on Facebook. 
Dialogue: Adam: How about going to London this weekend?
Sarah: Sure.
Martin: I can't. Sorry guys.
Sarah: Too much work?
Martin: This time it's not about work...
Sarah: Is that about... what's her name...?
Martin: Amanda. Yes, blame it on her :-)
Sarah: Well, well, well. Martin has a girlfriend now!
Adam: Congrats bro! She can come to London with us ;-)
Summary: Martin is not going to London with Adam and Sarah this weekend because he's seeing his girlfriend, Amanda.
Dialogue: Elijah: And Sanchez is still struggling at Old Trafford......😜😜😜
Fav:  face ur club and leave Alexis alone.
Shrestha:  LoL and what has Micki or Auba has done till now, at least he is playing CL football here not Europa 😂
Abdi:  There's no trophy for participation 😂😂
Seth:  He's simply being overpaid, and more of a liability to Manchester United
Summary: According to Seth, they overpay Seth Sanchez for playng for Manchester United.
Dialogue: Gerry: i need my money back
Laura: but you have used the phone and dropped in water it was not my fault 
Gerry:  you gave me warranty you need to pay back
Laura: it was for the faults not for accident please 
Gerry: you have to pay me
Laura: your blocked!
Summary: Gerry wants his money back. Laura isn't going to pay back because Gerry dropped her phone in water.
Dialogue: Andrew: We don't have much time left, if we take the underground, we'll be late for the ceremony
William: I know, it's taken too much time
William: Ann, are you ready?
Ann: not even
Monica: guys, give us 15mins more
Andrew: but we will be late!
Monica: we will take uber
Andrew: it will cost a fortune
Monica: no, it's uber
Andrew: do you even know where it is?
Monica: yes, I checked and planned everything 
Monica: so don't worry
Andrew: ok, if you say so
Andrew: we'll be at your place in 15min, ready
Summary: Andrew and William will be at Monica's place in 15 minutes. Andrew, William, Ann and Monica will take Uber to get to the ceremony.
Dialogue: Anna: any good move recommendations for tonight?? :)
Peter: i haven't seen anything lately... sorry
Meggy: how about the new James Bond movie?
Anna: i have seen that one yet
Peter: oh i've seen it too, it's okay, maybe not great but okay - i think you will like it anyways :)
Anna: thank you both! :) 
Summary: Meggy and Peter recommend the new James Bond movie to Anna.
Dialogue: Dorothy: Wanna dish?
Caroline: Always!! :D
Dorothy: Peter told me that George wanna split up with Jane.
Caroline: For the fifth time.... -.-
Dorothy: He told me this time it's for real.
Caroline: Yeah, right :D I don't believe it for a sec
Dorothy: Well, I dunno, they seemed pretty bored with each other lately.
Caroline: you think?
Dorothy: Yeah, don't you remember Michael's party?
Caroline: what about it?
Dorothy: They spent the whole party separately and they argued before they left....
Caroline: Oh, you're right! I forgot. 
Dorothy: Peter told me Jane might have someone on the side
Caroline: no way! It's just George being paranoid as always
Dorothy: well, I heard George looked at her messenger and found some messages...
Caroline: get out!!
Dorothy: I swear :D 
Caroline: If he found some messages why didn't he break up with her immediately?
Dorothy: you know how he is. He has to be sure, not to make any mistakes...
Caroline: LOL, so what's he gonna do, hire a detective to prove it? :D
Dorothy: hahaha I wouldn't be surprised.
Caroline: Oh, I think it's time they broke up. Every trip with them equals drama
Dorothy: Yeah, it would be weird though... Them being not together
Caroline: yeah, how long has it been? 7 years?
Dorothy: Something like that.. Freaky.
Caroline: Yeah.. keep me posted!
Dorothy: will do! xoxo
Summary: Dorothy and Caroline are gossiping about George and Jane splitting up. George looked through Jane's messages. They have been together for 7 years.
Dialogue: Carol: do you ever shop online?
Michelle: yes I do!
Carol: i just got a sweater and i think it may be too big
Michelle: buying clothes online is always a risk
Carol: i know!!! i'm having buyer's remorse.
Michelle: lol
Carol: what if it's too loose?
Michelle: you can always return it
Carol: that sounds like a big hassle
Michelle: it is a hassle, i've had to do it a couple of times
Carol: i shouldn't have ordered it!!!
Michelle: if it's too big you can always run it on the dryer and it'll shrink
Carol: wow, that's true! you're a genius
Michelle: I sure am
Summary: Carol can shrink the oversize sweater in the dryer instead of returning it.
Dialogue: Kendrick: Jordyn i have a question
Jordyn: yeah?
Kendrick: John said you've been doing teamwork in lessons
Jordyn: yeah
Kendrick: could you tell me sth about it?
Jordyn: what would you like to know?
Kendrick: well everything :D
Kendrick: I have no idea how to do it
Kendrick: i'm not much of a team player myself;)
Jordyn: ok so do you want to make it part of a regular English lesson or a separate form teacher's lesson?
Kendrick: regular maybe?
Jordyn: ok what i did was i printed out song lyrics and cut it into pieces 
Jordyn: i gave it to them and said nothing, just watched them
Kendrick: any song?
Jordyn: at first they were asking questions but soon enough they saw it's no use 
Jordyn: and that they need to figure it out themselves
Kendrick: ok
Jordyn: yeah it can be any song, but you need to make sure they don't know it
Jordyn: i mean they can know bits of it but usually they don't listen to lyrics so it's not such a big problem
Kendrick: ok, and that's it?
Jordyn: basically yeah, but afterwards i had a talk with them about team roles
Jordyn: you know, that there needs to be a leader etc
Jordyn: but you must remember to take their phones at the beginning of th lesson!
Kendrick: ok i didn't think of that
Kendrick: ;)
Jordyn: yeah, unfortunately if they have their phones it's not gonna work 
Kendrick: ok. i'll try
Jordyn: ok. let me know how it went! :D
Kendrick: i will ;D
Summary: Jordyn advises Kendrick how to do teamwork during an English lesson. 
Dialogue: Pete: Wanna see my new baseball shirt?
Mike: Sure, you’ve promised me last week;-)
Pete: <file_photo> :-)
Mike: Sooo cool, you’re gonna flash it around;-)
Pete: I know :-) 
Summary: Pete is showing Mike his new baseball shirt and Mike likes it. 
Dialogue: Alex: Hi. Can I talk to you?
Lesley: Hi. Who r u?
Alex: My name is Alex. U don't know me, 'cause we're not friends on Facebook yet, bt I have something important to tell you.
Lesley: Ok...
Alex: Have you heard about green wind turbines?
Lesley: Wind turbines painted green?
Alex: No, like ecological ones.
Lesley: Aren't they all?
Alex: Yes, probably, but these are like really eco-friendly.
Lesley: Ok...
Alex: So these wind turbines are killing birds.
Lesley: Murdering wind turbines? Sounds like a horror-film-plot ;)
Alex: I'm serious. I was in the fields last weekend and saw this qt jaybird get torn into pieces by the wings of a wind turbine.
Lesley: That's awful.
Alex: I know. I did some research and it turns out that thousands of birds die in this way every year. 
Lesley: So?
Alex: This is really important. I've created a petition to the government and would like you to sign it. 
Lesley: Y?
Alex: Don't u care about the birds?
Lesley: I do.
Alex: So will you sign the petition?
Lesley: What are you petitioning?
Alex: Ban on wind turbines.
Lesley: No. 
Alex: Y not?
Lesley: 'cause it's a bad idea.
Alex: But the birds are dying!
Lesley: Stop texting me. 
Alex: This is really important!
Lesley: And this is spam.
Summary: Green wind turbines kill birds according to Alex. Alex wants Lesley to sign the petition against them but she's not interested.
Dialogue: Ricky: where's my dope
Julian: fuck man don't text me about dope!! say stuff or sth
Ricky: dope dope DOPE
Summary: Ricky is asking Julian for his drug.
Dialogue: Liam: I am looking for a gift for mum for her birthday
Eva: Do you have any ideas?
Liam: <file_photo>
Eva: not a scale!! for a woman struggling with her weight, come on
Liam: Oh, right. then I don't know
Eva: Maybe a weekend in spa?
Liam: Could be!
Eva: <file_other>
Liam: That looks really good!
Eva: a bit expensive though
Liam: we could ask some other people to chip in, aunt Stella?
Eva: That's a possibility
Liam: or
Eva: ?
Liam: <file_other>
Eva: her favorite theatre <3
Liam: So which option?
Eva: I would go for the theatre tickets cause it could be just for us
Liam: Okay
Eva: <file_gif>
Summary: Liam is looking for a present for his mother's birthday.
Dialogue: Gabrielle: Look at this name, it's so funny
Gabrielle: I looked it up on google 
Gabrielle: <file_other>
Gabrielle: It's a cow 😂
Isabella: 😆
Isabella: With a baby cow 😍
Summary: Gabrielle shares a funny cow name with Isabella.
Dialogue: Maria: We're almost there guys, come down
Robert: I'm ready, but Tom isn't here yet
Tom: I'm downstairs
Robert: ok! so I'm coming
Summary: Tom is downstairs waiting for Maria. Robert is coming down.
Dialogue: Monica: <file_photo>
Tina: How beautiful <3 <3 <3 and elegant he is, Congrats again Monica
Monica: thank you! <3 how are you doing?
Tina: trying ti fit in in the jungle, weel see how it goes
Monica: fingers crossed :) i saw pics, looks good though\
Tina: man have to survive somehow :P
Monica: Aaa, so what are u doing on the daily basis?
Tina: mainly managing myself :P
Monica: (Y) and how are you feeling, are you ok?
Tina: I take care of myself
Monica: (Y)
Tina: I hope you do too. Mama is also important :P
Monica: I do I do, despite the fact the life has completely turned upside out
Tina: I can imagine
Monica: We ticked off the pediatrician this week, now the surgeon. it'sbaby acne and runny nose is killing us
Tina: My sister told that she has never got rid of this fear at the back of her head since she had her first kid
Monica: our neghbours fiance is a pediatrician, so we have instant consultations in emergency
Tina: (Y)
Tina: its going to be ok
Monica: charms of motherhood i suppose
Tina: I'm sure everything is going to be perfectly fine. All the best to your baby and hubbie
Monica: Thnks a lot <3
Summary: Monica is busy taking care of her firstborn. 
Dialogue: Pete: Did you let the cat out?!!!
Jane: Yes. Why?
Pete: You weren't supposed to let him out. He's injured and under house arrest. That's is not good enough. I thought that you're responsible! Grrrr!
Summary: Jane let the cat out. Pete is very angry.
Dialogue: Grace: how long have you known jack?
Anderson: not sure...
Anderson: maybe 5 years?
Grace: what does he do for a living?
Anderson: i dont know :-/
Grace: you don't know?!?!?! lol
Grace: you've known the man for five years!!!!
Anderson: i'm not sure what he does lol
Anderson: why do you ask?
Grace: because yesterday when we all went out he kept complaining about it
Grace: how he didn't like any of his colleagues...
Grace: how he had to travel all the time...
Grace: stuff like that
Anderson: again, i don't know what he does
Anderson: i'll ask next time i see him
Summary: Anderson has known Jack for about 5 years, but doesn't know what he does for a living. Yesterday Jack complained to Grace about his work. Anderson will ask Jack about it when he sees him next time. 
Dialogue: Paul: Hey Meg, how are your interviews going?
Meghan: Excellent! I’ve almost made it. There’s only one interview left with the Hub Director 😊
Paul: Glad to hear that! It’s cheered me right up!
Meghan: How’s your work?
Paul: Not so bad, but I’m thinking of moving on and changing it for something much better
Summary: Meghan is having interviews and they are going well. Meghan is having just one more with the Hub Director. Paul is considering looking for a better job.
Dialogue: Ben: Could you send me your recipes  pls? I need new ideas.
Joy: slice of fresh salmon plus sesame oil and soya sauce and honey
Ben: so quick ...very efficient
Joy: cod fillet, lime juice, olive oil and fresh coriander
Ben: thanks a lot. Is the weather bad in Warsaw?
Joy: i try to put some sun in it...
Joy: chicken with peanuts butter and coconut cream. Delicious with rice
Ben: super
Joy: i've got some more..
Ben: that's good for now. thanks
Summary: Ben needs new recipe ideas from Joy. She suggests salmon with sesame oil and soy sauce and honey, cod with lime juice, olive oil, and coriander, and chicken with peanut butter, coconut cream, and rice. Joy is now in Warsaw. The weather is not very pleasant.
Dialogue: Darren: Seat is the way forward 
Steven: A fake golf 😂
Marcus:  Its cheaper and nicer tho Steven
Holly: And bigger
Steven: Its a nice car :) I dunno that its bigger though...
 Marcus: It is.
Summary: Seat is cheaper and nicer than Golf, but may not be bigger.
Dialogue: Kelvin: Hey Candy. It's Kelvin This is my number
Candy: Oow okay
Kelvin: I really enjoyed hanging out with you today
Candy: Really?😂 But it was the first time we met
Kelvin: Haha yeah. 
Candy: Honestly I also enjoyed sharing time with you. Thanks
Kelvin: So you have any plans tomorrow?
Candy: Not really
Kelvin: So i guess we can meet again. But that is if it is okay with you
Candy: Definitely
Kelvin: Okay see you then. Bye
Candy: Bye
Summary: Candy and Kelvin met earlier today for the first time. They will meet again tomorrow.
Dialogue: Logan: hi guys, should we rent some bicycles for two days that we'll spend on the island?
Megan: I'm not sure, I'm ab bit afraid of cycling 
John: ahahah, you're ridiculous! how come?
Megan: I had an accident when I was a child
Ann: really, you've never told me about it
Logan: Megan, it was long time ago, you should try again, I'll help you
John: I'm sorry I laughed, we'll cycle slowly, carefully
Logan: because it's such a beautiful island to cycle through
Ann: and I'm not even sure we can drive a car there
Megan: ok, I have you word!
Logan: perfect!
Summary: Megan is afraid of cycling, because she had an accident in the past. Logan, Megan, John and Ann will rent some bicycles to cycle through the island.
Dialogue: Dominique: I must say I was shocked by Lisa's behaviour
Glesny: I wasn't 
Glesny: I know she's been through hell
Roberta: What do you mean?
Glesny: Her husband abuses her verbally and physically
Glesny: Don't tell me you've never seen her bruises
Dominique: She always said it was from her son who is hyperactive and lacks motor coordination
Glesny: Bullshit
Glesny: Have you ever seen the kid?
Glesny: He's a little angel. Very shy and peaceful. Just a normal kid...
Roberta: I had no idea about the violence
Glesny: It's been going for years
Glesny: I tried to help her
Glesny: But it's not easy
Glesny: She's trapped in her marriage 
Dominique: But what does Mrs Owens have to do with it?
Dominique: She shouldn't have shouted at her.
Glesny: I wouldn't blame her 
Glesny: This whole situation is costing her a lot
Glesny: She's on a verge of a nervous breakdown 
Summary: Lisa's on a verge of a nervous breakdown because of domestic violence she's been going through for years. That's why Glesny wasn't shocked by her behaviour when Mrs Owens had shouted at her.
Dialogue: Kevin: When are you going?
Yannick: Where?
Kevin: To the mall
Kevin: With mom 
Yannick: I am waiting for her
Yannick: She's still upstairs
Kevin: Okay
Kevin: I might go for a walk with the dog
Yannick: Ok She is coming dstairs
Kevin: K i will be back soon
Kevin: What u guys buying?
Yannick: Idk
Summary: Yannick is going to the mall with mom soon, while Kevin might take the dog for a walk.
Dialogue: Beth: heey, I heard Sanders saying smth how you're all signed up for multilingualism
Beth: i can't do it, the system won't let me
Beth: and i'm wondering if i'm the only one :(
Jade: hey, don't worry, i was only able to sign up for like 3-4 classes
Jade: one of us emailed the IT guy but radio silence since
Beth: you're kidding
Beth: i also wrote him to sign me up for my additional lectures and got ignored
Beth: i guess we all have to come up to him in person so he can do it all collectively
Jade: yeah, seems like the only option rn
Jade: btw you know which IT guy this is?
Beth: Campbell, from the applied linguistics dep
Beth: so i guess that other building
Jade: ok, i think i'll go there tomorrow if i can make it :p
Beth: just don't know which room he's in
Jade: i'll figure that out :)
Beth: which doesn't change the fact i wouldn't mind if prof Sanders threw me out of her class
Beth: cause I'm not on the list
Jade: ahahahah true!
Jade: btw did you do the homework? xD
Beth: forgot to check our inbox...
Beth: so I guess I'm not showing up tomorrow
Jade: i'm considering this as well
Beth: was it something massive?
Beth: i take my sleeping seriously after all
Jade: we were supposed to summarize some paper
Beth: nooooooo
Jade: as if there was no abstract... ;)
Beth: exactly...
Summary: Beth and Jade have some trouble signing up for classes, but the IT guy ignores their e-mails for help. Jade will go there tomorrow to see him. Beth and Jade might skip the class tomorrow as they didn't do the homework.
Dialogue: Mark: Finally, some decision!
Anna: So, what's next?
George: Yeah, Mark, make us an offer we can't refuse :P
Mark: Rotfl Stahp it!
Anna: Lol
Julia: brb
Mark: Let's talk about when!
Anna: June?
George: I can't in June. Have a lot of work then. July maybe?
Anna: July is fine by me.
Mark: Me too. Bt let's w8 4 Anna.
Anna: back. What did I miss?
Mark: Were talking bout the when. How about July?
Anna: Sure. The first or the second half?
George: First
Anna: Second
Mark: Second
Anna: Pickle.
Mark: Come to the dark side, Anna. ;)
Julia: No, Anna! Remember - solidarity of women! :P
Anna: (angry sigh)
Mark: And so it begins ;)
Anna: Let's compromise - 2nd and 3rd week of July?
Mark: Fine by me.
George: Me too.
Julia: Likewise.
Summary: Mark, Anna, George and Julia agreed on second and third week of July.
Dialogue: Jackson: I like that duo with sixtynine and nicki
Kaleigh: They're great together eh? 
Kala: Yeah I love FEFE
Kala: They're matching! 
Jackson: Their video is great too
Kaleigh: I wonder if they're going to make another clip together
Kaleigh: They great
Kala: I wonder if they're coming to Calgary for a concert
Jackson: That would be hard
Jackson: But we'll see 
Kaleigh: I just
Kaleigh: Adore them 
Kala: K Kaleigh we understand
Summary: Jackson, Kaleigh and Kala are fond of sixtynine and nicki duo and their mutual clip.
Dialogue: Mel: Did you take my jacket?
John: Yeah you left in on the chair, sorry forgot to tell you
John: I'll bring it in tomorrow ok?
Mel: Brilliant, thanks!
Summary: Mel left her jacket on the chair and John'll bring it to her tomorrow.
Dialogue: Todd: Hi, Sara.. just wondering, did you get my email?
Sara: Yes. Sorry,  I've been very busy. 
Sara: Will answer you tomorrow, ok?
Todd: Ok. tomorrow is fine;-) 
Todd: But no later, please. 
Summary: Sara will answer Todd's email tomorrow.
Dialogue: Joyce: How do you get your news
Haiden: I have different means
Joyce: Can you share some of them?
Haiden: I hear news mostly on TV
Joyce: What about when you are travelling
Haiden: I have a radio in my cellphone as well
Joyce: Do you use any app>
Haiden: Yeah I use newsify
Joyce: I have also been using that app lately
Haiden: Its pretty much good except for one thing
Joyce: What?
Haiden: The comment section is limited
Joyce: Yeah we can do only comment on a post with limited words
Haiden: :/
Joyce: At least It is a good source 
Haiden: You know some other apps?
Joyce: I will share the link of another one
Haiden: Ok waiting
Joyce: I am a bit busy right now
Summary: Haiden's news sources are TV, cellphone radio and an app - Newsify. Newsify has a downside of having limited comment section. Joyce will send Haiden a link to other app, as he was busy at the moment.
Dialogue: Richie: <file_gif>
Richie: have you seen the last episode?
Penelope: yes ;________;
Richmond: it was TRAUMATIC
Daphne: Penelope and I cried our eyes out
Richie: I hated it
Richmond: it was totally out of her character
Richmond: she would never ever do that 
Richie: srsly? I felt so bored
Penelope: :O
Daphne: bored? you must have watched a different tv show
Richmond: bored it's the last word I would use
Richmond: how can you describe killing your daughter's stalker as boring?
Penelope: and that flashback was so intense!
Richie: what stalker?
Daphne: and music gave me chillls
Penelope: Richie, what ep did you watch?
Richie: the last ep of QaF
Richmond: the UK or USA version?
Richie: uk
Penelope: LOOOOL
Daphne: <file_gif>
Richmond: dude we are all watching USA version here :DDDDDDDDD
Richie: fuck
Penelope: so now we know why your views differ so much from ours
Daphne: looks like we spoiled you the decent QaF version :D
Daphne: sorry
Richmond: I can't believe it took us three season to notice that, lol
Richie: <file_gif>
Summary: Richmond finds the last episode traumatic, Daphne and Penelope cried while watching it, while Richie finds it boring. It turns out Richie was watching the UK version, while the others were watching the US version of QaF, so they were talking about a different episode. 
Dialogue: Bob: Hi, Henry. How far you on the job.
Henry: 50% done I'd say.
Bob: Not good. You need to speed up a bit.
Henry: What do you mean. The deadline is next week.
Bob: No, it isn't. They moved it for this Friday.
Henry: You kidding?
Bob: I kid you not.
Henry: Are they out of their fucking mind?
Bob: Always suspected it, really.
Henry: No fucking way I am gonna make it for Friday.
Bob: Have faith. I know you can do it!
Henry: Sure. I'll just skip sleeping for a couple of nights.
Bob: There you go! That's what I call positive thinking=)
Summary: Henry's 50% done with the job. The deadline has been moved for this Friday, so he needs to really hurry up. He might need to skip sleeping for a few nights.
Dialogue: Mauro: mom, dad told i cant go out
Mauro: but i have to buy notebook
Mom: i will buy you this notebook, you have to stay home and read a lecture
Summary: Mauro needs a notebook. His Mom is going to buy one for him, because he has some required reading and has to stay at home.
Dialogue: Maria: Should we do some shopping later today?
Conor: for the trip?
Maria: yes, maybe?
Serena: I would go to the malls at the outskirts
Serena: where IKEA is
Jenny: right! they also have TKMaxx
Conor: oh, no I hate it!
Maria: but there is a big choice of shops
Conor: I mean TKMaxx
Jenny: Why?!
Conor: it's just like a huge second-hand
Conor: just ugly, I can never find anything interesting there
Jenny: I know, it may seems scary
Jenny: but give it a try and you may find some amazing bargains
Conor: ok, we can go there together
Summary: Maria, Conor, Serena and Jenny will go shopping to the malls at the outskirts today. They want to buy something for their trip in TKMaxx.
Dialogue: Jessica: I lost my banana bread recipe. Is it okay if I make brownies for Thursday instead?
George: I guess, but that's not really a breakfast norm, is it?
Jessica: Oh, right, I forgot it was breakfast. Now what?
George: Corn muffins? 
Jessica: I can get down with that! Do you have a recipe?
George: Heck no! I just buy the Jiffy mix!
Jessica: Cheating! LOL!
George: You know it! They are just as good.
Jessica: I could add some bacon, jalapeno and cheese!
George: That would dress them up. Brilliant!
Jessica: Great, that's what I'll do. Is there anything else?
George: Just yourself!
Jessica: I will be there!
George: Looking forward to seeing you!
Summary: Jessica will make corn muffins using the ""Jiffy"" mix for the Thursday breakfast. She might add some bacon, jalapeno, and cheese to the muffins.
Dialogue: Kate: Heading out for dinner now if anyone wants to tag along
Julia: Where to?
Kate: Bakery
Julia: I'm in! Wait up!
Summary: Kate goes to the bakery. Julia wants to join Kate.
Dialogue: Ania: Have you shown the new flat to mom and Daria? ;)
Ola: Yeah, today we went to check it out and measure everything. I want to buy a new sofa so I need to know the size. Daria said that there is a nice atmosphere, she liked the flat a lot :D
Ania: Awesome! Yeah, you probably have to order the sofa very soon
Ola: Yeah, it takes around four weeks
Ania: We were today at my friend's, she also moved in to a new flat recently
Ola: And how did you like it?
Ania: She renovated everything very nicely :) but she said she would never decide to make such a serious refurbishment again
Ola: Yeah, it's always a pain in the ass...
Ania: So it's awesome that you have everything ready to move in. Her renovation lasted 6 months
Ola: OMG! Must have been costly as well!
Ania: Yeah, I guess
Ola: And how big is her flat?
Ania: Around 40 sq m
Ola: Same as mine :))
Ania: It seemed quite spacious
Summary: Ola showed the new flat to mom and Daria today. Daria liked the flat. Ola will order a new sofa for the flat. Ania visited a friend today, who also bought and renovated a flat recently.The renovation lasted 6 months. The friend's flat is about 40 m2, just like Ola's.
Dialogue: Jim: I've been to MoMA today
Jim: there is an amazing exhibition about Yugoslav architecture
Jim: Have you seen it?
Nic: Yes, last month, this is a really beautifully curated exhibition
Jenny: Jim, I wanted to know your opinion about it, since you know so much about the region
Jenny: Is it really so well made? because for a person who knows nothing about Yugoslavia it seems quite amazing
Jim: it is extremely well prepared and presented, even for someone who knows the subject quite well
Jim: I found out a lot from this exhibition
Zac: Would you do anything differently? Do you have any critical remarks to share?
Jim: hmm, nothing really critical. I just had some ideas, what else could be presented or added
Zac: like what?
Jim: they show this beautiful project for Skopje, after the big earthquake
Jim: when Yugoslavia together with the UN prepared a huge plan to rebuilt the destroyed city
Jim: this is a project that became a part of history of architecture and urbanism
Zac: it seems so
Jim: but what is also very interesting is what happened afterwards
Jim: when they abandoned the project, criticised it and most of all the new project - Skopje 2014
Jenny: I heard it's horrible
Jim: it us a nightmare. So Skopje transformed from a city that was planned to have the best architecture in the world to a city with arguably the ugliest, most kitschy buildings
Jenny: this story sounds very interesting indeed.
Jim: yes, but maybe it would be good for another exhibition
Jenny: maybe
Summary: Jim and Nick saw the exhibition about Yugoslav architecture in MoMA. Jim finds the exhibition extremely well prepared and presented. Jim thinks architecture in Skopje could be a good topic for another exhibition.
Dialogue: Mark: And how's fifa 18 wc???
Greg: Awesome
Greg: Playing yesterday for 6hrs
Tom: I agree, good stuff
Mark: 6 h, omg, pretty long
Greg: Ellen went to her mother, so... :D
Mark: Hahahah, I know what you mean :P
Summary: Greg played fifa 18 wc for 6 hours and he finds the game awesome. Tom also recommends fifa 18 wc to Mark.
Dialogue: Rick: Hey, what up?
Diddy: Nothin much. Whatcha doing?
Rick: I was thinking about going to the baseball game today. Wanna come?
Diddy: Maybe, who are we playing tonight?
Rick: New York
Diddy: You think we can get tickets? It's always hard when they're in town.
Rick: Yeah, there'll always be some, just gotta go down and see. If not, we'll do something downtown.
Diddy: Cool. Did you see last night's game against the Royals? We killed 'em.
Rick: I just caught the last 2 innings, but I saw the Bichette homer, it was a monster!
Diddy: Yeah, one of the longest ones hit this year. I'm feeling this could be our year
Rick: Yeah, it's looking good.
Diddy: Hey, you have any Jays caps or jerseys or something?
Rick: I just have 1 cap. Didn't you have the Jays shirt?
Diddy: Yeah, but it's in the wash. I don't wanna wear a stinky tee :)
Rick: Buy something at the game then.
Diddy: Yeah, right. You know the prices there.
Rick: Anyways, let's meet up at 5 at Islington station, ok?
Diddy: Ok, but I might be late. I don't get out till 4 and then it's gonna take me a while through traffic.
Rick: Ok, no problem. I'll be waiting.
Diddy: If we have time, let's grab something to eat before the game.
Rick: Ok, but hurry your ass. See ya.
Diddy: Bye
Summary: Rick and Diddy want to go the baseball game today against New York. The last game of their club against the Royals was very good. Rick has a cap but Diddy's shirt is dirty. In case they can't get tickets they will do something downtown. They arrange to meet at 5 but Diddy might be late.
Dialogue: Ida: Can you get another ticket?
Mark: ticket for what?
Ida: the concert duh!
Mark: hmm I'll try
Mark: but it might have sold out
Ida: ok please try
Mark: sure no prob
Ida: and let me know
Mark: who's the ticket for?
Ida: my sister
Mark: ok
Summary: Ida wants to get a ticket for a concert for her sister. Mark will see what he can do about it. He is afraid the tickets have sold out.
Dialogue: Natasha: Mum's birthday is in two weeks
Joseph: I know. 
Joseph: I have no idea what to give her...
Hilda: Me neither 
Hilda: She has everything
Natasha: Maybe we should give her an experience 
Hilda: What do you mean?
Natasha: Last year for my birthday my friends took me out to do bungee jumping
Hilda: Mum wouldn't like that...
Natasha: Of course not 
Natasha: But we can think of a different experience
Hilda: Like a trip or something?
Joseph: I think mum would love a trip to Italy!
Natasha: What a great idea!!
Natasha: She loves Italy
Natasha: When did she go there last time?
Joseph: 5 years ago... I think
Joseph: Where should we take her?
Hilda: I think she really liked Venice.
Natasha: Lets do it! 
Summary: Mum's birthday is in two weeks. Hilda, Joseph and Natasha are going to take Mum to Venice.
Dialogue: Jason: Hey Emily! What did the doctor say.. What are the results of the ultrasound??
Emily: The results are quite good.. The growth rate of the embryo is normal.. 
Jason: Thank God.... What did the doctor say about the gender??
Emily: well why don't you take a guess..
Jason: ohkay... so i will go with a boy..
Emily: No way!!
Jason: Have I guessed it right???? Please say yes.. please say yes...
Emily: yes you are right.. I am expecting a boy..
Jason: Congratulations ... love you :love
Summary: Emily went to the doctor for an ultrasound. The growth rate of the embryo is normal. Emily is expecting a boy.
Dialogue: Ayla: I'm starting believing that I will be always alone hahhaa
Danny: You can always get a dildo hahaha
Ayla: Haha but I mean a real person xd And I don't mean sex. But yeah, soon or later I will buy a dildo
Danny: Maybe you should just turn lesbian haha
Ayla: No, I need a man. Not a woman
Danny: Haha
Ayla: But, unfortunately, I can't see any good one around me
Danny: Haha she can just wear a strap on
Ayla: I mean man and it's not because of any dick. Just man, not woman
Danny: Hahahaha
Ayla: But yeah, if it is still like this I will have to think about this :)
Danny: Think about what ?
Ayla: Turning lesbian
Danny: Haha
Ayla: Yep
Summary: Ayla is single and has trouble finding a boyfriend.
Dialogue: Terrence: what's new?
Sabrina: i'd say the situation is dynamic
Terrence: oh?
Sabrina: yeah
Sabrina: i got an email today that i'm to be a form teacher starting September
Terrence: wow 
Sabrina: yeah
Terrence: i mean that's great isn't it?
Sabrina: <file_gif>
Terrence: not convinced, i see?
Sabrina: i don't really know what to think about it
Sabrina: on the one hand i like workign with students and they like me 
Terrence: but?
Sabrina: but it's so fucking emotionally draining
Sabrina: every time a kid with problems comes to me i feel responsible
Terrence: does sound draining
Sabrina: yeah and i get you know pains in my chest or headaches
Sabrina: because of stress and all the emotions
Terrence: i see
Terrence: but for them u'd be like the perfect form teacher
Sabrina: yeah but only till i hold on ;)
Terrence: #fact
Sabrina: so as you can see, a lot's going on;)
Terrence: the situation really is dynamic;)
Sabrina: and how are you? 
Terrence: hahaha yeah i'm fine, absolutely ;D no problems of this sort;D
Sabrina: good for you hahaha 
Terrence: ;D
Summary: Sabrina got an e-mail today, with the offer to work as a form teacher starting September. Sabrina is hesitating whether to accept the job, as  she fears it can be too emotionally draining for her. 
Dialogue: Dave: Fancy a drink tonight?
Mikey: Nope.
Mikey: Spending this night with my lady.
Mikey: Next time!
Dave: Have fun!
Summary: Mikey is spending tonight with his lady and can't have a drink with Dave.
Dialogue: Greg: Ms. Hawkins, I believe your dog shit on my loan.
Ms. Hawkins: He would never do such a thing!
Greg: Well I saw him?
Ms. Hawkins: Do you have a witness?
Greg: No, I don't. I cleaned it this time. But don't let it happen again, please.
Ms. Hawkins: And you tell the lady who left your house at 5 am this morning to lose the hat. It's awful!
Summary: Ms. Hawkins' dog shat on his lawn, but she doesn't believe it.
Dialogue: Steve: we went to see 'Clergy' yesterday. Have you seen it?
Paul: I have.
Luke: me too. 
Luke: what do you think? 
Steve: they made so much publicity about it beforehand, and I expected god knows what.
Steve: in fact, it was not so shocking to me. 
Paul: right, but it was quite impressive.
Paul: I particularly liked the scene when they were partying and drinking hard, at the beginning.
Luke: yeah, it was good! Drinking, crazy games.
Paul: Janusz Gajos rocked as a priest. His drunken scene was a masterpiece!
Luke: yeah, respect to the man.
Steve: and the ending was shocking to me. 
Steve: the only good dude didnt end up well
Luke: sad
Paul: yep
Summary: Steve, Paul and Luke have all seen the film 'Clergy'. It was not as shocking as they'd thought. 
Dialogue: Layla: thanks for dropping me off!!
Layla: i just took a shower and I'm going to bed
Luke: r u feeling better?
Layla: 100%
Luke: ull probably wake up with a headache tomorrow
Layla: i know
Layla: i shouldn’t have drank so much
Layla: but we were having such a great time!!!
Luke: that's fine, you've learned your lesson
Layla: i learned my lessonm, I won’t overdo it next time
Luke: go to sleep and rest
Luke: good night
Summary: Layla is feeling better now and realises she shouldn't have drunk so much.   
Dialogue: John: R u watching the match?
Frank: Yep!
John: Liverpool are unbeaten in this season's Premier League!
Frank: they have 28 points! It’s the highest ever tally at this stage of a Premier League season!
John: they’ve just missed their golden chance…
Scott: Oh nooooo
Summary: John and Frank are watching the match. Liverpool has 28 points this season.
Dialogue: Jill: I'm on my way now. Be ready waiting outside, ok?
George: Ok, but is there anything to eat?
Jill: Just grab a bite of something and we'll buy something after training.
George: Ok, we'll go for fries.
Jill: Whatever you want.
George: Thanks, you're the best!
Summary: Jill is on her way. George will be waiting for her outside. Jill and George will go for fries after training.
Dialogue: Carmen: Have you seen ""Kler""? This movie about the clergy and their scams.
Jennifer: heard of it, but haven't seen it. Have you seen it?
Carmen: yeah, I went to the cinema yesterday with Joseph
Jennifer: and how was it?
Carmen: it's as controversial as they say, but there is a lot of truth in it. Not in the entire film of course, but still...
Jennifer: what do you mean by controversial?
Carmen: well...it discusses some uncomfortable matters which the clergy are often being accused of, and which some people are often trying to obscure
Jennifer: I understand...but I don't think I'll watch it, I'd rather watch something funny and pleasant instead of pissing myself off and paying for it
Carmen: I get it, but if you change your mind, you'll not regret it. It might be a heavy piece of work but it definitely forces to rethink some matters and be more careful when it comes to the real life.
Jennifer: I'll keep your suggestion in mind. How are you, btw?
Carmen: I'm quite ok, just chilling right now. Tomorrrow I'm going to university and later to work, I don't know how I'm gonna survive this :/
Jennifer: you will, we can meet later and chill a little bit, if you want.
Carmen: If I won't be dead, then with pleasure. I guess we spent an evening together like ages ago :/
Jennifer: that's how being adult looks like :P no time for anything, even for sleeping
Carmen: I think a good shopping will wake me up. Wanna go? maybe not tomorrow, but this week
Jennifer: sure, do you have anything particular in mind?
Carmen: Well, I was thinking of a new lipstick and of some dress, as always
Jennifer: Actually I need a lipstick too, sephora?
Carmen: might be sephora, but there are 3 other places we can visit to see what they have
Jennifer: sure, we'll see. Hm... I also need a notebook
Carmen: a notebook?
Jennifer: yeah, like a paper one xD you won't believe it but my dog ate the old one
Carmen: nigga what xDDDD
Jennifer: yeah, he just literally chewed it looking me in the eye
Carmen: hell no ahahahahahahah I just died
Jennifer: yeah....just regret you haven't seen it, no vine could ever beat it xD
Carmen: geez, I'm crying xD sorry but I couldn't stop it
Jennifer: no problem, now I'm crying too xDDD
Summary: Carmen went to the cinema with Joseph to see ''Kler''. Carmen thinks it is controversial but true and worth seeing but Jennifer prefers funny films. Carmen is going to university and then to work tomorrow. Jennifer suggests shopping later. Carmen agrees to go this week except for tomorrow.
","[Dima's laptop is broken, as her cat spilled coffee on the laptop. Dima is worried, because she has to deliver a translation for Trados tomorrow. Dima will come to Nada in an hour to borrow Nada's laptop. ]",11695,samsum,en,,ee982eb6556c91f207286901273a03aeab6be45fd21c70ed,117,3,1192638.902182157,"Dima's laptop is broken after the cat spilled coffee on it. She needs to deliver a translation tomorrow and is panicking. Nada lends Dima her laptop for the day, saving her from trouble.",0.3208495699800551,1.0200664449948815,62.92754304459113,0.8529411764705882
"Dialogue: Huda: going swimming wanna join?
Alex: sure.. what time?
Huda: in 2 hours 
Alex: ok i will be there then
Huda: see ya
Summary: ","Dialogue: Tori: Have you watched Avengers?
Kody: Yea
Tori:  I didnt like the acting of Hulk
Kody: He didnt play much role
Tori: What about Thor
Kody: He is cool
Tori: Yea
Summary: Both Tori and Kody like Thor movie.
Dialogue: Marty: who did you get for secret santa?
Chrissy: if I tell you, it won't be a secret anymore ;)
Marty: oh come on, i'll tell if you tell ;)
Chrissy: lol no way
Chrissy: you'll have to wait and see who was naughty or nice just like the rest of the office
Marty: lmao
Marty: fine :P
Summary: Marty wants Chrissy to tell him who she got for Secret Santa but she refuses.
Dialogue: Lee: So, not a fan of democracy, then? Well, I've heard Russia is great time this of year!
Jo: It is actually! :) Lee, democracy is not perfect system! Take Brazil as an example! Chaos!!!\
Lee: Would you like to propose a better system then? 
Jo: Yes - a republican, representative electoral system. 
Lee: Why is it so?
Jo: One there is minus the House of Lords. 
Lee: Anything else?
Jo: And one where voters take responsibility for founding out facts and standing by the decisions they make would be a great start.
Lee: What you've just described is the way the referendum was organised. 
Jo: Exactly.
Lee: So let's respect the will of majority, ok?
Jo: I don't agree with it nor i have to like it.
Lee: That's your right to have your own opinion. 
Summary: Jo believes republican system is better than democracy.
Dialogue: James: Miss Smith, are you there?
Sarah: Yes, James. What's the matter?
James: I'm afraid there's a problem with my essay.
Sarah: Oh?
James: Well, our history teacher told us today that we're having a big test tomorrow. It's a bit unexpected
James: Could I send you the essay one day later?
Sarah: Ok, but make sure I get it by Friday! 
James: Of course, thanks so much!
Sarah: No problem. :)
Summary: James asks Sarah if due to a big history test tomorrow he can submit his essay one day later. Sarah agrees.
Dialogue: Benjamin: <file_gif>
Benjamin: what's up?
Jake: <file_gif>
Benjamin: a lot of work today?
Jake: ofc
Jake: :<
Benjamin: cool
Jake: i don't think so
Jake: i'd prefer to go for a walk or sth
Benjamin: no problem finish work and go
Jake: right...
Summary: Jake has a lot of work today. He would prefer to go for a walk.
Dialogue: Austin: just missed the bus
Austin: next one is in 15 min
Calvin: should we wait?
Austin: start without me
Austin: I'll join you afterwards
Calvin: ok
Summary: Austin has missed his bus and has to wait 15 min for another one. Calvin will start without him.
Dialogue: Corina: Are you at the airport?
Regina: sure, waiting for K
Jorge: Good! we'll meet at the arrivals then
Regina: nice!
Summary: Regina and Jorge are at the airport waiting for K. They will meet at the arrivals.
Dialogue: Eric: Trying to get a rough head count for paddle boarding next weekend  in Manzanillo with my friend Tom. Once I have a rough head count I can get some pricing.
 Summer: Count Alex in too!
Eric: If we get 1 more person we get the price down to $40/pp
Eric: ok i count 9.
Kieran: sorry, I am out, going to head to Manuel Antonio instead
Eric: Tom is making an interesting proposition. Raise your hands if you would rather kayak up the estuary than paddle board?
Val: I could be interested in kayaking!
Eve: i'm ok with either paddle boarding or kayaking tbh ;)
Summer: What day are we thinking for this?
Eric: Its happening tomorrow
Val: is it kayaking or paddle board at the end?
Eric: Mostly paddle boarding. There will be a couple kayaks. I love kayaking so I can take one of them ...
Val: OK, can I still join in?
Summer: Are we taking the car? 
Eric: Si. I'm going to rent a quad. I think Gery might too. So between us all we should have enough transportation.
Eric: I'll check @Val
Val: thanks
Val: So is it okay for me? And what time is it tomorrow?
Eric: Si. We depart at 1:00
Val: Thanks!
Eric: We depart at 1:00
Eric: Gonna be a fun day guys :)
Val: Can you pick us up at the corner house?
Eric: Sure thing. 
Summary: Eric is making sure how many people are keen on paddle boarding and kayaking next weekend in Manzanillo. Tomorrow, Eric is going to pick Val and some other people at the corner house. They are going to have a fun day.
Dialogue: Natalie: are you still going to Thailand?
Jason: yeah, next week as planned
Jason: why?
Natalie: could you buy me some spices?
Natalie: I can't find anything similar here
Natalie: and I really like those
Jason: sure, if you'll send me all the names
Jason: you know, I'm not very good when it comes to remembering those
Natalie: of course, I will take pictures of the ones I have to make it easier
Jason: great and just to be sure remind me about that in two weeks or so
Jason: I might have other things on my mind and I tend to forget things easily :)
Natalie: that shouldn't be a problem :)
Summary: Jason is going to Thailand next week. Natalie will send him pictures of the spices she wants him to buy for her. Then she will remind him about it in two weeks.
Dialogue: Vivian: hello guys
Vivian: it wouldn't be a surprise if I told you that Christmas is coming
Vivian: as we all know, it's the time when people are generally more kind and generous to one another
Vivian: I thought that we could try to do something good for some homeless people
George: Are you thinking about fund-raising?
Vivian: not exactly. I was thinking more like collecting items like blankets, warm clothes, toiletries and other basic necessities
George: That's better, people would rather give some things away than donating money
Ruth: That's true, people tend to be prejudiced against fund-raising, and so am I
Ruth: But I've got many redundant things in the attic, mostly clothes
Vivian: that's exactly the point, Ruth. and your example perfectly reflects my intentions
George: Actually, I can check in my attic too. I guess my mum's put something in there
Jack: My attic is a real 'blanket paradise'
Jack: I've always wondered why my parents put all those blankets there, some were even hardly used...
Vivian: you see? each of us is able to help.
Vivian: there're so many things that we consider useless but which may actually improve some people's lives
George: All right! Let's help the homeless then :)
Ruth: I'll try to convince some more people
Vivian: Terrific :)
Summary: Vivian wants to collect various items for homeless people before Christmas. Ruth, George and Jack will contribute with whatever they find relevant. Ruth will convince some more people. 
Dialogue: Anna: hello, Jessica I got your name and number from Pat Smith, she told me you do some babysitting for her
Jessica: Hello, yes I do 
Anna: I want to talk to you about maybe sitting for us. we have two boys Jenson and jack 3 and 7. what is your rate?
Jessica: oh yes that be great!! I charge 10 dollars a hour. I go to university but most evenings im free!
Anna: would you happen to be free this Friday?
Jessica: yes, what time where you thinking?
Anna: maybe you could come 5pm so that way you can meet the boys and I can show u around and we can meet and talk little 
Jessica: yes that would great with me! 
Anna: Great! also how late is to late for you? we have spare room so u r more then welcome to stay over if you are ok with that 
Jessica: where do you guys live?
Anna: off 1-35 in berry creek
Jessica: oh actually I live here too hahah so its perfect! 
Anna: no way! hahah ok great well we can go over everything Friday! thanks again!
Jessica: no problem! see you Friday 
Summary: Jessica will come over to Anna on Friday at 5 pm to meet and talk about babysitting for Anna's children. She charges 10 dollar per hour a lives at off 1-35 in Berry Creek, and Anna lives there, too. 
Dialogue: Olivia: omg I just saw the news are u guys ok????
Tara: yes we're fine
Vinnie: my garden is destroyed but we're all fine
Olivia: omg THANK GOD I was so worried
Summary: Olivia just saw the news and was worried. Tara and Vinnie are fine but his garden is destroyed. 
Dialogue: Albert: Hey guys, I've got something for you
Aldrich: what is it now?
Alfred: I bet that it is another porn video
Albert: <file_video> 
Albert: watch this shit
Aldrich: I don't know if I have enough courage
Alfred: me neither
Aldrich: omg seriously
Alfred: are you watching it?
Aldrich: I didn't know that an aligator can dismember a person so fast
Alfred: hah, damn nigga had it comming
Albert: XD me too
Aldrich: where do you find all those videos Albert? 
Albert: I can't tell you, I would be prosecuted for it
Aldrich: 991 I have an emergency
Albert: Bite me xd
Summary: Albert sends Aldrich and Alfred a video of an alligator dismembering a person. 
Dialogue: George: <file_other>
George: wtf XDD
Pete: lol
Pete: what the fuck ae you reading man?:D
Matt: hahah some people do have imagination xD
George: i was just checking sth in a dictionary
Pete: yeah things like that are always one click away XD
Matt: lol
Summary: George shares some funny stuff with Pete and Matt. He was just checking something in a dictionary. 
Dialogue: Danny: Hey...
Hilary: :) ciao!
Danny: Have you heard from Jake?
Hilary: He's in a hospital...
Danny: What???
Jason: I've just came back from the hospital.
Hilary: ?
Danny: Why did't you tell me?!
Jason: Well, I figured out that something was wrong in the afternoon, he didn't texted me for few hours... Then, they called me from ER.
Hilary: Poor thing... It must've been shocking for you!
Jason: I was terrified. He fainted on his way home.
Danny: Da fuck! What happened?
Jason: Apparently, he had some kind of metabolic disorder... 
Hilary: Diabetes?
Jason: Nope, I don't remember the name, something with sugar intake, but not diabetes.
Danny: Is it serious?
Hilary: When he can go home?
Jason: Well, he just needs to follow a special diet and he can't skip the meals.
Danny: He must be devastated, he lives off McDonalds and KFC.
Hilary: I told him million times he needs to  change his food habits. 
Danny: When he can go home?
Jason: IDK, in a couple of days, he needs to get some other check-ups.
Hilary: I hope not gastroscopy... I did it once and it was horrible.
Hilary: <file_gif>
Summary: Jake fainted on his way home and he is in the hospital. Jason visited him after ER called him. Jake had some metabolic disorder related with sugar intake and he needs to change his food habits. He will go home in a couple of days after some other check-ups.
Dialogue: Kate: Mom, you there?
Carol: Yeah, honey, what's up?
Kate: Where's dinner?
Carol: There's no dinner, I didn't have time, just order what you want, money is on the counter
Kate: Dope! thanks mom
Summary: Kate's mom had no time to prepare the dinner, so she left her money on the counter to order something.
Dialogue: Mr Dolloway: Dear passengers, I have created this WhatsApp group to communicate with you regarding the forthcoming trip to Tenerife.
Mrs White: That is a wonderful idea, Mr Dolloway.
Mr Dolloway: Thank you, Mrs White. I will be using this channel to communicate the latest updates.
Summary: Mr Dolloway made a WhatsApp group to talk about things relating to the Trip to Tenerife.
Dialogue: Ezra: hey i just realised something
Carson: what
Ezra: im Ezra Miller, The Flash... XD
Carson: are you kiddin' me :/
Ezra: the fastest man alive B)
Carson: go to sleep dude its 3 in the morning
Summary: Ezra jokes about him being the Ezra Miller, the fastest man alive. Carson doesn't appreciate the joke in the middle of the night.
Dialogue: Ala: Hey, there was no bread, I only bought some bagels.
Jacek: Hm, do we have some eggs at home?
Ala: Yeah, we have a few.
Jacek: So no problem, we can eat them for breakfast :)
Summary: Ala and Jacek are going to eat eggs and bagels for breakfast.
Dialogue: April: what’s your decision regarding the test?
Thomas: what test
April: the one some of you wrote later 
Thomas: ooooh
Richard: didn’t we get the grades yet?
April: of course you didn’t
Richard: ooops..
Richard: how did we do?
April: I’m sure u did great
Richard: I see I see
Richard: how bout we forget about it then? :D
April: what about the rest of you?
Mary: hmmm... not so well then?
April: Don’t know. Haven’t checked yet
Mary: no risk no fun
Mary: check mine please :D
April: <gif_file> 
Mary: <3
Summary: Richard, Thomas and Mary wrote a test. April hasn't given out grades yet.
Dialogue: Jack: Wanna play some game tonight?
Zack: Yup. I have time tonight.
Jack: Cool.
Jack: I haven't been online for a month now.
Jack: Shame that mature life gets you so fast
Zack: Yup. Mature life at 25
Zack: It's surprising we're not married and don't have kids by this time :D
Jack: Hahah. Please don't even say it.
Jack: I can't afford a kid right now. 
Zack: Hahaha.
Summary: Jack and Zack will play a game tonight, they complain about being an adult.
Dialogue: Kingston: shall I take your books, Rich?
Rich: yes, pls
Kingston: ok
Dev: 5 at Starbucks, right?
Kingston: yes, see ya!
Summary: Kingston, Rich and Dev are meeting at Starbucks at 5.
Dialogue: Katherine: 3pm at my place
Anne: I'm on the way already
Philip: Me and Joan as well
Katherine: 👍 just perfect
Summary: Katherine, Anne, Philip and Joan are going to meet at 3 pm at Katherine's place.
Dialogue: Max: What time will you be home?
Julia: Today? I don't know
Max: Really? 
Julia: Yeah ... lots of things to catch up in work 
Max: Oh well ...
Julia: I'm really sorry! 
Max: No worries, I will make dinner and wait for you.
Julia: You're the best! 
Summary: Julia has a lot of work to do and she will be home late. Max will prepare the dinner and wait for her.
Dialogue: Eric: Workout today?
Adam: nope :/
Eric: Come on
Adam: im sick man, on antibiotics :/
Eric: You? Sick?
Eric: Hard to believe
Summary: Adam is sick and won't be able to exercise with Eric today. 
Dialogue: Pat: Why not?
Norrie: He says it's either the garage or the fridge.
Lynn: Ouch. That really is a toughie.
Pat: I told mine that he can keep the equipment in the garage, but not the bugs.
Norrie: And what did he do?
Pat: I don't know. But there are no bugs in the house :)
Lynn: Are you absolutely sure? Maybe he found a secret place to hide them?
Norrie: Yeah. And u don't know about it ;)
Pat: Don't do this. Now I'll be wondering all day and night.
Lynn: Nah. Probably keeps them somewhere else.
Norrie: So what are we going to do about them?
Pat: Don't' know. I'm letting mine have his pleasures, but he has to respect mine.
Lynn: And does he?
Pat: Well, he does, but doesn't understand them.
Norrie: I think I'll tell mine that's it with the fishing and that I'm fed up with him not helping around the house.
Lynn: And you think that'll work?
Norrie: Well, he doesn't go out with the guys anymore, does he? ;)
Pat: That's devious!
Summary: Norrie is sick of her partner keeping the bugs in their house. Pat lets her partner keep the fishing equipment in the garage, without the bugs. Lynn suspects they might be somewhere else in the house.
Dialogue: Krista: Why no one is following me on Instagram??? 
George: You have instagram? 
Krista: Yes! 
Anne: Haha finally! 
George: I never go on it, but I will follow you 
Krista: You better follow 
George: 🤵🏾👍🏾
Summary: Krista has finally set up her Instagram account. George is going to follow her.
Dialogue: Anna: where are you lost?
Ema: here only where will i go?
Anna: why aint you joining us for girly parties?
Ema: just been busy with school and job
Anna: job? your working?
Ema: yes during weekends
Anna: wow! super girl how do you manage
Ema: by missing girly parties
Anna: awww  why are you working.. its time to enjoy
Ema: i need money that why
Anna: aww.. is everything ok?
Ema: oh yes absolutely!! its just that i want to start my own business after graduating from university.
Anna: wow.. you amaze me every time i talk to you, you are so ambitious
Ema: thank you, i have very long plans and as for enjoyment and parties are concerned i would better have them with my business associates.
Anna: i am so inspired! wish you all the happiness and success
Ema: thank you
Anna: you always score high in the class you sacrifice your social life to be independent how do you keep yourself motivated?
Ema: i just think about my established business and hi-class future
Anna: hmm.. i would try to do that too :)
Ema: :) i wish you luck too
Anna: thanks
Summary: Ema is busy with school and work. She is missing out on girly parties. She is saving up to start her own business after graduating. Anna is amazed and inspired by this. Ema finds motivation in thinking about her future. 
Dialogue: Ari: Hi, you busy today?
Ian: I'm in a meeting
Bruce: in Manchester till Wednesday
Ari: Ok, want to meet over to discuss the case?
Ian: I can meet tomorrow, have to rush home now
Bruce: call me tomorrow if you meet
Ari: It's okay we can wait for you and meet on wednesday
Bruce: did you have a chance to talk to the client
Ari: I called them yesterday but Oliver was busy. I'll meet him on Friday morning.
Ian: Theyre not in a hurry
Ari: No but it would be great to close the deal this month...
Bruce: unreal :)
Ari: I know
Ian: Hanson is crazy about the deal he wants it closed NOW
Ari: So why isnt he helping?
Bruce: ask him :)
Ari: I really should...
Bruce: I'll ask on your behalf :)
Ari: Yeah... thanks friend ;)
Ian: Ari let's meet for a lunch tomorrow
Ian: 1pm?
Ari: Let's meet after lunch. I dont want to think about Hanson while eating...
Ian: ok :)
Ari: I'll give you a call tomorrow morning
Ian: ok. maybe we should invite Hanson?
Ari: lol
Summary: Ian is in a meeting. Bruce is in Manchester till Wednesday. Ari will meet the client on Friday morning. They all need to meet to discuss the case. Ian and Ari will meet tomorrow after lunch.
Dialogue: Stacy: hey Tim
Stacy: I have a question :)
Tim: hi both
Tim: shoot
Stacy: me and Melissa would like to visit you in Berlin next week
Melissa: correct!
Tim: sorry girls but I'm away that weekend! :(
Stacy: oh noooo
Melissa: maybe the weekend after that then?
Tim: I'm home then, fine with me :)
Stacy: all right
Stacy: we'll discuss this with Mel
Stacy: and we'll let you know ok? and thanks my lovely!
Tim: I'll be honoured to have you here, come any time :)
Tim: and just let me know
Summary: Stacy and Melissa want to visit Tim in Berlin. Tim is away on the next weekend but will be home on the weekend after.
Dialogue: Irwin: Damnit, I left my backpack at your place
Irwin: Can I come and get it tomorrow afternoon?
Jeremy: No problem homie, it's safe here
Irwin: Sweet, thanks! I don't know what's wrong with me, dude
Irwin: This is not the first time I forget my stuff
Jeremy: Maybe you've a crush on some chick
Irwin: Bullcrap Jer, I don't need any more worries
Jeremy: So I dunno, but being forgetful isn't the end of the world
Irwin: You sound like my mother, but appreciate your positive thinking
Jeremy: I'm the last dude to be a wet blanket though
Irwin: That's your greatest virtue
Summary: Irwin will come and get his backpack from Jeremy's tomorrow afternoon.
Dialogue: Alexander: That was a great photo you posted on your account today.
Daniel: Thank you, Highness. It was very kind of you to comment on it.
Alexander: I expect to come to Warsaw next month. Would you be available for lunch on say the 6th?
Daniel: Yes, Highness. It will be great to see you again, and to hear about your agricultural projects.
Alexander: I have also taken up photography, and would be grateful for some pointers
Daniel: I will be glad to be of service, Highness.
Alexander: I have a Canon. Do you like Canons?
Daniel: Yes, I am a ""Canonite"" myself, Highness. It will be easy for me to show you around what your camera can do.
Summary: Alexander will come to Warsaw next month so he'll see Daniel for lunch on the 6th. Daniel will share his knowledge on Canon camera with Alexander.
Dialogue: Dagmar: <file_gif>
Waldemar: <file_gif>
Dagmar: I'm really not in the mood for working today 😩
Waldemar: I'm feeling exactly the same.. 💤
Waldemar: I need to take out Teresa first for a walk..
Dagmar: 🐶❤️👍
Summary: Dagmar and Waldemar are not in the mood for working today. Dagmar suggests sleeping, but Waldemar needs to take Teresa for a walk first.
Dialogue: Artur: Good news guys, 12th will be a holiday
Monika: 200% and food <3
Damian: Yea, everyone is already talking about it. Has it been confirmed?
Artur: 100%. Just that it is unknown if shops will be open
Zbigniew: But why?
Artur: So that you could celebrate 11th
Zbigniew: My birthday <3
Artur: A birthday present costing Poland 4 billion, but hey
Damian: Fuck your birthday, it is POLAND'S BIRTHDAY
Zbigniew: Fuck Poland and love me
Artur: Who actually gave a day off, Zbigniew or Poland? :O
Zbigniew: Me, ofc
Damian: So what, first we go to the march, get wasted and after party at Zbigniew?
Zbigniew: Exactly. The president is also invited :D
Summary: Artur is happy that the 12th is off. Zbigniew has his birthday on the 11th. Damian suggests they go to the march and then meet at Zbigniew's.
Dialogue: Faith: Hey.
Faith: When are you coming home for Christmas?😊
Tony: Hey.
Tony: I have an exam on 21st so I will come on 22nd
Faith: Can't wait.
Tony: Really?Tell me you have missed me😔
Faith: You just have no idea how i have😍
Tony: Okay. I won't disappoint then.
Summary: Tony will come home for Christmas on the 22nd after his exam. 
Dialogue: Jill: I will be late
Hubert: again? 
Jill: just one last time, I promise 
Summary: Jill will be late.
Dialogue: Irene: You know...
Irene: I have a big problem
Jonathan: Eh? What is it?
Irene: Yesterday I met up with a friend and she told me she was getting married soon
Irene: The wedding is in another city, though, pretty far away
Jonathan: Huh...
Irene: I was shocked, I didn't even know she was engaged. We haven't kept in touch, really
Irene: So I didn't know how to behave and I implied I would be there but now I don't really feel like it
Irene: I feel so stupid, if I had said I wasn't sure I could come, it would be easier to say no now
Jonathan: Yeah, I can see your point... why don't you want to go, though?
Irene: It's just that... I have no one to accompany me AND I know none of her friends
Irene: Since it's so far away, it's not like I'll be able to just leave any time if I feel uncomfortable
Jonathan: That's true
Irene: And really, first she didn't tell me she had a boyfriend, then she didn't tell me she'd got engaged... I don't know
Irene: I haven't even met her fiance... it feels awkward
Jonathan: What? You haven't even met him?
Irene: Yeah, I don't even know what he looks like
Jonathan: I can't blame you for not wanting to go, then, I mean you're supposed to be friends, so it is sort of weird. Don't feel bad if she didn't even bother to introduce you first
Summary: Irene has been invited to a wedding but is unsure if she would like to go. 
Dialogue: Elvis: Bro where are you? The girls are here already
Kelvin: I'm stuck in traffic man but i should be there in 20 minutes.
Elvis: Okay. but hurry!
Summary: Kelvin is stuck in traffic, he should arrive in 20 minutes.
Dialogue: Tom: I gotta tell you all that I don't like the first years from our floor
Yann: You mean these lame people from the end of our floor? 
Tom: Yes
Thomas: Whats wrong with them 
Tom: They're so annoying
Tom: You know such clicks
Tom: I tried to kinda talk to them in the lounge
Yann: They seem like they wanna stick together 
Yann: Like so fast tho, they're forming a group
Maddie: I tried talking to them too
Maddie: very childish in a way, take group pics all the time in the courtyard 
Yann: Lame... 
Maddie: Yeah like I didn't have a problem fitting in but
Maddie: They're just such clicks and like ignore others 😡
Jamie: I was part of their group chat 
Jamie: And when Benjamin wrote that they're going to Walmart to get some stuff
Jamie: I said I'd join and no one replied after that
Jamie: Apparently they formed a new group chat without me 
Tom: WTF? 
Jamie: Like im not lying
Yann: K we're lit without them haha 
Tom: Right on! 😘😘
Summary: Tom, Yann, Thomas, Maddie and Jamie dislike their neighbors. The neighbors excluded Benjamin from the group chat.
Dialogue: Holly: Look, if you can't make it, at least have the decency to write the guy an email explaining why, because I'm tired of listening to him go on about how we're all doing badly...
Penelope: Well tell him I cannot send anything to him right now due to an extremely difficult situation that he will soon learn about, if he hasn't already.
Holly: why can't you send it to him via mail?
Penelope: ... because I am in a different country with no books, no laptop
Holly: no internet?
Holly: i know you're in Berlin, just send him an email
Holly: saying that you won't be here
Penelope: Ok.
Holly: thanks,  he was just really getting on my nerves.
Holly: And i hope things sort out well for you x
Penelope: Thanks.
Summary: Holly needs Penelope to send him an email that she won't be here. Penelope is in Berlin and has a limited access to books and a laptop.
Dialogue: Ann: please, not Egypt
Jorge: why not?
Ann: it's so banal
Ann: real tourist industry
Ann: kilometres of hotels, nothing genuinely local
Peter: true, I'm not excited either
Lena: but it's cheap
Lena: the sun we can afford, hahah
Ann: but I think there are some other options that are not extremely expensive
Lena: like?
Ann: The Canary Islands?
Ann: and I don't want all-inclusive
Lena: and I don't want to think about anything, just rest
Ann: so maybe we should split?
Lena: I think it's a good idea
Summary: Ann and Peter won't go on holiday with Lena and Jorge because they have different expectations. 
Dialogue: Kelsey: Cyrus  alright looks like we need more dark chocolate
Cyrus: Dark chocolate flavored olive oil let’s do it
Kelsey: I was thinking more along the lines of blueberry flavored salmon actually
Michael: Sonia how i feel after eating popcorn last night lol
Sonia: Michael no wonder you have had 4 cups of green tea
Michael: Hahahaha you know me too well
Michael: And no coffee hahaha
Vicky: Michael Sonia how I feel after having chips today!
Michael: That was all your fault Vicky . You told us it would be okay to eat it hahaha
Vicky:  Michael  technically it’s a vegetable!
Summary: They joke about unhealthy eating habits.
Dialogue: Emily: I passed my driving test :)
Rachel: Woooooooooooooooow!! :) when??
Emily: Tuesday :)
Rachel: Nice! I am so proud of you! :))))))
Emily: Thx! Xx And when is yours?
Rachel: next Wednesday, so i’m still practising.......... but i’m so scared, i dont think ima pass * wish me luck
Emily: Don’t panic! Keep on the hard work girl<3
Rachel: <333
Summary: Emily passed her driving test on Tuesday. Rachel's driving test is next Wednesday.
Dialogue: Tim: Happy birthday!! :-)
Gina: Thanks, Tim :-)
Tim: Any special plans?
Gina: I'm off to Jamaica today!
Tim: Wow!
Summary: It's Gina's birthday. She's travelling to Jamaica today.
Dialogue: Marcin: What's going on there Ala? Mom is going to win today?
Lech: <3
Marcin: Will it be a good change?
Ala: I hope so, because I am sick of these elections
Ala: A good change would be no change in this case ;)
Lech: Better leave mommy in power, we might need her :D
Ala: For now it seems to be going well, although it is only according to the exit poll. But she has over 50% there
Marcin: It will be over in the first round ;)
Lech: I hope we will be invited to the party after haha
Summary: Mommy is probably going to win the election in the first round and keep her seat, which is good.
Dialogue: Cameron: I gotta tell you now, cause it’s gonna be too late. I got an email from sociology professor, we gotta be ready with this presentation 10 min before class, he has to hear it first and then we can speak in front everyone
Jules: You gotta be kiddin me! Why?
Cameron: important subject, he doesn’t want any bullshit
Kelly: Well, understandable, I’m ok with that
Jules: not that I’m not, just gotta have some trust man
Kelly: hahaa after what we did last time?
Kelly: Please:D 
Cameron: Agreed with Kelly, we fucked up, there's not trust anymore:D just raw data
Summary: The sociology presentation must be ready 10 minutes before class for the professor to hear it before it's presented.
Dialogue: Anna: <file_photo>
Anna: what do you think?
Meg: woow, it looks delicious!
Elisabeth: did you make it yourself?
Anna: Of course! Real Italian spaghetti carbonara!
Elisabeth: Looks really yummy! 
Elisabeth: May I visit you? ;)
Anna: no problem, anytime! :)
Anna: pop in, will be lovely!
Meg: thanks, Anna! Maybe tomorrow?
Anna: Sure!
Summary: Elisabeth and Meg are impressed with Anna's cooking and are keen to try it out.
Dialogue: Charity: <file_photo>
Gilberto: More :p
Charity: <file_photo>
Gilberto: Hmm so I see yuk take lots or selfies but you only select a few to send me
Charity: Hehe no. It's true I take some of them. But there is no point to send all of them hehe
Gilberto: Why not? I wouldn't mind
Charity: Ok
Gilberto: Haha. So I'm waiting for the rest :p
Charity: I don't have more
Summary: Gilberto is eager to get more selfies from Charity.
Dialogue: Sally: when Goran is coming to UK?
Mark: next month i think
Sally: how is he travelling?
Mark: by train
Sally: who is going to meet him at Victoria's station?
Mark: me, don't worry
Summary: Goran is coming to the UK by train next month and Mark's going to meet him at Victoria's station.
Dialogue: Hunter: Teacher asked me to inform you that would be doing final year project with Ethan
Alexa: Did she say something else?
Hunter: Nope Nothing
Alexa: Whom you are doing the project with?
Hunter: I am in Emma's group
Alexa: Hope to see something interesting at the Exhibition
Hunter: Well we have'nt decided yet
Summary: Alexa will be doing final year project with ethan. Hunter is doing the project in Emma's group. Alexa hopes to see something interesting at the Exhibition.
Dialogue: Andrew: so what's the plan for today?
Andrew: therapy? 
Andrew: work?
Andrew: school?
Diana: ah yeah all of it
Diana: therapy at 12
Diana: school in the afternoon
Diana: and work before noon
Diana: today it's home office again
Diana: I need to prepare the classes and do some translations
Andrew: i see
Diana: yeah. you?
Andrew: oh i have a few meetings today but they're like 15-30mins long, so no big deal
Andrew: the problem is i have a sore throat so i can't really talk
Andrew: i'm just hoping they will do the talking and i'll just do the clicking XD
Diana: hahaha boss style :D
Andrew: well someone needs to be the boss right??:D
Diana: they'll go like 
Diana: oh now he's not saying anything!!
Diana: does it mean it's crap?? i must mean it's crap!! xD
Diana: shit i don't want to get fired!
Andrew: hahaha i'm not THAT kind of boss, come on! ;d
Diana: yeah I've seen you in action once, that's enough for me ;D
Andrew: hahahaha :D
Summary: Andrew's got a sore throat. He has some meetings and hopes he won't have to talk too much in them. Diana has to work at home to prepare classes and translations before noon, then she goes to therapy at 12 and in the afternoon she has school. 
Dialogue: Alan: Is anybody of you going to be at the opening of the new theatre?
Bill: I doubt, I really hate this kind of things
Alan: Me too, but we participated in the project, we have to send somebody
Bill: Please, not me.
Bill: I've barely slept last nights, there was so much work with closing everything before the opening 
Alan: Yes, I think they rushed too much with all of this
Bill: Sure, but you know what was there reason, don't you?
Alan: What do you mean?
Bill: The electoral calendar! They want to show off
Alan: Sure, but there may be many defects in the construction I'm afraid.
Bill: Luckily it's not our responsibility
Alina: I can go to the opening, I don't mind it at least
Alan: great, you're saving our good reputation!
Alina: No problem, I'll also take my family
Alan: even better, a little crowd from our company!
Summary: Alina will go to the opening of the new theatre in representation of the company. They have worked very hard because the theatre had to open before the upcoming election.
Dialogue: Kate: I haven't been on FB for a week! Missed anything? No, don't think so.
Ben: I have to try it.
Dan: We sold our house and we'are moving to Canada!  
Kate: really?!
Dan: of course not! silly!
Kate: oh! x
Gina: i can't imagine it! i need it in my life!
Kate: it's good to have a break
Oliver: i left FB for a month but here i am again! haha! ;)
Anna: can't go without it!
Summary: It is good to sometimes take a break from Facebook but hard to stop using it whatsoever.
Dialogue: Mike: Suzie Suzie
Suzie: hm?
Mike: go out with me
Suzie: :*
Mike: I'm serious
Suzie: I'm severus
Mike: we can watch harry potter and eat sushi
Suzie: you're sweet but... Sorry no!!
Summary: Mike wants to go out with Suzie but she refuses.
Dialogue: Jake: forgot keys. U home?
Noah: nope. at 4. 
Jake: ok
Summary: Jake forgot the keys. Noah will be back home at 4.
Dialogue: Charles: guys, we're forming a band!!!!!!
Martin: what are you talking about man :D
Charles: a fucking band man, guitars, drums, keyboard and off we go!
Daniel: ok, but are you playing any instruments? I'm playing a guitar as you know, but I guess it's not enough for the band xD
Martin: yep, and the vocals :P
Charles: you always know how to destroy childhood dreams...I'm gonna cry
Martin: xDDDDDDDD
Daniel: oh c'mon...but seriously, why such an idea?
Charles: listen
Charles: Daniel knows the guitar, I know THE DRUMS perfectly ( yep, a secret weapon of mine), Martin can be a singer and we can always find a drummer
Charles: why not to do it? are we gonna spent the entire university drinking and banging?
Daniel: actually...it's not that stupid
Charles: you see!!! let's do it
Martin: have you ever heard me singing? I sound like a dying whale
Charles: you're exaggerating, I've heard you once or twice and I liked it, so don't fuck with me
Martin: ok I'll think of it
Martin: but wait...you're playing drums???????? :o
Charles: there are still a lot of things you don't know about me B-)
Summary: They might form a band. Daniel will play the guitar, Charles will play the drums and Martin will sing. They will need to find one more musician .
Dialogue: Kailey: <file_photo>
Kailey: so i guess that's the end of my good day ;/
Cristina: whaaaa
Cristina: what a nuisance!
Kailey: yeah, right?;/
Kailey: i blocked him on fb, on messenger, whatsapp
Kailey: last week i added him to the black list on my phone
Cristina: shit
Cristina: don't you think sth should be done about it?
Kailey: what do you mean?
Cristina: idk. have you told Misch?
Kailey: not about this one. 
Kailey: last week i did
Kailey: he asked me if i wanted him to call him
Cristina: and?
Kailey: I don't know.. do you think he should?
Kailey: I really don't want to drag him into this
Cristina: K, he's your husband! He's been dragged the moment you married him 7 years ago! ;D
Kailey: well, maybe you're right
Cristina: sure i am! tell him
Kailey: and then what?
Cristina: i don't know
Cristina: he'll probably beat the shit out of him xD
Kailey: exactly... i'm not sure if it's the right thing to do
Cristina: K, you've told him like a thousand times to fuck off
Cristina: and obviously he doesn't get it
Cristina: maybe it's the only way
Kailey: ouf... ok. i'll tell him tonight. i'll let him decide what to do
Cristina: that's the spirit!
Summary: Kailey has a stalker. Kailey's husband of 7 years, Misch, will contact the man to get him to stop but Cristina and Kailey worry Misch might beat him up.
Dialogue: Fay: Hello! Collecting orders for the new calendars, anyone interested?
Olivia: Me! Two please, Karen's OOF today
Nate: One for me, thnx!
Mike: No, thank you
Summary: Fay is taking orders for the new calendars. Olivia and Nate are interested. Mike is not.
Dialogue: Will: hi, where are you?
Tommy: on the bus to Boston
Will: mega?
Tommy: yes
Will: me too!
Will: When did you leave?
Tommy: 12.40
Will: pity, we've just left
Tommy: I know, Peter told me that you're taking the bus at 13.40
Marie: But I am on the 13.40 bus as well!
Marie: Will, are you upstairs?
Will: I am, in the front row
Marie: I'm coming in 5 min :)
Summary: Tommy is on the bus to Boston. Tommy took a bus an hour before Will. Marie is in the same bus as Will. Marie and Will are going to meet upstairs in 5 minutes.
Dialogue: Brandon: Mom, I forgot the keys!
Mom: Grrrr...again?
Brandon: I was leaving so fast, I didn't want to be late for school.
Mom: Well, I'm already on my way to work. 
Brandon: So what now?
Mom: Come by my work after school to pick it up.
Brandon: How will I find you?
Mom: Just write me when you get to the reception. I'll come down.
Brandon: Ok, thanks. Bye.
Mom: Bye
Summary: Brandon will write to Mom when he gets to the reception.
Dialogue: Alan: Did you see that accident on you way to work?
Kev: I did. Though I wish I hadn't.
Alan: It must have been some crazy kid who had got hold of his dad's car and lost control of it.
Kev: Who knows.
Alan: The car is a total write-off. 
Kev: Good for nothing. 
Alan: There was an ambulance. I wonder if it was as serious as it looked.
Kev: They'll talk about that in the local news, for sure.
Alan: Maybe it will be a warning to some daredevils.
Kev: I don't think so. If you're nuts about speed, there's nothing that can stop you.
Alan: There is. Another car, a tree, a lamp post...
Kev: I didn't mean that.
Alan: I know. Anyway, I'm wondering if the traffic jam has eased off. Lots of people from the office must be stuck there.
Kev: I'm still alone in the room. Blissful peace and quiet :-)
Alan: Enjoy while you can :-)
Summary: There was an accident on Alan and Kev's way to work. Car is crashed. Ambulance came. Alan is thinking about traffic jam that it caused, Kev is happy to still be at the office.
Dialogue: Mike: how are we going to get to Matthew's? scooter?
Bart: car I guess?
Mike: lol, maybe your's, my muffler is broken
Bart: how did you break it?
Mike: Paul did
Bart: that bastard, is he going to pay you for it?
Mike: well hope so, he said he will fix it tomorrow
Bart: so maybe we get a cab? I wanna get a beer
Mike: no way, I am broke :/
Bart: scooter then? 5:30?
Mike: yeah
Bart: ok see you then
Mike: you have the app to rent it right?
Bart: yup
Summary: Mike and Bart will go to Matthew's by scooter at 5.30, because Paul broke Mike's muffler and Mike can't afford a cab.
Dialogue: Karen: Where'd you buy this dress you had at the wedding?
Samara: Oh, from an online shop
Samara: Hold on
Samara: <file_other>
Samara: That's the one
Karen: Wow thanks
Samara: Youre welcome!
Karen: Oooh, they have some neat stuff there
Samara: Yeah, I was so happy when i disovered it
Samara: There's few places where I shop regularly, most of the time I'm kind of all over the place
Karen: Same here
Samara: But I've already bought several skirts and blouses from this shop too, so I'll probably become a more frequent customer ;)
Summary: Samara bought the dress she had at the wedding in an online shop and she was happy when she discovered it.
Dialogue: Barbara: I need to tell you sth
Barbara: I never had problems with auto-correct Because I'm usually careful when I write text messages
Barbara: But yesterday I wanted to text my mom ""I have a date with dancer""
Barbara: Text was autocorrected to: ""I have a date with cancer"" xD xD xD
Maggie: Hahahahhaha. Funny but scary. Your mom's ok?
Barbara: She instantly called me. I wouldn't have noticed if it was not for the call. First time it happened to me :D
Summary: Auto-correct changed Barbara's text to her mom for the first time yesterday. Her mom called her to check.
Dialogue: Bill: I'm organising Josh's voice to come to you too.
Jen: So how many in total do you have?
Bill: 9 I think
Jen: I have a couple other ones
Bill: We're gonna to fuck this shit all the way up <file_gif>
Jen: I have 2 more from my floor
Bill: So 11! 15 would be good
Jen: Yeah. Working on more
Bill: Awesome. Dennis from 654 messaged me last night too
Jen: Yeah, I was going to get his too. He's definitely on board
Bill: His daughter asked me who to call and the dad said he had your number
Jen: Yeah. I'll reach out to him
Bill: That's 11 without flinching
Jen: Going to reach out to Troy
Bill: As in Troy and Terry? Mike? Let's aim for 20 then :D 
Jen: I have Mike
Bill: sweet
Jen: and yeah Troy and Terry
Bill: ok sweet
Jen: so 20 is real. That would be awesome
Bill: We keep working. One by one we will get them
Jen: Lol yes. That's the spirit!
Summary: Bill and Jen are collecting voices and aim for 20 in total. 
Dialogue: Karen: Can you talk?
Peter: Not now. 15 mins.
Karen: OK, I'll call back then.
Peter: Make it half an hour. the boss is around.
Karen: sure thing. I get it.
Summary: Peter can't talk now. Karen will call him in 30 minutes.
Dialogue: Isla: hey.. i went shopping today :) got sory e really good stuff
Amelia:  really? what did you get
Isla: found really good deal of shoes buy one get one... very very nice just in love with themmm
Amelia: really show me? and what else you got
Isla: some jewelley, 2 tops, 1 hand  bag and 1 clutch everything so good and very cheap..
Amelia: wow show me every thing 
Isla: cant take pictures of all so sending vdo 
Isla: <file:video>
Amelia: awesome... they are all sooo goood! you have a damn good choice.. how much for all
Isla:  $xx , isnt it cheap
Amelia: WHAT??? is the quality good? i wanna go there toooo please take me
Isla: yes quality is perfect... sure we can go tomorrow...
Amelia: cant wait for tomorrow now!!! 
Isla: :)
Summary: Isla went shopping today. She bought shoes, jewellery, 2 tops, a handbag and a clutch at a good price. Amelia and Isla will go shopping tomorrow.
Dialogue: Anna: That bastard!
Leo: Hello to you too. Someone’s in a good mood.
Anna: How could he! 
Leo: Who?
Anna: That lying son of a bitch! 
Leo: Still, don’t know who.
Anna: My boyfriend. 
Leo: What did he do?
Anna: He cheated on me!
Leo: You’re kidding?!
Anna: No! With his ex-girlfriend! 
Leo: Really?
Anna: Yeah. I saw them huggin and kissin. 
Leo: I’m so sorry. 
Anna: I’m so furious! I’m gonna kill’em. 
Leo: Better not do that. Listen, I’ll grab Kate and come over asap, ok?
Anna: yeah, ok. 
Summary: Anna's boyfriend cheated on her with his ex-girlfriend. Leo and Kate will come over Anna's as soon as possible. 
Dialogue: Jameson: could you help me with moving out next Sunday?
Guy: sure bud, what exactly do you need?
Jameson: I have no car so if you could drop by at 10 and drive with my stuff to my new place it would be great
Guy: how much stuff do you have?
Jameson: <file_photo>
Jameson: <file_photo>
Jameson: <file_photo>
Guy: ok I'll borrow my brother's jeep
Guy: it will be twice as fast
Jameson: thanks bud
Summary: Guy will borrow his brother's jeep to help Jameson with the removal next Sunday.
Dialogue: Justin: hey little sister, i've got some news for you
Brigette: I hope they're good news.
Justin: they are
Brigette: Well? Tell me!!
Justin: guess
Brigette: Mmmm, did you finally get rid of all those old records you've been hoarding for ages?
Justin: No! and those records are priceless, don't mock them
Brigette: Are you going on a big trip? Maybe something exotic, like Asia?
Justin: nope
Brigette: Come on! Just tell me.
Justin: you'll never guess
Brigette: Tell me.
Justin: I'M GETTING MARRIED!!!!!!!!!!!
Brigette: WHAT?!!?!??!?!!?
Justin: I'M GETTING MARRIED!!
Brigette: OMG! I'm so HAPPY for you!!!
Justin: thanks. i proposed to michaela yesterday and she said yes
Brigette: Wast it romantic?
Justin: it was, i took her to this fancy restaurant, we were all dressed up, and i got on my knee and asked her to marry me
Brigette: I'm surprised she said yes, cause you're such a dork.
Justin: stop, lol
Brigette: All kidding aside, congratulations. I love Michaela, she'll make a great addition to the family.
Justin: she's really happy too, she wanted to call you to give you the news, but i asked her to let me do it
Brigette: Thanks big brother. I'm really happy for you.
Justin: ok, gotta go, gonna call mom and dad
Brigette: You haven't told them!?!?!?!
Justin: no, i wanted to tell you first
Brigette: CALL THEM NOW!!!
Summary: Justin is getting married. He proposed to Michaela yesterday. Brigette is happy for them. Justin will call parents to tell them about it.
Dialogue: Anne: Baby I can't go out tonight
Jimmy: whyyyy? :(
Anne: I think it's stomach flu
Jimmy: OMG NOOOOOOOOOOO
Anne: yes
Anne: I'm in pain
Jimmy: poor baby
Anne: :(
Jimmy: Can I do sth for you? Come by and take care of you?
Anne: Ugh, no, it's ugly
Anne: if you know what I mean
Jimmy: <3 I'm very sorry
Jimmy: and so is going to be Betty
Anne: I know wish her happy birthday for me
Jimmy: :* I will
Summary: Anne can't come to Betty's birthday party because of stomach flu.
Dialogue: Monica: Honey, are you still at home?
Mark: Just left.
Monica: Shit, I think I left the iron on ;(
Mark: No you didn't. I put it away before I left. It was already cold.
Monica: Thank God!
Mark: Yeah, I hope you don't burn our house down when I'm away next week, I quite like it the way it is :D
Summary: Monica has left the iron on, but Mark put it away before leaving.
Dialogue: Gary: are you hungry?
Ricky: starving. im on a diet man
Gary: what??? whats wrong with you, middle age crisis?
Ricky: ok lets go for lunch and i tell yo
Ricky: over a salad
Gary: thats so sad...
Summary: Ricky went on a diet. He will have a lunch with Gary.
Dialogue: Madison: <file_picture>
Ralph: wow, this looks really tasty!
Ralph: <file_gif>
Madison: I'm so proud of myself!
Madison: I hope it tastes at least half as good as it looks XD
Summary: Madison prepared a meal which looks delicious and proudly shares a picture of this with Ralph.
Dialogue: Josh: Guys, what do you think about this article:
Josh: <file_other>
Ismail: hmm, interesting, but not convincing
Ali: no, not really?
Josh: why? I thought it's almost obvious!
Ali: what?
Josh: that Kosovo would unite with Albania now
Ismail: why do you think so?
Josh: Kosovo has horrible problems, they are both Albanian states
Josh: would be better together probably
Ismail: maybe yes, but first of all it could destabilise the Balkans
Ismail: secondly some politicians would have to compromise
Ismail: there would be only one president, one parliament etc.
Ismail: many of them would have to go, so they will never do it
Josh: I didn't think about it
Summary: Josh believes that Kosovo will unite with Albania. Ismail thinks it would destabilize the Balkans. 
Dialogue: Jack: Hey Lyna. what happened to our movie plans?
Edlyna: I'm really sorry Jack my phone battery died
Jack: Okay no big deal. Maybe it was even for the better good since guess what?
Edlyna: HAHA! what?
Jack:  🤣  🤣 Come on you are spoiling the fun. Just give it a try.
Edlyna: No I'm not. Furthermore i am pathetic at guessing☹️
Jack: Okay then. I-max Cinemas is offering aquaman costumes, drinks and food to those the first 500 going to watch Aquaman come next month 😎
Edlyna: OMG! That is insane!!!
Jack: So are you in for the ofer?
Edlyna: Definitely🤭😍 when is the date?
Jack: December 21st
Edlyna: Can't wait!😋
Jack: And this time make sure your battery doesn't die🙄
Edlyna: Sure i will😹😹😹😹
Jack: Okay. Have a good night then. I Had a long day and I'm feeling dead tired 😟
Edlyna: Goodnight
Summary: Jack couldn't contact Edlyna on her phone. They will go see the Aquaman movie on December 21st.
Dialogue: Joanna: good afternoon
Joanna: remember to take the needles from your grandma;)
Wyatt: good afternoon
Wyatt: she wanted to give them to me 
Joanna: but?
Wyatt: but i think i'll just come to keep you company
Joanna: to make us tea? ;)
Wyatt: exactly! 
Joanna: ok. some lavender or melissa will be a must in that case ;D
Wyatt: haha ok! will do! 
Wyatt: and i was thinking maybe i'd make a pom pom... 
Joanna: this time a true full fluffy one? ;)
Wyatt: haha yeah
Joanna: ok
Wyatt: what will i need?
Joanna: hmm apart from yarn, obviously
Joanna: a piece of cardboard, twice the size you want the final pom pom
Wyatt: ok
Joanna: oh, and small sharp scissors, like the ones you'd use for your nails
Wyatt: ok ok 
Joanna: and a bucket of patience. 
Joanna: and remember about melissa tea xD 
Wyatt: hahaha ok :D
Summary: Joanna and Wyatt will meet to make a pom pom and drink a cup of tea.
Dialogue: Monica: Hi Anna, this is Monica, I am a Senior Recruitment Consultant from TGC World. We have a job opportunity for Polish interpreter/translator based in Poland.
Anna: Hi Monica, thank you very much for contacting me. 
Monica: Are you looking for any new role at the moment?
Anna: I am currently self-employed. However, I am open for new roles.
Monica: What kind of positions are you considering?
Anna: I would be interested in positions including Spanish, and English as a second language.
Monica: I will send you a description of available positions. Please revert me with updated CV in word format.
Anna: OK, thank you. I will be able to send you my updated CV in a couple of hours.
Monica: Okay, sure. Before that I need few more details to process your CV. Just a couple of questions.
Monica: Can I know what is the day rate you are looking for?
Anna: Hi Monica, sorry, I was offline for a couple of hours. As per day rate, currently I work at approx. 100 eur/day, so it would be at least around that rate. I'm travelling at the moment so I could send you my CV tonight.
Monica: Okay, thank you. 
Anna: You can find the most important information in my Linkedin profile.
Monica: Please let me know the notice period so that i can submit your CV
Anna: I'm not sure what you mean. Do you mean my current notice period?
Monica: Yes. 
Anna: I'm self-employed so it does not apply. I can start another job anytime.
Monica: Okay. I'm waiting for your updatde CV then.
Summary: Monica is a Senior Recruitment Consultant from TGC World, which is looking for Polish interpreter/translators. Anna is interested in positions with Spanish and English as a second language. Monica asks Anna to send her Anna's CV. Anna wants to earn around 100 eur/day. Anna can start any time.
Dialogue: Jeff: How was your Christmas?
Miranda: not bad, I've relaxed
Maria: me too, a lot of ridiculous presents, but fun :P
Tony: hahaha, same here, like what?
Maria: quite a few useless things, some socks, a few pairs of slippers and a pyjama in pink Moomintrolls 
Tony: hahaha, I always get very ugly pyjamas that I never use
Maria: I know, they behave as I was 10-years-old
Miranda: I get surprisingly good presents every year
Maria: which is?
Miranda: money :P cash
Tony: hahaha, really?
Miranda: yes, which is in fact probably the most childish thing
Tony: maybe it is, would be a bit strange to get money from my parents 
Maria: yes, I rather give money to them
Miranda: yes, but my parents are quite rich honestly
Summary: Maria got socks, slippers, and pink Moomin pyjamas for Christmas. Miranda received money from her wealthy parents. Tony finds getting money from parents odd. 
Dialogue: Natalie: look look, I prepared the b-day cake for dad
Natalie: <file_photo>
Vincent: omg, it looks awesome!
Vincent: <file_gif>
Vincent: You are the master of cakes!
Natalie: :D I hope it will taste well also!
Summary: Natalie prepared the birthday cake for dad and Vincent finds it awesome. 
Dialogue: Robin: So did u tell Kim?
Jude: I did. And u know what she said?
Robin: No... But am afraid to ask.
Jude: That I should've!
Robin: No! That's true!
Jude: Did she say y?
Robin: Apparently she thought I'm too tense and too uptight and a good shag would do me wonders.
Jude: And that's y u fell out with her?
Robin: Basically. She tried apologising, but I didn't want to hear any of that.
Jude: Sry to hear that. 
Robin: It's all right. I'm fine without her.
Jude: How about online dating?
Robin: I'm not that lame!
Jude: I didn't mean that! Online dating is no longer for lame ppl. 
Robin: Right! How many ppl do u know who date online?
Jude: Kevin, Alex and Sam. To name a few.
Robin: Rly? Kevin? I thought he didn't have this kind of problems!
Jude: On the outside, he seems all macho, but on the inside, he's soft and shy. 
Robin: Rly? Kevin?! Didn't even cross my mind.
Jude: No, not Kevin. Don't even think about it.
Robin: What do u mean?
Jude: U know what I mean. He's not ur type of guy. 
Robin: Y not? He's single, I'm single. We can get to know each other.
Jude: Yeah, but he's not looking for anything serious at the moment. 
Robin: How do u know that?
Jude: I see how he treats his dates and, besides, he told me.
Robin: Rly? U talk about stuff like that?
Jude: Yeah. He's not interested in me and I don't fancy him in that way. We're just friends.
Robin: Does he know about that?
Jude: Sure. He proposed it!
Summary: Jude told Kim he had a sexual encounter. Kim was OK with that. They fell out. Kevin, Alex and Sam are dating online. Kevin is soft and shy.  He's not looking for a serious relationship right now. Jude and Kevin are just friends.
Dialogue: Mindy: Hey, you left your hat at my place
Sara: Shit, could bring it by the cafe tomorrow?
Mindy: No problem!
Summary: Sara left her hat at Mindy's place. Mindy will bring it by the cafe tomorrow. 
Dialogue: Mum: I'm On the M5 and I will stop for a drink
Caron: Ok I wont expect you til later
Mum: I should be there in a few hours
Caron: Ok
Mum: What shall we do for dinner
Caron: I dont mind we will decide when you get here
Mum: I fancy a steak
Caron: or a nice seafood dish
Mum: oh yes we haven't done that in a while
Caron: There is a new restaurant in town
Mum: where is that
Caron: on the High Street past Lloyds
Mum: ok
Caron: what is the traffic like?
Mum: not so bad today but it is wet still
Caron: well you take care
Mum: I will
Caron: have you got your key
Mum: yes why?
Caron: I may be at the shops
Mum: ok See you soon
Summary: Mum and Caron are going to decide what to eat for dinner when Mum gets home. There is a new restaurant on the High Street past Lloyds. Caron might go shopping later.
Dialogue: Joe: Are you there, creature?
Vitor: Ha ha yes
Joe: How was your week
Vitor: Not too good
Joe: Feel free to elaborate
Vitor: Ha ha ha. Uni sucks, I've had 3 exams this week and one didn't really go as good as I wanted. Plus Bolsonaro has won
Joe: Yeah, I've read about that. I'm really sorry :( You just have to move back to Europe asap
Vitor: Or to Canada
Joe: I refuse to mention this country by name in the hope that you'll forget about it
Vitor: Ha ha ha 
Joe: So how are you in the end?
Vitor: Feeling like shit to be fair
Joe: Mmm sorry to hear that. I don't really have anything positive to say about the way people have been voting lately
Vitor: Ah I forgot to tell you my grades from when I was in France were finally recognised by my uni
Joe: And?
Vitor: Some grades are good enough for me not to have to repeat the subjects here. So perhaps I'll be able to finish in one year
Joe: Yay this sounds like a good first step to forget about Canada and move back to Europe
Vitor: Ha ha ha stop it
Joe: I'm not joking lol Well, I'm delighted it all went well for you
Vitor: And how have you been?
Joe: All fine, the usual stuff. I've spent the week trying to finish a chapter of my dissertation, have managed to extend it 30 pages further, but I see no conclusions on the horizon
Vitor: Oops, that's unfortunate
Joe: lol Yes, you can put it that way. This whole writing business is fun but it's quite true I have to finish at some point
Vitor: True dat
Joe: Well, I won't bother you any further. It was nice to talk, as it always is
Vitor: You're too kind
Joe: And once again, so sorry to hear about the Bolsonaro thing. So take care of yourself
Vitor: Of course, I always do
Joe: Cool. I'll talk to you sooooon
Vitor: Can't wait
Summary: Vitor had 3 exams this week, one didn't go well. His grades from France were recognized by his university and some of them are good enough that he won't have to repeat the subjects, so he may be able to finish in one year. Joe has spent the week working on his dissertation, he has written 30 pages.
Dialogue: Claire: I'm in the bus going home
Patrick: A bus? Are you insane??
Claire: The flights were so expensive
Patrick: They always are on Fridays
Patrick: What time will you be in Brussels?
Claire: Around midnight
Patrick: So many hours....
Patrick: I feel sorry for you
Claire: What to do?
Claire: At least I can work.
Patrick: Work?
Claire: Yeah. I need to write some dialogs.
Patrick: Humm... for a movie?
Claire: haha I wish...
Claire: And how about you? What's up?
Patrick: I'm leaving the office soon
Patrick: Heading back home.
Claire: Any plans for the weekend?
Patrick: Nothing. Just chill. 
Summary: Claire is going home by bus. She will be in Brussels around midnight. Patrick is going home soon.
Dialogue: Megan: Have you heard of the shooting on Staten Island?
Alex: Yes, some people were wounded
Megan: yes, strangely, a policeman was wounded by friendly fire
Alex: yes, he's in our hospital
Megan: oh, really?
Alex: Yes, I saw them brining him to the Intensive Care Unit
Megan: how is he?
Alex: really not well apparently
Megan: a friend is working there and she told me he's in a very bad state
Megan: his abdomen was devastated
Alex: oh god
Megan: they will try to reconstruct it
Megan: but now they have to stabilize his state
Alex: of course, they can't do anything about it as long as he's dying
Megan: sad
Alex: keep my updated about the poor guy
Megan: ok, I will
Megan: there is a lot of journalist here anyway
Megan: but they decided not to inform them for now
Alex: I see.
Summary: In the shooting on Staten Island a policeman was wounded by friendly fire. He was brought to the Intensive Care Unit of Alex's hospital. Megan's friend who works there says he's in a bad state. Megan will keep Alex updated about him. There's a lot of journalists around the hospital. 
Dialogue: Paula: Fuck this shit!
Stan: What's wrong?
Paula: I really want to get home
Paula: And I'm stuck in this fucking traffic jam
Paula: Because some idiot in BMW in a car faster than his brain just drove right into a tree
Paula: And the whole road is blocked.
Paula: I will never get out ;(
Stan: Chill out. You have no power here. Sometimes you have to just embrace hard reality and just get through it.
Stan: When you get home, the warm dinner will wait for you in company of our 2 furry life companions.
Paula: You can give them food, so they won't moan at you.
Stan: Noo. We will all wait for you.
Stan: They are used to the fact, that they get food, when You get  home from work. They don't use the clock.
Paula: I'm afraid that I will be at home in more than 1 hour.
Stan: Easy. Just make sure that You don't cause accident.
Paula: For now, I can't even drive 3 meters so unless I go and hit my head against a car it won't happen :(
Stan: Calm down, play some nice track or audiobook and just get through it.
Stan: We're all waiting for you :)
Paula: Thanks <3
Summary: Paula is stuck in the traffic jam. Stan tries to comfort her. Paula asks Stan to feed the pets, but he refuses. Paula will get home in more than an hour.
Dialogue: Jesse: Gr8! Now, everyone, grab a calculator, computer and check the costs of all items and we'll try to divide them more or less equally.
Melvin: Done. I estimate around 350 bucks.
Lee: Counted 340, so more or less the same.
Maxine: How did you get that? I counted 250.
Jesse: Did u count everything in?
Maxine: Oh, sry, forgot about the last item. 
Maxine: Yup. 340.
Melvin: Great. So that's roughly 88 bucks per head. 
Lee: W8! How do we do this? One person buys the stuff and then we send it together or do we buy the stuff separately?
Maxine: Y do u think we calculated the total cost?
Lee: Oh, right. My bad. 
Jesse: So who wants to do the honours?
Melvin: I can. I'll order all the things and bt someone has to pack them ;)
Maxine: Lee and I will do it :)
Lee: Thanks 4 asking, Max, but sure :)
Jesse: Gr8! I'll take the package to the point and will call them at once that we've chosen a list and are organising ourselves. 
Melvin: Thanks, Jess, made my day :)
Jesse: Ur welcome :)
Summary: Jesse, Melvin, Lee and Maxine are splitting costs that will be around 350 dollars. Maxine and Lee will pack up all things that Melvin will buy.
Dialogue: Pete: Nice! How's it going?
Jade: Hi, I can see you like the stage. Awesome 8-)
Pete: Love it! :) Hello beautiful Jade :)
Jade: Aww... thank you :)
Pete: How are you?
Jade: I just came home. I was so busy all day long. Have to print my business cards. Do you know where they print it nicely in colour?
Pete: nobody wants mine, so I'm no more interested in this XD
Jade: How come? so what do you do?
Pete: I'm an unemployed rock musician XD you?
Jade: wait wait, but you have to make a living from something :P I'm an actress, currently actively attending castings
Pete: Tell me! what castings? :D
Jade: for ads
Summary: Jade is an actress attending ads' castings and she needs to print her business cards in colour. Pete can't help her, as he's not interested in it anymore.
Dialogue: Tyson: The trains aren't running
Gabriella: Whaaaat? How do you know? Why?
Tyson: Cuz I've been stuck on one for 40 minutes now lol
Tyson: There's some problem but I'm not sure what, all I know is that it's not just this train but something bigger
Gabriella: Oh shoot :/ Thanks for letting me know! I'll take the bus, then, I guess...
Summary: Tyson has been stuck on the train for 40 minutes. Gabriella will take the bus then.
Dialogue: Ann: Don't you know if dad took Ann with him?
Tom: I'm not sure, but I think they went shopping.
Ann: I thought so :)
Ann: Thanks :*
Summary: Dad and Ann went shopping.
Dialogue: Chris: Hey smart girl what's up?
Monica: Guess where I am
Chris: In the court?
Monica: No. I have a day off
Chris: You have a day off and you didn't tell me... :/
Chris: I'd love to spend it with you
Monica: Not today. Today I'm taking care of myself. Sauna, massage, beautician...
Summary: Monica is having a day for herself.
Dialogue: Kadisha: Hellooo!! You here??
Kadisha: I sent you a video clip on fb
Kadisha: <file_video> 
Waldemar: WTF?? LOL!!
Waldemar: Hilarious shit!!!
Waldemar: And there's a whole collection 🤣🤣🤣
Waldemar: Have you seen the rest?
Waldemar: Hahahaha
Kadisha: Is there??
Kadisha: No I haven't 😜
Kadisha: I'll check it out..
Kadisha: Same characters?
Waldemar: Yeah gremlins and shit 🤣
Waldemar: Check this one out
Waldemar: <file_video> 
Kadisha: loool 😄😄😄
Kadisha: That's totally screwed
Summary: Kadisha and Waldemar share funny videos.
Dialogue: Janet: I am ashamed. Who voted for this pussy? It's your fault.
Alison: Remember the Wizard of Oz? He might have melted.
Nicole: He’s a sissy boy.
Cheryl:  RAIN omfg thats so shameful and disrespectful 😡
Buff: Pussy in Chief.
Linda: Trump is selfish and inconsiderate.
Janet: What an embarrassment to our nation and the world!!!
Roz: Where is Elsie? I miss you vomit 😊
Cheryl: WTF EVER trumpola didnt want to mess up his pity full comb over.....
Janet: Trump = snowflake
Linda: Baby. He’s a spoiled brat baby. Nothing about Donald Trump to be proud of or want to defend.
Arlene: HIs hair and makeup would have been ruined!
Roz: Exactly 😊
Leslie: Which adviser, who he doesn't listen to anyway, thought missing this ceremony was a good idea? Shameful!
Eric: What a pussy. We should grab him and kick him to the curb.
Sue: All the other leaders managed to make it, so there is no excuse, for me.
Roz:  It's all about the hair.
Sue: afraid the colour of his orange hair would run????
Linda: Never heard of an umbrella :)
Summary: Janet considers Trump's election victory a disgrace.
Dialogue: Chuck: Hey
Dan: Yo
Chuck: Wanna see my new 40K minis?
Dan: Sure. Some more space marines?
Chuck: Nope, it's tau this time
Dan: You mean t'au?
Chuck: Yeah, tau, t'au, whatever. They keep changing names in the game to put a trademark on them
Dan: Yep, I know, kinda silly, but whatever
Chuck: So here's my t'au commander
Dan: Lemme see
Chuck: <file_photo>
Dan: Cool! Extremely well-painted
Chuck: Hey, I've been painting miniatures for quite a while, kid
Dan: Yeah, I know, I know, you were a gamer when I wasn't even born
Chuck: Indeed, pal!
Dan: Ok, any more pics?
Chuck: <file_photo>
Dan: Ok, some fire warriors
Chuck: Do you like them?
Dan: Yep, cool. Hey, wanna check out my new ork models?
Chuck: Ok, show me
Dan: <file_photo>
Dan: <file_photo>
Dan: <file_photo>
Chuck: Holy crap, that's good! You're getting better, kid
Dan: Already better than you, you old nerd!
Chuck: In your dreams!
Dan: Lol
Summary: Chuck shows Dan his new Warhammer miniature models from the T'au Empire. Chuck is older and has more experience in gaming than Dan. Dan is getting better at painting Warhammer miniatures. Chuck and Dan are critical of Games Workshop business practice.
Dialogue: Clara: <file_other>
Clara: concerts in uk 16 aug - 26 aug
Megan: Why not sept?? :((
Emilia: see the price
Emilia: tickets cost pretty penny....
Megan: Lol just checked that and
Megan: OMG
Emilia: :<
Megan: Maybe not now :D
Clara: but there are also cheaper, look
Clara: <file_other>
Megan: Oo, haven't seen that
Megan: Maybe it would be possible :>>
Emilia: I'll talk to my parents
Emilia: That could be the present for my bday
Megan: I have some money saved
Megan: Hope it'd be enough
Clara: we could stay at my uncle's house :)
Megan: *.*
Summary: Clara, Megan and Emilia are getting excited about the possibility of going to a concert in August.
Dialogue: Michael: <file_photo>
Michael: Have you done this yet?
Camille: No, not yet, I’m stuck at 34. Still ;/
Carl: I did, catch
Carl: <file_photo>
Michael: Thanks man!
Carl: 34 isn’t difficult either, x is 5
Camille: Thank you Mike <3
Summary: Carl sends Michael and Camille the results of the exercises.
Dialogue: Victor: DUUUDE
Finn: yep?
Victor: we're going on a date soon xD
Finn: Jane?
Victor: yeaas
Finn: do you Both know that XD
Victor: YESS
Finn: wow
Victor: *_*
Finn: stop being so happy
Victor: why shouldnt i be xD
Finn: stop getting out of control
Victor: oh come on dont ruin it for me
Finn: yea sure
Victor: what am i gonna do
Finn: act like a normal person?? whyre you trippin' anyways, youre gonna be fine
Victor: are you sure
Finn: are YOU sure youre gonna be alright xD
Victor: i think so :p
Finn: cool, let me know how it goes
Victor: oka
Summary: Victor is happy about going on a date with Jane soon. Victor will let Finn know how it goes.
",[Alex will go swimming toghether with Huda in two hours. ],12184,samsum,en,,a07252431ca98d95fddb8b54ea5e5b6778bdf97d81be345e,29,2,1192642.868611097,Huda is going swimming and wants Alex to join her in 2 hours.,0.3400142788887024,0.6103819538839161,66.57600617499355,0.4545454545454546
