input,context,answers,length,dataset,language,all_classes,_id,index_in_dataset,occurrence_number
"Dialogue: Thelma: i dont have anything to wear
Louisa: your wardrobe is full of clothes
Thelma: but i have to look wonderful
Louisa: ok i can bring you my red velvet dress
Thelma: really? :O
Thelma: it would be great!
Louisa: no problem ;)
Summary: ","Dialogue: Jeremy: Hey sunshine, how was your day?
Lisa: quite hectic
Jeremy: I miss you so much
Lisa: me too :( I'll be back home this weekend so we can meet
Jeremy: I can't wait!
Summary: Lisa had a hectic day. She will be back home this weekend and she will meet Jeremy. 
Dialogue: Darren: Look! 10am!
Frank: Whoa! They're awesome knockers.
Darren: Stop staring or she'll notice us! LOL
Summary: Darren and Frank are staring at a girl's tits.
Dialogue: Adam: Hello, do you serve coffee with lactose-free milk?
Vanessa: Hello Adam, yes, we do. In our offer you'll find soy milk, almond milk and oat milk.
Adam: Thank you so much for your quick answer! Can I book a table then? Tomorrow at 12?
Vanessa: Of course, thank you for choosing us :)
Summary: Adam books a table in Vanessa's café for tomorrow at 12 PM. 
Dialogue: Jay: where did you get this tea from babe?
Mike: do you not like it?
Jay: I really like it!
Mike: it's from Tea Nepal in the mall
Jay: it's really nice, I think my mum will like it too
Jay: do they have gift packs or anything?
Mike: yeah they do hamper type of baskets
Jay: oh nice, I'll get one for my mum's birthday then
Mike: cool, maybe one for Lindsay as well?
Jay: why is that?
Mike: it's her birthday next Tuesday
Jay: ok, good idea 
Mike: laters
Jay: see ya!
Summary: Jay likes the tea Mike got from Tea Nepal in the mall. Jay decides to get the tea in a gift pack for her mom's birthday. Mike suggests Jay to get another such present also for Lindsay as the next Tuesday is her birthday.
Dialogue: Gerard: Heiooo wassup
Joey: I'm going for a nap now
Gerard: OH kk
Joey: Ttyl
Summary: Joey is about to take a nap. He will talk to Gerard later.
Dialogue: Kinga: I came out to my parents
Matthew: How did they react?
Kinga: Totally cool
Kinga: They said they knew
Kinga: And it doesn't change anything how they see me
Kinga: And what they feel for me
Matthew: You have great parents
Kinga: They are cool
Kinga: But I was a bit nervous before coming out
Kinga: I heard horrible stories from my friends
Matthew: And how about other people?
Matthew: Do they know?
Kinga: The closest people know
Kinga: The rest, well, I would have to come out everyday
Kinga: Let's say in a shop, good morning I'm gay, two kilo of potatoes please
Kinga: I don't see a point
Matthew: hahaha
Summary: Kinga came out as gay to her parents. They already knew that and were fine with it.
Dialogue: Mark: Hey, sorry to be disturbing you. I know you're probably busy with classes, but can you call me when you finish? I have something important to tell you...
Cynthia: You know what, I probably can't make it today - I end pretty late. Can't you send me a text about whatever is going on?
Mark: It's... about money... Something doesn't add up. Okay, I'll wait, if you find 5 minutes in the evening that would be great - it's not that important.
Mark: But seriously, don't worry about it ;)
Cynthia: I don't think I ever gave you money back for the pasta... How much do I owe you?
Mark: Nooo, it's not about the pasta, something different - just call in the evening and I'll explain everything calmly and you really have nothing to worry about
Cynthia: Yeah, but you also covered my stay... I'll call you if I get the chance, but I really am ending late (which is why a text message would be better)
Mark: Look, if you don't manage to call me today, then you can call me tomorrow. And please, stop worring because you don't have to - when we'll talk I'll explain :)
Summary: Mark wants to talk with Cynthia about money today. She ends classes late so she suggests sending a text message. Mark insists on calling, today or tomorrow.
Dialogue: Svetlana: Hello, I am Svetlana from Moscow.
Manpreet : Hello, I am Manpreet from Punjab. 
Svetlana: Where do you study?
Manpreet: I study in St. Anne's college, the one opposite to Herald Hospital.
Svetlana: Yes, i know. I too study in the same college. 
Manpreet: Is it? which stream are you in?
Svetlana: I'm pursuing Law.
Manpreet: Oh, ok. I'm  into Fashion Designing.
Summary: Svetlana and Manpreet introduce themselves to each other and find out they both study at the same college.
Dialogue: Adam: Hi Mona said you bought a new TV?
Carl: Yes, we broke old.
Adam: Which model?
Carl: Philips Ambilight 55 E524532.
Summary: Carl bought a new Philips Ambilight 55 E524532 TV because the old one is broken.
Dialogue: Daniel: Hi sweetie
Daniel: How are you?
Daniel: How are kids?
Irene: Hi honey, I miss you!
Irene: I'm fine and the kids are naughty as always :)
Daniel: I can't wait to see you all
Irene: What time do you think you'll be home?
Daniel: 10 p.m. hon
Irene: I should be still awake, I'm waiting for you
Daniel: You're the best, I love you
Irene: Love you too <3
Summary: Daniel will come back home after 10 pm. Irene will wait for Daniel.
Dialogue: Julian: first of all, my gf has birthday tomorrow
Julian: I need your help
Susan: She will probably enjoy cosmetics
Wanda: yes, I saw her instagram. She knows how to deal with make-up
Julian: Can you recommend any brand?
Susan: Buy Burberry Lip Velvet Crush lipstick
Susan: She will be satisfied for sure.
Wanda: I heard about that brand. ppl love it.
Julian: Thanks, she adores lipsticks
Wanda: good for u!
Susan: Don't forget about flowers, we love them!
Julian: ya, I remember about that
Julian: thank you girls
Summary: Julian's girlfriend has birthday tomorrow. Wanda and Susan recommend Julian to buy some flowers and cosmetics for her, eg. Burberry Lip Velvet Crush lipstick.
Dialogue: Bob: hey, can you bring me the external drive from the office?
Ann: yeah, just give me 2 minutes, need to finish this email
Bob: ok :) thx!
Ann: np :)
Summary: Ann needs to finish an e-mail. Then Ann will bring the external drive from the office to Bob at his request.
Dialogue: Mia: hey, what are you up to tonight?
Ruby: Dunno yet, why?
Mia: there's a party at john's place
Mia: wanna go?
Ruby: Hmm. How come I don't know about it?
Mia: no idea :O maybe you forgot or he forgot or something
Ruby: Heh, I guess... Okay, I'm going.
Mia: wonderful! meet me and olivia at her place at 5:30pm and we'll go together?
Ruby: Sure! See you :).
Mia: <3
Summary: Mia and Ruby are going to meet at Olivia's place at 5:30pm to go together for a party at John's place.
Dialogue: Mary: what are we having for dinner?
James: fried shrimp?
Mary: not again
James: I love fried shrimp
Mary: do you love me?
James: yes
Mary: as much as fried shrimp?
James: ........yes.
Summary: James and Mary will have fried shrimp for dinner. Mary is fed up with it but James loves it and does not mind eating it often.
Dialogue: Greg: can't log in
Sam: same, still in queue
Greg: 20000 people ahead, what's wrong with this game?
Sam: new event patch, you shouldn't be surprised by that anymore
Sam: it's always the same thing when they release a new event patch
Greg: still having to wait for so long just to log in
Sam: I'm more worried about the lack of estimated time
Sam: it just says 20000 people ahead
Sam: without any changes for like 10 minutes already
Greg: I guess we have to postpone our games for tomorrow
Sam: yeah it's probably the best thing to do
Sam: even if we manage to log in, I'm not sure how stable the servers would be
Summary: Sam and Greg decide to postpone their games until tomorrow as it is taking too long to log in. 
",[Louisa will lend Thelma her red velvet dress.],1404,samsum,en,,2231482e3e63d5eb092d2b33f2a64221fea97ad0ad2b7345,34,1
"Dialogue: Eric: Hey Bella, What happened today in boss's room?? Was he angry??
Bella: NO NO!!! He wasn't angry at all.. He actually appreciated on our brave deccision to dismiss the request of client..
Eric: REALLY!! He appreciated this decision..
Bella: Yeah he really did.. I too was astounded by his reaction...
Eric: What could possibly lead to this?? I mean , they were potential clients...
Bella: What he told me was that he was looking forward to bring in new clients which were our current client's competitor..
Eric: Oh that could possibly be the reason.Well anyways you got appreciation xD congo	
Bella: hahaha Blessing in disguise xD
Summary: ","Dialogue: Eva: u home?
Darren: yeah
Eva: Wanna grab sth to eat?
Darren: Sure, where?
Eva: I'll pick u up in 15 min
Darren: ok, see u
Summary: Eva is picking Darren up in 15 min to grab something to eat.
Dialogue: Stanley: Have you ever tried parachuting?
Tim: No, why?
Stanley: Oh, nothing. I thought you did.
Tim: Nope. It's not for me.
Summary: Tim has never tried parachuting.
Dialogue: Nina: Where are you?
Tim: in the main room
Alice: me too, come and join us
Nina: ok!
Summary: Nina will join Tim and Alice in the main room.
Dialogue: Andy: Does anyone have a spare lego ice cream van?
Joe: Bit random?
Andy: I know but it for my sons collection. He is obsessed and he has it in his mind that the only thing completing his collection would be an ice cream van. 
Bob: I have a spare Pizza truck? double Christmas present, unopened. would that do?
Andy: I'm not sure but I'll ask.
Joe: maybe you can put some stickers on and convince him that pizza vans sell ice cream?
Bob: Not a bad idea!
Andy: I'll go for it, how much do you want for it?
Bob: £10?
Andy: perfect! thanks! 
Summary: Andy is looking for a lego ice cream van. Bob has a spare Pizza truck. Andy will buy it from Bob for £10.
Dialogue: Jordan: Any idea how we’re getting to the festiwal? By car, plane or train? Let me know all.
Amy: I’m all in for the train. It’s really quick and good value for money. And it doesn’t involve losing time in traffic :)
Peter: Yeah, but I guess there’s gonna be some luggage to be carried from the station. Will we manage?
Andy: Haha, I’m the strongest man on Earth, I’m carrying the whole world on my shoulders ;). I thought of a car, but I think train will suffice.
Jordan: Haha, who let this dude join our trip ;) ? So we’re all good on taking the train?
Patrice: Hey, what about me? Did you forget me?
Amy: No, we were just waiting for everyone to express their opinion Pat :) Are you okay with the aggreements?
Patrice: I guess, but I’m not sitting next to Andy haha!
Andy: The whole world hates me… How did I deserve that :(?
Amy: Right Andy, I’ll sit with you. Jordan, I guess we’re all set. Would you book the tickets?
Jordan: Perfect, appreciate your organisational skills ;). So 5 tickets it is. We’re leaving at 9am, don’t come late! 
Patrice: So great! Can’t wait folks! Xoxo
Amy: Me too <3
Summary: Jordan, Amy, Andy, Peter and Patrice will take a train to get to the festival, and Jordan will book five tickets for the train at 9 am. 
Dialogue: Sebastian: She wrote back!
Dave: Hahahaha, Janet?
Sebastian: Yes :) She wrote that she's sorry for not replying for my messages, but she's been abroad.
Dave: Hm... and that's it?
Sebastian: No, we've talked a little
Dave: And? How's she?
Sebastian: I think she's cool, we talked a bit about jobs, cinema, etc.
Dave: When are you going to meet?
Sebastian: Hasn't asked her out yet...
Dave: Dude, what are you waiting for?
Dave: Is she hot?
Sebastian: Oh yeah
Dave: Wait a bit longer until she's gone, great plan :P
Sebastian: But where should I take her?
Dave: Just go for a drink, don't make it too fancy
Summary: Sebastian likes Janet. She wrote him after a while. Dave suggests Sebastian asks her out before she is taken by someone else.
Dialogue: Jayda: How good of a dancer are you?
Rowan: I have never danced :/
Jayda: damn :/
Rowan: Why are you asking?
Jayda: I need a partner for prom night 
Rowan: I would manage some one dont worry
Jayda: K :)
Summary: Jayda needs a partner for prom night, but Rowan can't dance.
Dialogue: Morgan: Don't forget about the meeting
Abby: How can I forget when you keep talking about it every 10 minutes
Morgan: You know that it is important to me
Abby: I know
Abby: Don't worry I'll be there
Morgan: Thank you
Summary: Morgan and Abby will attend an important meeting.
Dialogue: Eva: i have nothing to wear
Grace: as always
Eva: but today i MUST look gorgeous
Grace: as always
Eva: but today im going out with Tom
Grace: Tom Morgan?
Eva: of course, Tom Hotty Morgan
Grace: restaurant?
Eva: yes, La Donna Pasticella 
Grace: so maybe this red dress?
Eva: too long
Grace: hmm, this orange is shorter
Eva: i will look like Orange tree, with my green hair
Grace: black is too obvious
Eva: black is always a good idea ;)
Summary: Eva is going out with Tom Morgan and she wants to look gorgeous. They are going to La Donna Pasticella restaurant. Grace suggests a red or orange dress but Eva prefers a black one.
Dialogue: Gloria: Hi Tony, meant to ask you about it for some time now. Will a possible Brexit affect your business?
Tony: In Britain the farce of Brexit looms over everything all day every day. It's going to affect us all in a most adverse manner. No doubt about it.
Gloria: I'll never understand why so many voted for it.
Tony: Nor will I. It is hard to believe that as a nation we have been so stupid as to vote to leave the EU. Utter and sheer short-sightedness.
Tony: When the French protest against their government, they do it on the streets with their Gilets Jaunes. We do protest votes against the government. I’m not sure which nation has developed the more stupid way to object to our government!
Gloria: But will you in your printing business be affected?
Tony: Dunno yet. Actually I've had very few commissions from abroad, so not directly. But we are all going to have less money in our pockets. So there'll be less interest in fancy printed matter.
Tony: But that will affect my holiday plans! And I hate that! The whole nonsense of exchanging money leaves me sick. I've always been out of pocket, no matter whether in Austria or France. And now with the pound going down the drain...
Gloria: We are hardly meeting any British tourists in Mexico now. One couple in Campeche the other day but they said they're attending a convention or sth.
Tony: That's what I mean. We'll be stewing in our own splendidly isolated sauce again.
Gloria: Don't worry. You can always visit us in Austria paying your pounds which we will then spend visiting you in England.
Tony: That's a good plan. But how about me visiting France or Spain??? Any family or friends there?
Gloria: Do you think the second referendum is an option?
Tony: Definitely. Those morons voted ""for"" out of ignorance, out of sheer lack of knowledge and understanding. Common awareness of economic and political consequences of Brexit has made a quantum jump in this country as late as in the last few months.
Tony: And if you ask me, the Irish border issue cannot be solved thru' any diplomatic channels. It either stays open, the way it is now, or we have a new armed conflict with no prospect of being settled.
Gloria: Hasn't it started yet?
Tony: Yes. I fear the worst.
Gloria: Oh Tony... So wretched....
Summary: Tony's business will be affected by Brexit and both her and Gloria will never understand why people voted for it. It will also affect Tony's holiday plans. Gloria can hardly meet any British tourists in Mexico. Tony thinks the second referendum is an option.
Dialogue: Colin: I think the modern world is unhealthy, we’re not supposed to live like this. It used to be that someone was either alone or had real engagement with other people. But now you have neither
Kellie: Interesting. Why?
Colin: You’re never really alone because of phones, facebook, instagram, etc.
Kellie: Well, I agree. People don’t engage with others in the same way. 
Colin: I believe that we’re not as good at forming close bonds because of social media. 
Kellie: Can you imagine that people call it ‘progress’?
Summary: Colin and Kellie agree that human relations and abilities to form close bonds with others have deteriorated because of social media.
Dialogue: Mick: guys where are you
Damon: eeeee where are you? xDD we're at the pub
Mick: which pub
Tim: devil's face
Time: hurry up
Mick: ok coming
Summary: Mick is joining Damon and Tim in the Devil's Face pub. 
Dialogue: Anna: I'm so sorry Tobi for the situation
Tobi: c'mon, it's not your fault
Anna: But I saw how stressful it was for you
Jeff: what happened?
Leland: sounds serious
Anna: We were stopped at the border, we couldn't enter Pakistan
Leland: why? i've done this trip many times
Anna: Pakistan doesn't recognise Armenia, as the only state in the world apparently
Anna: and Tobi has an Arminian passport, so they didn't allow him in
Anna: and we didn't understand what it was about
Tobi: my boss didn't answer phone calls and we were supposed to have a business meeting in Islamabad
Anna: so I had to continue to Islamabad and Tobi returned to Ahmedabad
Leland: a very strange story, I'm sorry Tobi for that
Tobi: no problem, after all I had an extra free day and it was not my fault :P
Leland: hehe
Summary: Tobi couldn't cross the Pakistani border on Armenian passport. Anna could continue the business trip to Islamabad. Their boss didn't answer the phone to confirm, so Tobi had to go back to Ahmedabad.
",[Bella and Eric dismissed a request of a client. Their boss appreciated the decision. He brings in new clients.],1734,samsum,en,,100d6b1317c0e92000461be559a341f8b821838f88b7cc35,98,1
"Dialogue: Allison: Hey girls! 
Maya: hey!
Sarah:  hey, why you so cheerful?
Allison: Guess what!
Allison: I've got a scholarship!
Maya: no way! you have made it!
Sarah: shut up!
Allison: yeee, and it is the highest posible rank i could get
Maya: we so proud, when do we celebrate!?
Sarah: <file_gif> 
Allison: Whenever you want! thank you <3
Summary: ","Dialogue: Nick: O M G girls 
Wendy: what's going on?!?
Greta: ???
Nick: Emily kissed with some girl at the party last night and her boyfriend saw everything! 
Greta: DAMN! I have to tell my gurrrls! brb
Wendy: Oh, I love juicy gossip! 
Summary: Emily kissed a girl at the party last night and her boyfriend saw it.
Dialogue: Lisa: Good morning! :-D
Linda: Hi there!
Lisa: I feel it's going to be a beautiful day :-D
Linda: Do you?
Lisa: What's going on? I sense some blues...
Linda: Oh... It's a crappy morning for me. I have to leave my apartment.
Lisa: Oh no... Till when? Why? How did it come about?
Linda: I learnt about that while I was leaving the apartment block. I met the landlord and he handed me a notice. I've got 3 months to vacate the apartment. Why? I don't know. He may have a new tenant, for example some family member. He may as well want to sell it. It doesn't matter.
Lisa: 3 months. That's not bad.
Linda: It isn't. You're right. Still I thought I'd stay there longer. I like that place.
Lisa: Yeah... it's quite comfy and close to the office.
Linda: And not that pricey.
Lisa: Put some post on FB. Maybe someone from your friends has an interesting place to rent. It's always better to do such business with someone you know.
Linda: I'll think about it.
Lisa: Why are you hestitating?
Linda: I don't like posting such news. I feel as if I was losing my privacy.
Lisa: Come on! You're exaggerating. You may get some help. That's easier than you think.
Linda: I'll think about it, ok?
Lisa: Ok. I'll think about it too. I have friends too, you know :-p
Linda: I should think so :-p
Lisa: Don't worry. 3 months that's almost a hundred days. You'll find something :-)
Linda: Thanks :-)
Summary: Linda has to vacate her apartment in 3 months. She refuses to ask people on Facebook if anyone has a place to rent, as Lisa suggested.
Dialogue: Jeffrey: i'm thinking about driving for uber :-D
Jeffrey: what do u think?
Shannon: i'm surprised you want to drive for uber!!! lol
Shannon: that's so unlike you
Shannon: why do you want to drive for uber?
Jeffrey: the extra money could come in handy
Jeffrey: i want a new flat screen tv and those are expensive :-/
Jeffrey: i think if i drive for uber for a couple of weeks i can make that money
Shannon: you don't mind putting mileage on your car?
Jeffrey: not really
Shannon: and having strangers in your card?
Jeffrey: no, i really don't
Shannon: then maybe uber driving it's a good idea
Jeffrey: yeah :-D i'll give it a try
Shannon: please let me know how it goes!
Shannon: i'm genuinely curious lol
Summary: Jeffrey is considering driving for Uber as he needs money to buy a new TV. Jeffrey doesn't mind putting mileage on his car or driving strangers.
Dialogue: Karine: the date for the celebration has been scheduled for june 30th. Could you confirm it's ok for you
Eleonore: great, thank you so much. You may count on me. 
Karine: ok. Don't forget to send me you written confirmation. How many of you will participate?
Eleonore: For sure 3 people. I'll let you know about Jane asap.
Karine: thanks
Summary: Eleonore and two other people will take part in the celebration on June 30th. Eleonore will let Karine know about Jane asap.
Dialogue: Szczepan: when are you available?
Roman: Either weekends or weekdays early mornings
Roman: What's up?
Szczepan: just wanted to talk to you about the project
Szczepan: If you are okay with it
Roman: Sure, how about in 2 hours?
Szczepan: I'll try to stay up
Roman: Ok, I'm in the city now
Roman: Give me few minutes to find some quiet place, so we can talk
Szczepan: oh okay
Szczepan: i'm ready in 5 minutes
Roman: Ready for mic test?
Szczepan: yup!
Summary: Roman is available either on weekends or on weekday early mornings. Roman and Szczepan will meet in 2 hours to talk about the project. Roman is in the city now and he has found a quiet place where they could talk.
Dialogue: Sophia: hey girl! How you getting on today?
Ella: I’m good! You ok?
Sophia: i’m fine. Do you wanna grab a coffee or something tomorrow morning?
Ella: yeah, why not. I’ve got some spare time in the morning
Sophia: 9 am. same place as always?
Ella: yeah, sounds brill! Sheila’s cafe. See you there hon!
Summary: Ella and Sophia will meet at Sheila's cafe tomorrow at 9 AM.
Dialogue: Chandler: hey Mony, I'm at the restaurant.. You wanna eat something??
Monica: Where you at right now??
Chandler: Two Broke Engineers
Monica: Ohkay.. Grab a lasagnia for me...
Chandler: And ?? Just lasagnia .. How will you survive with just lasagnia?? YOU FOODIE :wink
Monica: okay okay.. Bring cheese cake from cheese factory..
Chandler: haha.. That's more like my Mony..
Monica: hahaha!!! Tomorrow i will start my diet xD
Summary: Chandler is at the restaurant ""Two Broke Engineers"". He will grab some lasagnia for Monica and cheese cake from cheese factory. Monica plans to start a diet tomorrow.
Dialogue: Peter: Hi, wanna grab something to eat after work?
Diana: Sure, maybe that new restaurant at Elm Street?
Peter: You read my mind, I was gonna suggest that :)
Diana: Perfect, see you there at 4.
Peter: See ya <3
Summary: Peter is asking Diana if she wants to go eat with him. Diana is suggesting a new restaurant at Elm Street, a place where Peter also wants to go. They both will meet there at 4. 
Dialogue: Caroline: I'm on way...
Caroline: can u put my lunch box in the microwave? 
Jeff: kk, done :D
Caroline: <3
Summary: Caroline asks Jeff to warm up her lunch box in the microwave.
Dialogue: Fiona: do u have a pad?
Cacily: yes, want one?
Fiona: yes, please
Summary: Cacily will give Fiona a pad.
Dialogue: Kate: Give me the pics :********
JC: Tonights pics? 
Kate: yeah
JC: <file_other>
Kate: :P
JC: :P
Summary: JC sent pictures to Kate.
Dialogue: Natalie: I've booked the hotel.
Sandra: Good, the one in LA?
Natalie: Yep, the Green Leaf.
Nick: Good, is it what  think it is? 
Natalie: <file_gif>
Sandra: My clock shows 420!
Nick: I've heard about the place, they have the best purple haze!
Natalie: And white widow!
Sandra: Can't wait! Maybe we can go shopping before...
Nick: Before munchies, you mean? :D
Natalie: <file_gif>
Sandra: Hey guys, maybe a puff outside the campus? Are you free in 30'?
Nick: On our bench?
Sandra: That's right!
Summary: Natalie has made a booking at the Green Leaf hotel in Los Angeles. They've got the best purple haze and white widow at the Green Leaf. Natalie, Sandra and Nick are going to meet in half an hour on their bench to have a smoke.
Dialogue: Ann: Do u know what time John will be back?
Mike: I have no idea.
Mike: Why?
Ann: I want to visit him, but I don't want to call him because of his mom :(
Mike: I see…
Mike: I'll call u later!
Ann: ok, thx :*
Summary: Mike doesn't know when John will be back. Ann wants to visit John, but doesn't want to call him because of his mom. Mike will call Ann later.
Dialogue: Anna: What are you wearing for the party?
Maureen: <photo_file>
Laura: <photo_file>
Summary: Maureen and Laura are going to the party.
Dialogue: Maria: Where is the concert?
Tom: Hall 5
John: I'm waiting for you at the entrance
Summary: The concert is in Hall 5. John is waiting near the gate.
Dialogue: Annie: need anything from Carrefour?
Annie: I will pop in to get some food.
Annie: and toilet paper ;)
Katie: no thanks Im fine
Annie: lucky you!
Katie: see you later
Annie: bye!
Summary: Annie will go to Carrefour to buy some food and toilet paper.
Dialogue: Angela: How's the party?
Brian: <file_gif> 
Angela: <file_gif> 
Angela: What time are you getting up tomorrow?
Brian: I have a meeting at 11am, so definitely not before 10 :D
Summary: Brian has a meeting at 11 am, so he's not getting up before 10. 
Dialogue: Monica: I'm so nervous...
Monica: he's active  but silence so far..;-( ;-(
Paula: take it easy girl!
Paula: he might be simply busy...;-)
Monica: True, but I've got this gut feeling.. he's not...:/ :/ 
Paula: hey you! stop overanalyzing!
Monica: wait,he wrote ""hey...""
Monica: bb l8er.
Summary: Monica's nervous about not being contacted by him. In the end he writes to her.
Dialogue: Danielle: just finished the last episode of house of cards, we can talk about it finally
Haley: so? what do you think?
Danielle: i am disappointed, it's just not the same without Kevin Spacey
Haley: i know... they should not have kicked him out
Danielle: yeah, I mean i liked how strongly they portrayed woman and everything but... something was missing
Haley: not something - Frank Underwood was missing
Danielle: agreed... it's really a shame, it was such a good show
Haley: yeah, everyone just turned from fans straight to haters because of Frank's absence
Danielle: totally justified lol
Haley: ye, i am glad it's over ;) i would not stand another crappy season
Summary: Danielle and Haley are disappointed with the way ""House of Cards"" ended. They agree it was not the same without Kevin Spacey's character.
Dialogue: Tag: Hey guuurl
Angela: ??
Tag: Wanna come over tonight?
Angela: I would appreciate if you'd stop harassing me.
Summary: Tag should stop harassing Angela.
Dialogue: Jake: So I'm leaving an hour earlier today.
Renee: Why?
Jake: Dana made an appointment for me on my lunch with a customer. Wasn't that nice?
Renee: Is she bringing you lunch at least?
Jake: No leaving early is fine though.
Renee: Won't you be starving?
Jake: Probably but I can live off my fat!
Renee: LOL!
Summary: Jake has to leave one hour early today as he had a meeting with a customer in the lunch time so he didn't eat.
Dialogue: Anne: Hello, I'm sorry but I have to cancel my appointment
Anne: Today 7pm Doctor Kumar
Tamara_reception: Good morning. Would you like to make another appointment?
Anne: Yes but I'm not sure if I can make it this week. How about next Tuesday?
Tamara_reception: Available hours for next Tuesday 22/01: 12:30, 14:00, 14:45. Please use our reservation system available on our website
Tamara_reception: <file_other>
Summary: Anne cancelled her today's appointment with Dr Kumar at 7 pm. Tamara_reception sends her a link to their reservation system on their website so that Anne can book another appointment next Tuesday.
Dialogue: Catherine: hey stef
Stefan: whats up Cate?
Catherine: im cool, what about you
Stefan: me too, whatsup, i know you?😜🤣
Catherine: haha, i need your help
Stefan: i knew it..what is it
Catherine: im bored, come get me
Stefan: haha, alright then
Summary: Catherine is bored and wants Stefan to come get her.
",[Allison has got a scholarship.],1918,samsum,en,,ca6fb212b9d2438c491347edeb4c831574dbce05156acabb,165,1
"Dialogue: Jeff: Should we go to the village party?
Lia: I'm too tired after hiking
Mico: I'd like to go, there may be some hot boys!
Lia: I doubt
Jim: like a real village boy?
Jim: who doesn't even speak English?
Mico: yes, the dummer, the better
Jim: haha, stupid fucks good, they say
Mico: I confirm!
Lia: not my cup of tea
Mico: I'll go there, who wants to join?
Jeff: I'll go as well
Mico: wanna drive?
Jeff: so you could drink?
Mico: would be nice, hahah
Jeff: not excited, but ok
Mico: thanks!
Summary: ","Dialogue: Sandra: I've got pms and I'm so hangry!
Sue: hah, same here:D
Sue: i could be eating and eating today
Sue: I've just had fish fingers and a banana and I'm still hungry
Sandra: what???? o_O??
Sandra: fish fingers and a banana?
Sandra: maybe u're pregnant?
Sue: hah, nope, I don't think so...
Sue:  I can anything these days...
Sandra: me2 and then I'm getting more and more swallen
Sandra: actually  I look like a pig today day and my face is so round <file_gif>
Sandra: Tom wanted to meet but I refused...
Sue: wise choice:D 
Sue: u know what? maybe it was not the best choice to eat fish and a banana...
Sue: I want to puke now...
Sandra: sounds like a plan ^^
Sue: fuck u bitch!
Sandra: or u can drink some mint, it always help me
Sue: ok, i'll try, thx
Sue: anyway, I need to rest now, bb l8er
Summary: Sandra has PMS and is not feeling well. She canceled her meeting with Tom. Sue has eaten a banana and fish fingers and is feeling nauseous. Sandra thinks drinking mint might help.
Dialogue: Homer: I'm going to take a nap.
Lois: You should put your phone in airplane mode.
Homer: That's a good idea.
Lois: Do you want me to wake you up in an hour?
Homer: No, thanks. Just let me sleep until I wake up.
Lois: Ok, get some rest.
Summary: Homer is going to take a nap and doesn't want to be woken up.
Dialogue: John: GUESS WHAT
Frank: hmm?
John: I'm getting a dog!
Frank: whoa, you're parents gave in???
John: yeah!!!
John: I honestly thought they never would
John: especially mum said no way, that she knew who'd end up having to take care of everything
John: but I promised I'd arrange it so I could go on walks during lunch and so on
Frank: wow, congratulations, man
Frank: you've always told me that you'd like to have one and the day has finally come!
John: I'm honestly SO happy
Frank: are you adopting or getting a purebred?
John: dad keeps telling me to get one from a breeder, but I really think it's better to adopt
John: I mean those little guys just get killed if they aren't adopted...
John: and I don't have any particular breed in mind anyway
John: I just know I'd like a larger one
Frank: I was about to ask you that, haha
Frank: can't picture you with a chihuahua
John: well, I guess I'll see at the shelter, who knows
John: I might just fall in love with a tiny dog
Frank: will your parents be going with you to choose one?
Frank: I was a little reluctant about this at first but I guess since we live together, it seems only fair that they have a say in that
John: I hope they won't be making any more problems, then
Frank: me too... I really hope so
Summary: John's parents finally let him have a dog. John prefers to adopt one. He will go to a shelter with parents.
Dialogue: Alexander: you know that serbian independet film i've been wanting to watch for a while?
Karina: no
Karina: i have no idea what you're talking about :-/
Alexander: we've seen the previews together
Alexander: it's in black and white
Alexander: yellow subtitles cover half of the screen... you really don't remember?
Karina: i don't, sorry :-(
Alexander: i swear we've seen the preview about 100 times
Karina: lol it doesn't ring a bell!! hahahah
Alexander: anyway, it's coming out TONIGHT!!!
Alexander: i'm so excited, you wanna come with me?
Karina: i can't i'm sorry :-/
Karina: i have to wake up really early tomorrow for track practice
Karina: i need my 8 hours of beauty sleep
Alexander: your loss k
Alexander: i hear this is THE movie of the year
Karina: have a great time!
Summary: Alexander is excited about a new film coming out and invites Karina to the cinema tonight, but she can't make it. 
Dialogue: Dolores: tired?
Jack: exhausted...
Jack: ;(
Dolores: I can imagine... 
Dolores: are you coming back already?
Jack: Yeah, I should be home in half an hour
Dolores: OK
Dolores: Maybe I should reschedule my appointment and wait for you?
Jack: no, don't do that
Jack: you've been waiting for this for a long time
Jack: I'll manage. Is there anything to eat?
Dolores: Sure, there's a whole lasagna for you in the fridge.
Jack: great
Jack: Don't worry about me, honey, just do your thing and I'll see you in the evening
Dolores: OK, if you say so. Love you, hun. ;*
Jack: Love you too :*
Summary: Jack is coming home. Dolores has an appointment set but she left him a lasagne in the fridge.
Dialogue: Kai: We got a new puppy!
Anna: Oh! I want to see!
Kai: You will.
Anna: What's the name?
Kai: Pepper! He has black spots! <file_pic>
Anna: Cutie!
Summary: Kai got a new puppy. His name is Pepper. 
Dialogue: Mariella: Anybody wants a sandwich?
Marion: are you going to the fat lady?
Mariella: yes!
Jerry: buy one for me, with pecorino cheese
Marion: and for me, one with cheddar
Mariella: done!
Summary: Mariella will buy a pecorino cheese sandwich for Jerry and one with cheddar for Marion.
Dialogue: Lynn: I don't get it.
Norrie: What?
Lynn: Why do men like fishing so much?
Pat: My husband goes fishing every time he can. And he takes our son with him.
Lynn: And what do u then?
Pat: Invite u over ;) 
Norrie: Rotfl
Lynn: Still, what's so interesting about fishing?
Pat: Maybe they want to be alone for some time?
Norrie: Maybe they need some time off from us? ;)
Lynn: Mine says it's relaxing.
Pat: I relax in the bathtub. I don't need to leave home for a couple of days.
Norrie: I read books. Cheaper than fishing ;)
Lynn: That's another thing! Why does it have to be so expensive?
Pat: Don't know. What u really need is a rod and a line. And that's it.
Norrie: Mine keeps all these insects and bugs in the garage! Eyew!
Lynn: And u allow him to do that?
Norrie: I don't really have a choice.
Summary: Lynn is wondering why men are so interested in fishing.
Dialogue: Sash: what you on
Red: nowt
Sash: im comin over
Red: ok 
Sash: make sure you got the controller
Red: fuck off mate bring ur own
Sash: cmon dont be like that
Red: no you bang the fuck outta my shit 
Sash: ok ok
Summary: Sash is coming over to Red's with his own controller.
Dialogue: Erin: hey girls, Jerry just said the wifi is down in the camp so for now I will stay in my apartment ;)
Alice: ok, thanks for the heads up!
Erin: I might go for an afternoon swim in the pool though ;)
Becky: Sounds good to me!
Alice: Count me in, too! What time?
Erin: 3pm?
Alice: Alright :)
Becky: Good, see you then ;)
Summary: Wifi is down in the camp. Erin will stay home now. Erin, Alice and Becky are going for a swim at 3 pm.
Dialogue: Chris: How come you're always right
Tom: ?
Chris: You told me she won't be good and she was a disaster.
Chris: Lost 30€ on her.
Tom: Who?!
Chris: Just left a mess behind no better that before.
Chris: That fricking cleaning woman!
Tom: Not my fault. I told you to take one with references.
Chris: Couldn't find any on such a short notice.
Chris: Blast! Dunno how to sort it out now.
Summary: Chris lost 30€ on the cleaning lady who didn't do her job properly.
Dialogue: Jamie: Never heard of him
Anne: If you're not kidding, are you in for a treat!
Jamie: not kidding, I'm (sad)? to say
Anne: He has a small but pivotal part in Get Out and he's fantastic as the lead in Sorry to Bother You. And while Death Note and The Girl in the Spider's Web aren't particularly good movies, he's good in them.
Jamie: thanks, I'll keep my eyes peeled 👍
Anne: Watch him in the tv series Atlanta with Danny Glover.
Jamie: Sure, i will :)
Summary: Anne likes some actor even though she didn't enjoy his movies. Jamie never heard of him but will watch him in the tv series Atlanta with Danny Glover.
Dialogue: Theresa: Is anybody at the gym today?
Camilla: I'm heading there in 10 minutes, why?
Josh: I'll go to the gym as well probably later today
Theresa: I just lost my wallet somewhere and I suppose it could be in the gym
Theresa: could you ask at the office there?
Theresa: if the cleaning ladies found anything
Camilla: sure, I will
Camilla: and let you know
Theresa: thx!
Summary: Camilla will be going to the gym in 10 minutes. Josh will go to the gym later today. Theresa lost her wallet somewhere. Camilla will ask at the gym office if it has been found and let Theresa know. 
Dialogue: Matt: I'll be there at 8:15pm or so.
Matt: Waiting for you in the lobby.
Jane: Cool. I'll come down.
Jane: Let me know when you do get here.
Matt: BTW any idea where we're going out to eat tonight?
Jane: Nope. I asked the guys at reception but they reckon it is all dead expensive around here.
Jane: Thought you might have some ideas. ;-)
Matt: I was thinking of just going for a walk and see what we find.
Jane: Kinda lovely idea but it's like minus 5 out there.
Jane: Think we'll turn into icicles before we find dinner. LOL
Matt: Fair point!
Matt: I'll see what uncle Google has to say about eateries around here.
Jane: :-)
Summary: Matt will be waiting for Jane in the lobby tonight at 8:15 p.m. or so. According to the hotel staff, the nearby restaurants are expensive, and it's cold outside, so Matt will use Google to look for a place to eat.
",[Mico and Jeff will go to the village party. Jeff will drive.],1794,samsum,en,,e5b2529de4edb475662403295e8fb4c639067de48ea3fa13,1,1
"Dialogue: Eric: Hey Bella, What happened today in boss's room?? Was he angry??
Bella: NO NO!!! He wasn't angry at all.. He actually appreciated on our brave deccision to dismiss the request of client..
Eric: REALLY!! He appreciated this decision..
Bella: Yeah he really did.. I too was astounded by his reaction...
Eric: What could possibly lead to this?? I mean , they were potential clients...
Bella: What he told me was that he was looking forward to bring in new clients which were our current client's competitor..
Eric: Oh that could possibly be the reason.Well anyways you got appreciation xD congo	
Bella: hahaha Blessing in disguise xD
Summary: ","Dialogue: Eva: u home?
Darren: yeah
Eva: Wanna grab sth to eat?
Darren: Sure, where?
Eva: I'll pick u up in 15 min
Darren: ok, see u
Summary: Eva is picking Darren up in 15 min to grab something to eat.
Dialogue: Stanley: Have you ever tried parachuting?
Tim: No, why?
Stanley: Oh, nothing. I thought you did.
Tim: Nope. It's not for me.
Summary: Tim has never tried parachuting.
Dialogue: Nina: Where are you?
Tim: in the main room
Alice: me too, come and join us
Nina: ok!
Summary: Nina will join Tim and Alice in the main room.
Dialogue: Andy: Does anyone have a spare lego ice cream van?
Joe: Bit random?
Andy: I know but it for my sons collection. He is obsessed and he has it in his mind that the only thing completing his collection would be an ice cream van. 
Bob: I have a spare Pizza truck? double Christmas present, unopened. would that do?
Andy: I'm not sure but I'll ask.
Joe: maybe you can put some stickers on and convince him that pizza vans sell ice cream?
Bob: Not a bad idea!
Andy: I'll go for it, how much do you want for it?
Bob: £10?
Andy: perfect! thanks! 
Summary: Andy is looking for a lego ice cream van. Bob has a spare Pizza truck. Andy will buy it from Bob for £10.
Dialogue: Jordan: Any idea how we’re getting to the festiwal? By car, plane or train? Let me know all.
Amy: I’m all in for the train. It’s really quick and good value for money. And it doesn’t involve losing time in traffic :)
Peter: Yeah, but I guess there’s gonna be some luggage to be carried from the station. Will we manage?
Andy: Haha, I’m the strongest man on Earth, I’m carrying the whole world on my shoulders ;). I thought of a car, but I think train will suffice.
Jordan: Haha, who let this dude join our trip ;) ? So we’re all good on taking the train?
Patrice: Hey, what about me? Did you forget me?
Amy: No, we were just waiting for everyone to express their opinion Pat :) Are you okay with the aggreements?
Patrice: I guess, but I’m not sitting next to Andy haha!
Andy: The whole world hates me… How did I deserve that :(?
Amy: Right Andy, I’ll sit with you. Jordan, I guess we’re all set. Would you book the tickets?
Jordan: Perfect, appreciate your organisational skills ;). So 5 tickets it is. We’re leaving at 9am, don’t come late! 
Patrice: So great! Can’t wait folks! Xoxo
Amy: Me too <3
Summary: Jordan, Amy, Andy, Peter and Patrice will take a train to get to the festival, and Jordan will book five tickets for the train at 9 am. 
Dialogue: Sebastian: She wrote back!
Dave: Hahahaha, Janet?
Sebastian: Yes :) She wrote that she's sorry for not replying for my messages, but she's been abroad.
Dave: Hm... and that's it?
Sebastian: No, we've talked a little
Dave: And? How's she?
Sebastian: I think she's cool, we talked a bit about jobs, cinema, etc.
Dave: When are you going to meet?
Sebastian: Hasn't asked her out yet...
Dave: Dude, what are you waiting for?
Dave: Is she hot?
Sebastian: Oh yeah
Dave: Wait a bit longer until she's gone, great plan :P
Sebastian: But where should I take her?
Dave: Just go for a drink, don't make it too fancy
Summary: Sebastian likes Janet. She wrote him after a while. Dave suggests Sebastian asks her out before she is taken by someone else.
Dialogue: Jayda: How good of a dancer are you?
Rowan: I have never danced :/
Jayda: damn :/
Rowan: Why are you asking?
Jayda: I need a partner for prom night 
Rowan: I would manage some one dont worry
Jayda: K :)
Summary: Jayda needs a partner for prom night, but Rowan can't dance.
Dialogue: Morgan: Don't forget about the meeting
Abby: How can I forget when you keep talking about it every 10 minutes
Morgan: You know that it is important to me
Abby: I know
Abby: Don't worry I'll be there
Morgan: Thank you
Summary: Morgan and Abby will attend an important meeting.
Dialogue: Eva: i have nothing to wear
Grace: as always
Eva: but today i MUST look gorgeous
Grace: as always
Eva: but today im going out with Tom
Grace: Tom Morgan?
Eva: of course, Tom Hotty Morgan
Grace: restaurant?
Eva: yes, La Donna Pasticella 
Grace: so maybe this red dress?
Eva: too long
Grace: hmm, this orange is shorter
Eva: i will look like Orange tree, with my green hair
Grace: black is too obvious
Eva: black is always a good idea ;)
Summary: Eva is going out with Tom Morgan and she wants to look gorgeous. They are going to La Donna Pasticella restaurant. Grace suggests a red or orange dress but Eva prefers a black one.
Dialogue: Gloria: Hi Tony, meant to ask you about it for some time now. Will a possible Brexit affect your business?
Tony: In Britain the farce of Brexit looms over everything all day every day. It's going to affect us all in a most adverse manner. No doubt about it.
Gloria: I'll never understand why so many voted for it.
Tony: Nor will I. It is hard to believe that as a nation we have been so stupid as to vote to leave the EU. Utter and sheer short-sightedness.
Tony: When the French protest against their government, they do it on the streets with their Gilets Jaunes. We do protest votes against the government. I’m not sure which nation has developed the more stupid way to object to our government!
Gloria: But will you in your printing business be affected?
Tony: Dunno yet. Actually I've had very few commissions from abroad, so not directly. But we are all going to have less money in our pockets. So there'll be less interest in fancy printed matter.
Tony: But that will affect my holiday plans! And I hate that! The whole nonsense of exchanging money leaves me sick. I've always been out of pocket, no matter whether in Austria or France. And now with the pound going down the drain...
Gloria: We are hardly meeting any British tourists in Mexico now. One couple in Campeche the other day but they said they're attending a convention or sth.
Tony: That's what I mean. We'll be stewing in our own splendidly isolated sauce again.
Gloria: Don't worry. You can always visit us in Austria paying your pounds which we will then spend visiting you in England.
Tony: That's a good plan. But how about me visiting France or Spain??? Any family or friends there?
Gloria: Do you think the second referendum is an option?
Tony: Definitely. Those morons voted ""for"" out of ignorance, out of sheer lack of knowledge and understanding. Common awareness of economic and political consequences of Brexit has made a quantum jump in this country as late as in the last few months.
Tony: And if you ask me, the Irish border issue cannot be solved thru' any diplomatic channels. It either stays open, the way it is now, or we have a new armed conflict with no prospect of being settled.
Gloria: Hasn't it started yet?
Tony: Yes. I fear the worst.
Gloria: Oh Tony... So wretched....
Summary: Tony's business will be affected by Brexit and both her and Gloria will never understand why people voted for it. It will also affect Tony's holiday plans. Gloria can hardly meet any British tourists in Mexico. Tony thinks the second referendum is an option.
Dialogue: Colin: I think the modern world is unhealthy, we’re not supposed to live like this. It used to be that someone was either alone or had real engagement with other people. But now you have neither
Kellie: Interesting. Why?
Colin: You’re never really alone because of phones, facebook, instagram, etc.
Kellie: Well, I agree. People don’t engage with others in the same way. 
Colin: I believe that we’re not as good at forming close bonds because of social media. 
Kellie: Can you imagine that people call it ‘progress’?
Summary: Colin and Kellie agree that human relations and abilities to form close bonds with others have deteriorated because of social media.
Dialogue: Mick: guys where are you
Damon: eeeee where are you? xDD we're at the pub
Mick: which pub
Tim: devil's face
Time: hurry up
Mick: ok coming
Summary: Mick is joining Damon and Tim in the Devil's Face pub. 
Dialogue: Anna: I'm so sorry Tobi for the situation
Tobi: c'mon, it's not your fault
Anna: But I saw how stressful it was for you
Jeff: what happened?
Leland: sounds serious
Anna: We were stopped at the border, we couldn't enter Pakistan
Leland: why? i've done this trip many times
Anna: Pakistan doesn't recognise Armenia, as the only state in the world apparently
Anna: and Tobi has an Arminian passport, so they didn't allow him in
Anna: and we didn't understand what it was about
Tobi: my boss didn't answer phone calls and we were supposed to have a business meeting in Islamabad
Anna: so I had to continue to Islamabad and Tobi returned to Ahmedabad
Leland: a very strange story, I'm sorry Tobi for that
Tobi: no problem, after all I had an extra free day and it was not my fault :P
Leland: hehe
Summary: Tobi couldn't cross the Pakistani border on Armenian passport. Anna could continue the business trip to Islamabad. Their boss didn't answer the phone to confirm, so Tobi had to go back to Ahmedabad.
",[Bella and Eric dismissed a request of a client. Their boss appreciated the decision. He brings in new clients.],1734,samsum,en,,100d6b1317c0e92000461be559a341f8b821838f88b7cc35,98,2
"Dialogue: Amanda: have you seen the guy with dreads?
Peter: yes, so awkward!
Dan: hahaha, very, but cool!
Amanda: I'm not convinced
Summary: ","Dialogue: Courtney: Did you ever get that card I sent?
Josh: Nope!
Courtney: I swear I sent it! I feel bad!
Josh: Why?
Courtney: 'Cause it's like I missed your birthday but I really didn't!
Josh: I know. Don't worry.
Courtney: But you didn't get my card! I wonder why...
Josh: Who knows?
Courtney: I'll send another one. Belated!
Josh: Don't bother, it's the thought that counts.
Courtney: I know but...
Josh: Really, don't worry.
Courtney: Okay. What did you do for your birthday?
Josh: Went to Vegas! My first time there without parents. It was a blast!
Courtney: Oh boy!
Josh: Yeah, we did it up!
Courtney: I bet!
Josh: Did a little gambling too.
Courtney: Did you win?
Josh: Nope! But we had fun.
Summary: Josh didn't receive Courtney's card. For his birthday he went to Vegas and loved it.
Dialogue: Claire: How does it feel to turn 30?
Roberta: It's like any other birthday 
Roberta: You don't become ""mature"" from one day to the other
Gertrude: I had a big party but nothing really changed
Gertrude: I don't feel significantly older 
Claire: I'm turning 30 next week!
Gertrude: Welcome to the club
Summary: Claire's 30th birthday is next week. Roberta and Gertruda are already 30 and don't feel any different than before.
Dialogue: Jamie: Do you know if I can share a netflix account with someone else?
Cal: I guess it should work on 2 or more devices
Jamie: it does but its for one user right?
Sian: what do u mean?
Sian: u want 2 or more users within one account?
Jamie: yes. to be able to watch different shows at the same time
Cal: I think its possible but I don't know if it's cheaper than 1 account/1user
Jamie: ok I'll google that. my free month is over :(
Sian: what are u watching?
Jamie: Turn
Sian: boooring...
Cal: haven't heard of it
Summary: Jamie's free trial of Netflix is over and he is considering signing up for a shared account. He was watching ""Turn"", which Sian finds boring.
Dialogue: Alice: good morning
Patrick: Morning
Alice: I went last night to give the report but those shitty people can't do anything. They don't even want to do anything. I told them there was a camera instead of the bus. But they said it wasn't working probably. They didn't even want to check anything
Patrick: Oh shit that's fucked up
Alice: :( I really hate this place. From the beginning u hate it
Patrick: Shame I can imagine, especially after this has happened
Alice: Yes. If I only could get this Damn guy and a baseball bat... oh poor guy
Patrick: Hahaha you'd kill him
Alice: No. But he would regret what he did. And he probably would never have children
Patrick: He didn't stop you from having children by taking your chain. Haha why would you do that?
Alice: I don't care. He pissed me off. That would be his punishment. Oh Damn i would use this baseball bat properly on him. I could almost kill him. Damn, fuck this. I will be that rich that I will buy 100 things like that which was robbed. I just think now how he even could just come to me and take it just like this when people where around! How he could just break it off from my neck! My neck?! And touch me
Patrick: Yea that's fucked up
Alice: I'm not racist but from yesterday I hate all Arabic people like him.
Alice: <file_photo>
Alice: He did it, it's not a lot. But he did it
Patrick: Oh he was Arabic?
Alice: Yes
Patrick: Shit that's quite some bruising. Wish I could punch him for you
Alice: Wish I could do it alone with the whole anger I have inside of me
Summary: Alice went to the police (probably) to give a report as she was robbed yesterday, but they did not want to help her. Then Alice tells Patrick more about the assault and wants revange on the Arabic guy who did it.
Dialogue: Amelia: <file_other>
Amelia: black friday %%%
Olivia: <file_gif>
Jessica: all products?
Amelia: no :(
Jessica: and serie elixir of nature?
Amelia: unfortch no :(
Olivia: but honey bronze is 50% off
Summary: Amelia informs there are Black Friday discounts on some products.
Dialogue: Violet: FWIW, I'm not going tonight.
Louie: Whatevs. You do you.
Violet: She pissed me off so no way am I going.
Louie: Fine! Have it your way!
Summary: Violet is very upset so she is not going out tonight.
Dialogue: Jane: What was that tv series you were watching all the time in high school?
Emma: gossip girl?
Jane: yes that one
Emma: why? :D
Jane: I feel like watching something stupid
Jane: they're killing me at work
Emma: yep, gossip girl is definitely stupid :D
Summary: Jane would like to watch Gossip Girl.
Dialogue: Andy: Check this out: [link]
Kate: It doesn't open.
Philip: I'll check it later!
Summary: Kate can't open the link Andy has sent. 
Dialogue: Brisa: I cant install windows on my PC
Ean: How can I help
Brisa: Can you come to my house?
Ean: I am busy right now will come after 2 hours
Brisa: K
Ean: Or maybe my elder brother can help
Brisa: That would be fine
Ean: I am calling her to come to ur home
Brisa: Thanks
Ean: I have given him your number, tell him ur address when he calls you
Brisa: Ok sure
Ean: Would he install drivers?
Brisa: He will take care of everything, dont worry
Summary: Brisa cannot install Windows on her PC. Ean cannot help her right now, but he is sending his older brother to her house. 
Dialogue: Tonya: What do you think about Trevor?
Melissa: who is it? LOL
Tony: LOL indeed, the tall guy in a black sweater
Melissa: still doesn't ring a bell
Chloe: the one that said he's bisexual
Melissa: this one!
Melissa: he's hot!
Tonya: right?! very intriguing
Melissa: but bi...
Tonya: but is it worse to be cheated on with a boy than with a girl?
Tonya: I'm not even sure I wouldn't prefer my bf to sleep with a guy
Tonya: at least he really has something I don't 
Chloe: ahhaha
Chloe: yes, but will you be ever enough?
Tonya: I don't think love is that much about sex, I may not be enough in comparison with a smarter woman as well 
Chloe: dunno
Summary: Tonya, Melissa, Chloe, and Tony are gossiping about Trevor. Melissa finds Trevor hot. Chloe remembers Trevor is bisexual. Tonya doesn't think love is about sex.
Dialogue: Eva: I've signed the agreement
Tina: You did? omg so happy for ya
Eva: Thanks:) I am super excited
Barb: Omg babe! awesome!
Eva: hahaha thanks! I didn't know it's gonna be so emotional!
Barb: Hell yeah! It's kinda binding for 25 years you know, kinda scary
Eva: I know, but, Mat and I are getting married so after that we're gonna consolidate or sth and pay it off together faster
Barb: You guys are getting married? 
Eva: Yes we are! you didn't know? 
Barb: First time hearing this
Tina: No worries I just found out myself
Barb: Anyway! Congrats love! You guys are awesome!
Eva: Thank you so much! It's an exciting time
Barb: Well I hope we're all invited for the housewarming party
Eva: Of course! I'll be sending emails
Summary: Eva signed the agreement. She and Mat are getting married. They will organize the housewarming party in their new flat.
Dialogue: Marisa: First day back at school and he lost his book! xxx
Paul: oh dear! not a good start! :(
Tina: Oops!
Karen: what a big deal?! i lost my car keys yesterday! went to work by bus and got late only to find out they were in my bag!
Tina: haha! so funny!
Freddie: it was just a book..
Tracy: it will probably turn up! x
Marisa: last week he lost his lunchbox and 3 weeks ago a school jumper!!!
Billy: how careless!
Heather: he did on purpose! i know he did! haha! x
Marisa: next time he'll lose his whole bag! x 
Summary: He is careless and has been losing things at school.
","[Amanda and Peter don't like what the man in dreads looks like, but Dan does.]",1415,samsum,en,,06579eaea3267676100c47cf3a32d27623e0f0baf0eeede1,57,1
"Dialogue: Jeff: Should we go to the village party?
Lia: I'm too tired after hiking
Mico: I'd like to go, there may be some hot boys!
Lia: I doubt
Jim: like a real village boy?
Jim: who doesn't even speak English?
Mico: yes, the dummer, the better
Jim: haha, stupid fucks good, they say
Mico: I confirm!
Lia: not my cup of tea
Mico: I'll go there, who wants to join?
Jeff: I'll go as well
Mico: wanna drive?
Jeff: so you could drink?
Mico: would be nice, hahah
Jeff: not excited, but ok
Mico: thanks!
Summary: ","Dialogue: Sandra: I've got pms and I'm so hangry!
Sue: hah, same here:D
Sue: i could be eating and eating today
Sue: I've just had fish fingers and a banana and I'm still hungry
Sandra: what???? o_O??
Sandra: fish fingers and a banana?
Sandra: maybe u're pregnant?
Sue: hah, nope, I don't think so...
Sue:  I can anything these days...
Sandra: me2 and then I'm getting more and more swallen
Sandra: actually  I look like a pig today day and my face is so round <file_gif>
Sandra: Tom wanted to meet but I refused...
Sue: wise choice:D 
Sue: u know what? maybe it was not the best choice to eat fish and a banana...
Sue: I want to puke now...
Sandra: sounds like a plan ^^
Sue: fuck u bitch!
Sandra: or u can drink some mint, it always help me
Sue: ok, i'll try, thx
Sue: anyway, I need to rest now, bb l8er
Summary: Sandra has PMS and is not feeling well. She canceled her meeting with Tom. Sue has eaten a banana and fish fingers and is feeling nauseous. Sandra thinks drinking mint might help.
Dialogue: Homer: I'm going to take a nap.
Lois: You should put your phone in airplane mode.
Homer: That's a good idea.
Lois: Do you want me to wake you up in an hour?
Homer: No, thanks. Just let me sleep until I wake up.
Lois: Ok, get some rest.
Summary: Homer is going to take a nap and doesn't want to be woken up.
Dialogue: John: GUESS WHAT
Frank: hmm?
John: I'm getting a dog!
Frank: whoa, you're parents gave in???
John: yeah!!!
John: I honestly thought they never would
John: especially mum said no way, that she knew who'd end up having to take care of everything
John: but I promised I'd arrange it so I could go on walks during lunch and so on
Frank: wow, congratulations, man
Frank: you've always told me that you'd like to have one and the day has finally come!
John: I'm honestly SO happy
Frank: are you adopting or getting a purebred?
John: dad keeps telling me to get one from a breeder, but I really think it's better to adopt
John: I mean those little guys just get killed if they aren't adopted...
John: and I don't have any particular breed in mind anyway
John: I just know I'd like a larger one
Frank: I was about to ask you that, haha
Frank: can't picture you with a chihuahua
John: well, I guess I'll see at the shelter, who knows
John: I might just fall in love with a tiny dog
Frank: will your parents be going with you to choose one?
Frank: I was a little reluctant about this at first but I guess since we live together, it seems only fair that they have a say in that
John: I hope they won't be making any more problems, then
Frank: me too... I really hope so
Summary: John's parents finally let him have a dog. John prefers to adopt one. He will go to a shelter with parents.
Dialogue: Alexander: you know that serbian independet film i've been wanting to watch for a while?
Karina: no
Karina: i have no idea what you're talking about :-/
Alexander: we've seen the previews together
Alexander: it's in black and white
Alexander: yellow subtitles cover half of the screen... you really don't remember?
Karina: i don't, sorry :-(
Alexander: i swear we've seen the preview about 100 times
Karina: lol it doesn't ring a bell!! hahahah
Alexander: anyway, it's coming out TONIGHT!!!
Alexander: i'm so excited, you wanna come with me?
Karina: i can't i'm sorry :-/
Karina: i have to wake up really early tomorrow for track practice
Karina: i need my 8 hours of beauty sleep
Alexander: your loss k
Alexander: i hear this is THE movie of the year
Karina: have a great time!
Summary: Alexander is excited about a new film coming out and invites Karina to the cinema tonight, but she can't make it. 
Dialogue: Dolores: tired?
Jack: exhausted...
Jack: ;(
Dolores: I can imagine... 
Dolores: are you coming back already?
Jack: Yeah, I should be home in half an hour
Dolores: OK
Dolores: Maybe I should reschedule my appointment and wait for you?
Jack: no, don't do that
Jack: you've been waiting for this for a long time
Jack: I'll manage. Is there anything to eat?
Dolores: Sure, there's a whole lasagna for you in the fridge.
Jack: great
Jack: Don't worry about me, honey, just do your thing and I'll see you in the evening
Dolores: OK, if you say so. Love you, hun. ;*
Jack: Love you too :*
Summary: Jack is coming home. Dolores has an appointment set but she left him a lasagne in the fridge.
Dialogue: Kai: We got a new puppy!
Anna: Oh! I want to see!
Kai: You will.
Anna: What's the name?
Kai: Pepper! He has black spots! <file_pic>
Anna: Cutie!
Summary: Kai got a new puppy. His name is Pepper. 
Dialogue: Mariella: Anybody wants a sandwich?
Marion: are you going to the fat lady?
Mariella: yes!
Jerry: buy one for me, with pecorino cheese
Marion: and for me, one with cheddar
Mariella: done!
Summary: Mariella will buy a pecorino cheese sandwich for Jerry and one with cheddar for Marion.
Dialogue: Lynn: I don't get it.
Norrie: What?
Lynn: Why do men like fishing so much?
Pat: My husband goes fishing every time he can. And he takes our son with him.
Lynn: And what do u then?
Pat: Invite u over ;) 
Norrie: Rotfl
Lynn: Still, what's so interesting about fishing?
Pat: Maybe they want to be alone for some time?
Norrie: Maybe they need some time off from us? ;)
Lynn: Mine says it's relaxing.
Pat: I relax in the bathtub. I don't need to leave home for a couple of days.
Norrie: I read books. Cheaper than fishing ;)
Lynn: That's another thing! Why does it have to be so expensive?
Pat: Don't know. What u really need is a rod and a line. And that's it.
Norrie: Mine keeps all these insects and bugs in the garage! Eyew!
Lynn: And u allow him to do that?
Norrie: I don't really have a choice.
Summary: Lynn is wondering why men are so interested in fishing.
Dialogue: Sash: what you on
Red: nowt
Sash: im comin over
Red: ok 
Sash: make sure you got the controller
Red: fuck off mate bring ur own
Sash: cmon dont be like that
Red: no you bang the fuck outta my shit 
Sash: ok ok
Summary: Sash is coming over to Red's with his own controller.
Dialogue: Erin: hey girls, Jerry just said the wifi is down in the camp so for now I will stay in my apartment ;)
Alice: ok, thanks for the heads up!
Erin: I might go for an afternoon swim in the pool though ;)
Becky: Sounds good to me!
Alice: Count me in, too! What time?
Erin: 3pm?
Alice: Alright :)
Becky: Good, see you then ;)
Summary: Wifi is down in the camp. Erin will stay home now. Erin, Alice and Becky are going for a swim at 3 pm.
Dialogue: Chris: How come you're always right
Tom: ?
Chris: You told me she won't be good and she was a disaster.
Chris: Lost 30€ on her.
Tom: Who?!
Chris: Just left a mess behind no better that before.
Chris: That fricking cleaning woman!
Tom: Not my fault. I told you to take one with references.
Chris: Couldn't find any on such a short notice.
Chris: Blast! Dunno how to sort it out now.
Summary: Chris lost 30€ on the cleaning lady who didn't do her job properly.
Dialogue: Jamie: Never heard of him
Anne: If you're not kidding, are you in for a treat!
Jamie: not kidding, I'm (sad)? to say
Anne: He has a small but pivotal part in Get Out and he's fantastic as the lead in Sorry to Bother You. And while Death Note and The Girl in the Spider's Web aren't particularly good movies, he's good in them.
Jamie: thanks, I'll keep my eyes peeled 👍
Anne: Watch him in the tv series Atlanta with Danny Glover.
Jamie: Sure, i will :)
Summary: Anne likes some actor even though she didn't enjoy his movies. Jamie never heard of him but will watch him in the tv series Atlanta with Danny Glover.
Dialogue: Theresa: Is anybody at the gym today?
Camilla: I'm heading there in 10 minutes, why?
Josh: I'll go to the gym as well probably later today
Theresa: I just lost my wallet somewhere and I suppose it could be in the gym
Theresa: could you ask at the office there?
Theresa: if the cleaning ladies found anything
Camilla: sure, I will
Camilla: and let you know
Theresa: thx!
Summary: Camilla will be going to the gym in 10 minutes. Josh will go to the gym later today. Theresa lost her wallet somewhere. Camilla will ask at the gym office if it has been found and let Theresa know. 
Dialogue: Matt: I'll be there at 8:15pm or so.
Matt: Waiting for you in the lobby.
Jane: Cool. I'll come down.
Jane: Let me know when you do get here.
Matt: BTW any idea where we're going out to eat tonight?
Jane: Nope. I asked the guys at reception but they reckon it is all dead expensive around here.
Jane: Thought you might have some ideas. ;-)
Matt: I was thinking of just going for a walk and see what we find.
Jane: Kinda lovely idea but it's like minus 5 out there.
Jane: Think we'll turn into icicles before we find dinner. LOL
Matt: Fair point!
Matt: I'll see what uncle Google has to say about eateries around here.
Jane: :-)
Summary: Matt will be waiting for Jane in the lobby tonight at 8:15 p.m. or so. According to the hotel staff, the nearby restaurants are expensive, and it's cold outside, so Matt will use Google to look for a place to eat.
",[Mico and Jeff will go to the village party. Jeff will drive.],1794,samsum,en,,e5b2529de4edb475662403295e8fb4c639067de48ea3fa13,1,2
"Dialogue: Maddie: I'm in Asda, do you need anything?
John: could do with a white bread and some apples 
Maddie: ok. Gala?
John: yes please ta
Summary: ","Dialogue: Pete: Did you let the cat out?!!!
Jane: Yes. Why?
Pete: You weren't supposed to let him out. He's injured and under house arrest. That's is not good enough. I thought that you're responsible! Grrrr!
Summary: Jane let the cat out. Pete is very angry.
Dialogue: Noah: <photo_file>
Noah: Just bought them
Jeremy: Nice shoes
Andy: How much?
Noah: $100
Andy: I saw them cheaper online
Noah: :-(
Summary: Noah bought shoes for $100. Andy saw them cheaper online.
Dialogue: Lily: I wanted to thank you
Martin: For what?
Lily: I've watched the series you recommended me
Martin: Please tell me which one you mean cause I forgot
Lily: La casa de papel
Martin: Oh yes now I remember
Martin: I liked it too
Lily: It's awesome!!
Martin: I have some good news for you 
Lily: Tell me 
Martin: In Februrary will come a new season out
Lily: OMG! That is amazing
Martin: I know I'm excited too
Lily: I don't know how I will stand waiting that long for it
Martin: We could watch the new season togheter when it's out
Lily: That's a great idea!
Summary: Lily loved the series La casa de papel recommended to her by Martin. A new season is coming out in February. They will watch it together.
Dialogue: Steve: Hi Xav,  whats up?
Xav: Steve? What a surprise!
Steve: Time flies. How are you?
Xav: Very well, thanks 🙂 and you?
Steve: Feeling good 🙂
Steve: I talked with Beatrice and she told me you two met some time ago 🙂
Xav: True, we did, last weekend.
Xav: We talked about the old days. 😀
Xav: We should do the same!
Steve: Sure, I meant to ask you 😀
Xav: No worries, I'm in Poland for another two weeks
Steve: Cool
Steve: I'm free this Thursday and Friday. Not sure about next week.
Xav: Sure, I'll get back to you! 
Steve: No prob
Summary: Steve talked about Xav with Beatrice and wants to meet him. Xav is staying in Poland for 2 more weeks. He is free to meet Steve on Thursday or Friday.
Dialogue: David: Hey, may I have one delicate question?
May: Oh hi!
May: Of course you can, shoot
David: How was your flight to Japan?
May: Great, why are you asking?
David: I'd like to go to the US, but the flight's so long and I'm kind of afraid of flying
David: Mike told me that you're as well so I thought I may ask you for some advice how to survive a long flight. I was reading different articles online, but I'd rather talk with someone I know
May: Sure thing! Well, the flight was amazing, I was really scared before, but then it was really all right. The plane was big, there was a huge variety of films and even games and ebooks.
David: How long was the flight?
May: To Tokyo 9 hours and 11 on our way back.
David: Whoah, that's long...
May: I know, but I really didn't notice when we landed. It was worse on the way back, because you know I wasn't so excited to go back and it was slightly longer
May: I watched like three films, slept a little, had dinner and there we were. If you're really scared you can always take some calming pills, they always help me
David: Which ones are you taking?
May: I always stick to the natural ones with valerian, I buy different ones, it doesn't matter as long as they're natural. I wouldn't take something strong or chemical
David: Ok, thank you so much May!
May: No problem, enjoy your trip and send me some pictures ;)
Summary: David wants to go to the US, but he's afraid of flying. May tells him about her journey to Japan. She gives David some tips how to survive a long flight.
Dialogue: Dory: my friend have a concert next week
Dory: little performance in a pub
Dory: wanna come:
Sonia: when exactly?
Dory: Friday at 8
Sonia: ok, I'm free
Dory: Great :)
Summary: Dory and Sonia are going to a small concert next Friday at 8.
Dialogue: Paul: Lee, Raul, have you seen the new game book?
Lee: Nope
Raul: Is there one out yet?
Paul: Seems so
Paul: I haven't got it yet
Lee: What about John? 
Lee: He may know
Raul: Ok, I'll ask him if it has been released
Paul: Thanks
Paul: and get one for me, plz
Raul: okay
Paul: Are we still on tonight?
Lee: Yeah
Raul: What time?
Paul: As usual
Lee: OK. Can I bring Jim?
Raul: Sure
Paul: We need four anyway
Lee: ok
Lee: C U
Summary: There is probably a new game book. Lee, Raul and Paul don't have it yet. They are meeting tonight. Lee will bring Jim.
Dialogue: Nikki: Hi Jaz, how's it going?
Jaz: Hi Nik, yeah, great, kids have gone to bed and we're just chilling out with a box set binge.
Nikki: Quality time, eh?! What's on?
Jaz: We're getting stuck into Season 3 of the Last Kingdom. Excellent stuff!
Nikki: Oh, right. Don't know that one, what's it about?
Jaz: Its about the Dark Ages when the Danes ie. Vikings, invaded Britain.
Nikki: Sound a bit dry and historical!
Jaz: Not at all! It's really exciting! The main guy in it, Utread, is really fit and it's full of sex and violence!
Nikki: Oh really? Bit bloodthirsty, eh, not sure if it's my kind of thing.
Jaz: That's what I thought too, but it's got other bits with King Alfred and the Saxons and lots of family feuds and things. And, did I mention the hot men in it!
Nikki: I think so!
Jaz: There's a couple of hunky Viking brothers, Sven and Erik, they are quite good looking, they wear lots of eyeliner and have complicated hairstyles. There a bit like an evil version of Jedward!
Nikki: 🤣 Well, now I AM intrigued!
Jaz: Anyway, better get back to it, as hubby has paused the telly. See you in work. In tomorrow?
Nikki: Nah! Got a couple of days off.
Jaz: You jammy cow! Anyway, I'll think of you on the weekend when I'm having a lie-in!
Nikki: See you, Jaz.
Summary: Jaz is watching the Last Kingdom with her husband. Jaz won't see Nikki at work as she's off for a couple of days.
Dialogue: Anna: I hate you
Maggie: Oh come on, stop it
Anna: I really HATE you!
Maggie: Jeez
Anna: You ruined everything!!!
Maggie: Just because I bought the same pair of shoes you did? Don't be stereotypically ridiculous, Annie
Summary: Maggie bought the same pair of shoes as Anna. Anna is mad at her.
Dialogue: Ben: Good morning, darling!
Portia: Good morning! How did you sleep?
Ben: Pretty good; you?
Portia: Not bad. Up once or twice.
Ben: Ah. Okay.
Summary: Ben slept very well. Portia woke up once or twice.
",[Maddie will buy a white bread and apples on John's request.],1198,samsum,en,,077ec45959026d33279e561faf3d40eef364d84359adf349,194,1
"Dialogue: Jill: So bored!
Nate: Well... can't help you there
Nate: Still at work
Jill: ugh I need to find a job
Jill: I've watched everything on youtube already
Nate: Doubt it :P I'll call you when I get off work
Summary: ","Dialogue: Felicity: Hi! :)
George: hi
Felicity: Such a question
Steve: ?
Felicity: Do we have sth for Mike??
Clara: Why asking??
Felicity: His bday... tomorrow...?
Clara: Whaaaaaat, tmrw?? Not next week?? 😧
Felicity: Tomorrow, for sure
George: damn, i've also forgotten
Felicity: Sooooo......
Clara: So we're screwed xD
George: what time is it?
Felicity: Starts 6pm
George: well
George: i can buy sth tmrw after work
Felicity: Really? Would be gr8
George: i can finish a bit earlier
George: on Fridays nobody cares
Felicity: :D
Summary: Mike's birthday is tomorrow. Clara thought it was next week. George didn't remember at all. George is going to leave work earlier tomorrow to get the present for Mike.
Dialogue: Meg: Hi, I can't make it today, sorry.
Jeff: It's like the third lesson you cancel just hours in advance.
Meg: Sorry Jeff :(
Summary: Meg can't have a lesson with Jeff today. It's about the third lesson Meg cancels just a few hours in advance.
Dialogue: Sue: I've just got home...
Sue: feel like a wrinkly shirt
Jack: ;)
Jo: Get a nice bath
Jo: and go to bed earlier
Jack: You need to get ready for the event!
Sue: I'll try
Sue: for you
Summary: Sue is exhausted but needs to rest before the event.
Dialogue: Benjamin: What will our book club be called?
Ashley: How about B&A Book Club?
Benjamin: Why not A&B?
Ashley: More intriguing that way ;)
Benjamin: Ok, so it's settled! B&A Book Club is up and running ;)
Ashley: W8! Where will we meet?
Benjamin: Meet? I thought it would be an internet project?
Ashley: What? No, we have to meet up from time to time. That's the whole point!
Benjamin: Suppose ur right. So, where?
Ashley: Maybe first meeting ur place, next mine and then back again?
Benjamin: Sounds fair. How do we get new members? ;)
Ashley: Facebook page?
Benjamin: Cool! I'll get on it right away!
Ashley: What book will go first?
Benjamin: That's a tough question!
Ashley: Ik.
Summary: Benjamin and Ashley's bookclub will be called B&A Bookclub. They have arranged the first meeting at Benjamin's place. They will make a facebook page to get new members.
Dialogue: Barry: hey that page 18 thing is not our fault xD
Charlie: cool xD did you ask her
Barry: yeah she says she'll take care of it 
Charlie: job done
Summary: Barry talked to her about the page 18 thing that is not either Barry's or Charlie's fault. 
Dialogue: Akira: hey, im at the airport now. where are you?
Yasujirō: getting out of my cab in a second. are you at the luggage dropoff
Akira: yeah, theres a bit of a line. ill save a spot for you
Yasujirō: thanks. be right there.
Akira: dont forget to lighten your bags before they weigh them. remember how u overpacked last time?
Yasujirō: I should be fine this time.
Akira: Ok
Summary: Akira is at the airport standing in line at the luggage dropoff. Yasujirō is getting out of his cab and will join Akira shortly. Yasujirō overpacked his luggage last time.
Dialogue: Lucas: yo! 
Evan: hi!
Lucas: what's up?
Evan: just chilling
Evan: had a busy day
Lucas: work?
Evan: I wish
Evan: my car broke down again
Evan: so I had to take care of it
Lucas: you should replace that piece of crap
Evan: I'm planning to
Evan: just need to save some money first
Lucas: stop repairing your old one
Lucas: you'll save a lot that way :P
Evan: maybe
Evan: but I still need to drive to work
Lucas: what about public transport?
Evan: there's like one bus that goes there
Evan: twice per hour
Evan: not really convenient
Lucas: sucks to be you :P
Evan: I know...
Summary: Evan's car has broken down again and he needs to save money for a new one. He cannot use public buses to go to work because of their schedule.
Dialogue: Demi: Wanna go to yoga?
Wren: ooo sounds great
Demi: Sunday at 9?
Wren: ok brunch after?
Demi: ok :) c ya
Wren: c ya
Summary: Demi and Wren will go to yoga on Sunday at 9 and have a brunch afterwards. 
Dialogue: Arthur: Have you not forgotten to take the keys with you?
Toby: Sure, I'll be there in 5 min.
Arthur: Good, I'm waiting outside.
Summary: Toby will bring the keys in 5 minutes.
Dialogue: Vivian: I had a lot of fun today!! Thanks again :**
Jordan: my pleasure :) I wish we could stay longer though
Vivian: I knoooow but I have to go to work tomorrow, you know that
Jordan: yeah me too, but maybe we can go out again on friday? :*
Vivian: i would love that!!
Jordan: it's a date then! good night ;*
Summary: Jordan and Vivian had a lot of fun today. They will meet again on Friday.
Dialogue: Mike: Hey, we're organizing an event in your city and I wanted to ask if You are interested in taking part in it.
Mike: The event can be marked as ""technological picnic"" aimed at families with children who are eager to take part in technological workshops such as programming lessons, basics of robotics etc.
Mike: Event will take place on Saturday from 10 -17 on Theater Square and I wanted to ask you if You are interested in bringing your foodtruck to the event. The event is completely free and so is your participation. We will provide space and electricity. Please let me know untill 5 p.m today.
GastroMachina Foodtruck: Hey, we are interested in your proposal. Please write us an email with all the details and we will reply within few hours. I think we are free this Saturday, but we need to check it with schedule.
Mike: Great! I'm writing an email right now!
GastroMachina Foodtruck: The email adress is written on our website. Let's stay in touch then.
Mike: Thanks. Bye.
Summary: There is going to be a ""technological picnic"" event aimed at families with children. It will take place in Theatre Square on Saturday from 10am to 5pm. GastroMachina Foodtruck wants to participate in the event. Mike will write them an e-mail.
Dialogue: Kim: hey did you see mikes email?
Kim: why do we have to pay more money???
Lars: <file_gif>
Linda: how much did you pay in septermber?
Kim: cant remember now. around 50-60
Lars: we had 1500 in total end of sept. like... where is it?
Summary: Kim doesn't understand why she, Lars and Linda are supposed to pay Mike more money. Kim has already paid about 50-60 and 1500.
",[Jill is bored and has watched YouTube. Nate is at work and will call Jill when he finishes it.],1162,samsum,en,,7a85937d2e1ac3215ab2518db4dc4d633fbb81f042776780,48,1
"Dialogue: Thelma: i dont have anything to wear
Louisa: your wardrobe is full of clothes
Thelma: but i have to look wonderful
Louisa: ok i can bring you my red velvet dress
Thelma: really? :O
Thelma: it would be great!
Louisa: no problem ;)
Summary: ","Dialogue: Jeremy: Hey sunshine, how was your day?
Lisa: quite hectic
Jeremy: I miss you so much
Lisa: me too :( I'll be back home this weekend so we can meet
Jeremy: I can't wait!
Summary: Lisa had a hectic day. She will be back home this weekend and she will meet Jeremy. 
Dialogue: Darren: Look! 10am!
Frank: Whoa! They're awesome knockers.
Darren: Stop staring or she'll notice us! LOL
Summary: Darren and Frank are staring at a girl's tits.
Dialogue: Adam: Hello, do you serve coffee with lactose-free milk?
Vanessa: Hello Adam, yes, we do. In our offer you'll find soy milk, almond milk and oat milk.
Adam: Thank you so much for your quick answer! Can I book a table then? Tomorrow at 12?
Vanessa: Of course, thank you for choosing us :)
Summary: Adam books a table in Vanessa's café for tomorrow at 12 PM. 
Dialogue: Jay: where did you get this tea from babe?
Mike: do you not like it?
Jay: I really like it!
Mike: it's from Tea Nepal in the mall
Jay: it's really nice, I think my mum will like it too
Jay: do they have gift packs or anything?
Mike: yeah they do hamper type of baskets
Jay: oh nice, I'll get one for my mum's birthday then
Mike: cool, maybe one for Lindsay as well?
Jay: why is that?
Mike: it's her birthday next Tuesday
Jay: ok, good idea 
Mike: laters
Jay: see ya!
Summary: Jay likes the tea Mike got from Tea Nepal in the mall. Jay decides to get the tea in a gift pack for her mom's birthday. Mike suggests Jay to get another such present also for Lindsay as the next Tuesday is her birthday.
Dialogue: Gerard: Heiooo wassup
Joey: I'm going for a nap now
Gerard: OH kk
Joey: Ttyl
Summary: Joey is about to take a nap. He will talk to Gerard later.
Dialogue: Kinga: I came out to my parents
Matthew: How did they react?
Kinga: Totally cool
Kinga: They said they knew
Kinga: And it doesn't change anything how they see me
Kinga: And what they feel for me
Matthew: You have great parents
Kinga: They are cool
Kinga: But I was a bit nervous before coming out
Kinga: I heard horrible stories from my friends
Matthew: And how about other people?
Matthew: Do they know?
Kinga: The closest people know
Kinga: The rest, well, I would have to come out everyday
Kinga: Let's say in a shop, good morning I'm gay, two kilo of potatoes please
Kinga: I don't see a point
Matthew: hahaha
Summary: Kinga came out as gay to her parents. They already knew that and were fine with it.
Dialogue: Mark: Hey, sorry to be disturbing you. I know you're probably busy with classes, but can you call me when you finish? I have something important to tell you...
Cynthia: You know what, I probably can't make it today - I end pretty late. Can't you send me a text about whatever is going on?
Mark: It's... about money... Something doesn't add up. Okay, I'll wait, if you find 5 minutes in the evening that would be great - it's not that important.
Mark: But seriously, don't worry about it ;)
Cynthia: I don't think I ever gave you money back for the pasta... How much do I owe you?
Mark: Nooo, it's not about the pasta, something different - just call in the evening and I'll explain everything calmly and you really have nothing to worry about
Cynthia: Yeah, but you also covered my stay... I'll call you if I get the chance, but I really am ending late (which is why a text message would be better)
Mark: Look, if you don't manage to call me today, then you can call me tomorrow. And please, stop worring because you don't have to - when we'll talk I'll explain :)
Summary: Mark wants to talk with Cynthia about money today. She ends classes late so she suggests sending a text message. Mark insists on calling, today or tomorrow.
Dialogue: Svetlana: Hello, I am Svetlana from Moscow.
Manpreet : Hello, I am Manpreet from Punjab. 
Svetlana: Where do you study?
Manpreet: I study in St. Anne's college, the one opposite to Herald Hospital.
Svetlana: Yes, i know. I too study in the same college. 
Manpreet: Is it? which stream are you in?
Svetlana: I'm pursuing Law.
Manpreet: Oh, ok. I'm  into Fashion Designing.
Summary: Svetlana and Manpreet introduce themselves to each other and find out they both study at the same college.
Dialogue: Adam: Hi Mona said you bought a new TV?
Carl: Yes, we broke old.
Adam: Which model?
Carl: Philips Ambilight 55 E524532.
Summary: Carl bought a new Philips Ambilight 55 E524532 TV because the old one is broken.
Dialogue: Daniel: Hi sweetie
Daniel: How are you?
Daniel: How are kids?
Irene: Hi honey, I miss you!
Irene: I'm fine and the kids are naughty as always :)
Daniel: I can't wait to see you all
Irene: What time do you think you'll be home?
Daniel: 10 p.m. hon
Irene: I should be still awake, I'm waiting for you
Daniel: You're the best, I love you
Irene: Love you too <3
Summary: Daniel will come back home after 10 pm. Irene will wait for Daniel.
Dialogue: Julian: first of all, my gf has birthday tomorrow
Julian: I need your help
Susan: She will probably enjoy cosmetics
Wanda: yes, I saw her instagram. She knows how to deal with make-up
Julian: Can you recommend any brand?
Susan: Buy Burberry Lip Velvet Crush lipstick
Susan: She will be satisfied for sure.
Wanda: I heard about that brand. ppl love it.
Julian: Thanks, she adores lipsticks
Wanda: good for u!
Susan: Don't forget about flowers, we love them!
Julian: ya, I remember about that
Julian: thank you girls
Summary: Julian's girlfriend has birthday tomorrow. Wanda and Susan recommend Julian to buy some flowers and cosmetics for her, eg. Burberry Lip Velvet Crush lipstick.
Dialogue: Bob: hey, can you bring me the external drive from the office?
Ann: yeah, just give me 2 minutes, need to finish this email
Bob: ok :) thx!
Ann: np :)
Summary: Ann needs to finish an e-mail. Then Ann will bring the external drive from the office to Bob at his request.
Dialogue: Mia: hey, what are you up to tonight?
Ruby: Dunno yet, why?
Mia: there's a party at john's place
Mia: wanna go?
Ruby: Hmm. How come I don't know about it?
Mia: no idea :O maybe you forgot or he forgot or something
Ruby: Heh, I guess... Okay, I'm going.
Mia: wonderful! meet me and olivia at her place at 5:30pm and we'll go together?
Ruby: Sure! See you :).
Mia: <3
Summary: Mia and Ruby are going to meet at Olivia's place at 5:30pm to go together for a party at John's place.
Dialogue: Mary: what are we having for dinner?
James: fried shrimp?
Mary: not again
James: I love fried shrimp
Mary: do you love me?
James: yes
Mary: as much as fried shrimp?
James: ........yes.
Summary: James and Mary will have fried shrimp for dinner. Mary is fed up with it but James loves it and does not mind eating it often.
Dialogue: Greg: can't log in
Sam: same, still in queue
Greg: 20000 people ahead, what's wrong with this game?
Sam: new event patch, you shouldn't be surprised by that anymore
Sam: it's always the same thing when they release a new event patch
Greg: still having to wait for so long just to log in
Sam: I'm more worried about the lack of estimated time
Sam: it just says 20000 people ahead
Sam: without any changes for like 10 minutes already
Greg: I guess we have to postpone our games for tomorrow
Sam: yeah it's probably the best thing to do
Sam: even if we manage to log in, I'm not sure how stable the servers would be
Summary: Sam and Greg decide to postpone their games until tomorrow as it is taking too long to log in. 
",[Louisa will lend Thelma her red velvet dress.],1404,samsum,en,,2231482e3e63d5eb092d2b33f2a64221fea97ad0ad2b7345,34,2
"Dialogue: Jamilla: remember that the audition starts at 7.30 P.M.
Kiki: which station?
Jamilla: Antena 3
Yoyo: roger that
Summary: ","Dialogue: Mary: Which islands would you recommend in the Azores?
Tim: Flores is the most beautiful, but quite remote 
Tomas: All of them are beautiful
Jenny: Terceira is nice, because the main town there is very cute
Mary: thanks :)
Summary: Tim thinks Flores is the most beautiful island in Azores. Jenny recommends Terceira. Tomas thinks all the Azores islands are beautiful.
Dialogue: Bernie: You there?
Lisa: I sure am. What's up?
Bernie: Just checking. Have fun!
Lisa: I intend to!
Summary: Bernie checks on Lisa.
Dialogue: Taylor: John 
Josh: John 
John: what what
Josh: Why you're not in class? 
Taylor: She's taking attendance
Josh: I am here
Taylor: Where? 
Josh: The other end of the class xd
Summary: Taylor and Josh are worried that John is absent. In fact, John is sitting in the other end of the classroom.
Dialogue: Alex: Hey, ciao!
Alex: You're there?
Layla: Sorry, I'm busy at the moment.
Alex: No problem!
Layla: Hey, hey, now I'm free, sorry got loads of papers to review. What's up?
Alex: Same here. I wish I could be somewhere else. In the end you can read papers anywhere in the world.
Layla: I know what you mean. I'm so fed up with this weather.
Alex: Wait, let me just check one thing.
Layla: OK
Alex: There is a cheap flight to Athens, what do you think?
Layla: How cheap?
Alex: 120 £ return ticket. Friday to Tuesday. Are you up for this?
Layla: You know you're crazy!
Alex: Come on, you said you didn't have plans for the weekend.
Layla: Well, that's true.
Alex: Come on! We can work in a bar and have walks in the afternoon. Besides, it's low season so it's we're not gonna spend much.
Layla: Well, I don't know, what about the accommodation?
Alex: Wait, I'll check on Booking.com.... Well, it's super cheap! 40 euro per night, quite close to the centre.
Layla: What's the name of the place?
Alex: Psyri hotel.
Layla: Let me check it.
Alex: And you know what, now it's 20 degrees!
Layla: Well, the place looks nice and cozy...
Alex: Are you in?
Layla: Okay, okay - I'll book the hotel and you the tickets, alright?
Alex: Great, I'm so excited!
Summary: Alexa and Layla are going to Athens for the weekend. Alex found a cheap flight Friday to Tuesday and Layla'll book a hotel on Booking. They'll work in a bar and then sightsee.
Dialogue: Tom: How are you today?
Jenny: I'm fine, already at the office
Mia: Me too!
Tom: Great, I was afraid it could be difficult after last night
Summary: Jenny and Mia are feeling fine after last night.
Dialogue: Mia: 8pm in front of the church?
John: I won't manage that. 8.30?
Mia: ok! 
John: good, see you there
Mia: see you
Summary: Mia and John will meet at 8:30 PM in front of the church.
Dialogue: Hannah: Hello, how many spares do you have? Tbh I'd need a few. I don't have anything in exchange sadly, but I could just pay :) :) :)
Kate: I have one to give away, peace lilly. It is easy to split up. You can make 3 out of one easily, they grow fast. I don't need anything in exchange.
Hannah: Aaww... that's sweet thank you
Hannah: How can I get it? Where and when would be themost suitable?
Kate: green street 15. I'm on maternal, at home, so it is fine anytime.
Hannah: Is the plant in the pot already? I think I live pretty close - Grand Square
Kate: yeah, it's in a plastic pot
Hannah: (Y)
Hannah: Could I come tomorrow at around 12:00?
Kate: Sure, it's fine.
Hannah: I will write to you :D
Hannah: Hi, im a bit delayed, I will be in an hour
Kate: OK
Hannah: is it just 15, or A B C?
Kate: just 15 next to the Green Smoothie Bar, flat 9
Hannah: Alright, im gonna look for it 8-)
Summary: Hannah will pick one peace lily from Kate at Green Street 15 flat 9 tomorrow at 12. Kate is on maternal and her place is located next to the Green Smoothie Bar.
Dialogue: Rhett: Can you please check if Dr. King will see me this week?
Harriet: sure
Harriet: what happened?
Rhett: I threw my back out
Harriet: ok I'll see when he can see you asap
Rhett: thanks 
Rhett: oh and you could also check if the dentist will see me
Harriet: ok but I assume after Dr. King
Rhett: naturally
Harriet: ok I think I should get back to you in an hour or so
Harriet: do you need anything else
Rhett: no that will be all
Summary: Rhett wants to make an appointment with Dr. King and with the dentist. Harriet will check if they can see her this week. 
Dialogue: Hailey: heyoooo, I got an important question for you
Peter: hi, listening
Hailey: are you doing anything on Sunday?
Peter: I guess not. Why are you asking?
Hailey: cool, causei'm throwing a house-warming party and wanted you to come :D
Peter: coooooool, Sunday you say?
Hailey: Yes. In the evening I guess, a lot of fun, a lot of alcohol, party hard as we like 
Peter: then I can't say no xD I hope I'll come home under my own steam xDdd
Hailey: Don't worry, there are many beds to take a nap here :D
Peter: You're talking about a nap, I'm considering dying from intoxication...:'D
Hailey: Don't you piss me off xD Just come and have fun
Peter: Ok xDDD Just let me know about the details soon
Summary: Hailey invites Peter for a house-warming part on Sunday evening. He's planning to get drunk.
Dialogue: Chloe: Call Ethan to return my Guitar, I am out of credit. Been waiting for her text for half an hour
Daniel: He is with me and he dont have his phone right now. I have shown him your texts
Chloe: Ask him to bring it back ASAP
Summary: Chloe needs Daniel to ask Ethan to bring back her guitar at the earliest.
Dialogue: Olga: How did the concert go?
Adam: It was incredible :D
Asia: It really was, once in a lifetime experience
Olga: Too bad I missed it :/
Adam: You said yourself that you aren't too much of a fan of his music :p
Olga: Well true, but everyone is saying that it was great :)
Asia: I am sure being back home is also cool
Olga: True, I haven't been for quite some time. Did he play his newer songs or?
Asia: I was afraid of that, but he mostly played older songs
Adam: 3 new ones, 3-4 from The Wings and the rest was oldies ;)
Asia: It started out quite slowly, he even seemed sad at the start, but the second part was amazing
Adam: And everyone was sitting, we were the youngest in our row haha
Olga: Haha, well he isn't the youngest himself :D
Asia: 75, same age as my grandpa
Adam: And I can't imagine your grandpa jumping around like that ;)
Asia: I can barely imagine him getting up from his sofa haha
Adam: I also loved that joke with Saiko, it was so British :D
Asia: The guy followed him all they way from Japan, he deserved some recognition :p
Adam: You are saiko man hahaha
Olga: What does it mean?
Asia: Saiko according to him means awesome in Japanese, so he called the guy saiko :D
Summary: Adam and Asia went to a concert. Olga didn't go as she is back home. Olga is not a big fan of his music but regrets not going to the concert. He played mostly his old songs and several new ones. He is 75. A man came to the concert from Japan. He made a joke about it. 
Dialogue: Jade: Hi, If you want tickets to ""Pirates of Penzance"" I will gladly buy you some and deliver them at Swimming.
Jade: The show is on the 12th, 13th, 14th and 15th July at 7pm.
Millie: Can I get 3 tickets?
Millie: How much do they cost??
Jade: Sure ;) They're £4.50 per ticket
Millie: Ok, thanks :)
Millie: How's preparations going?
Jade: Pretty well :) We got our costumes yesterday so it was pretty cool seeing everyone all dressed up
Jade: <file_photo>
Millie: Wow! They look amazing! 
Jade: I know ;) They're pretty heavy thoguh
Summary: Jade is buying tickets for ""Pirates of Penzance"". Millie wants Jade to buy her 3 tickets as well. They cost GBP 4.50 each.
Dialogue: Martin: <file_other>
Suzie: hiya, thanks. Beautiful! do you happen to know how much?
Martin: hola - 2200 plus bills 100 per month plus 160 for upc (tv and internet) plus deposit 2200
Suzie: :-O
Martin: I fucking laughed my socks off when i heard that :'-D :-O
Suzie: Exactly
Martin: hell no. and the argument that it is close to the centre doesn't really convince me... :'-D
Suzie: i prefer to rent a room in the outskirts and save the rest for my own flat
Martin: and travel on the citizen card. hey let's grab a coffe or somethin
Suzie: i travel with an open app and buy a ticket when there's a control :D haha
Suzie: yes we can, are you still in da city? when are those premieres?
Martin: yeah still here :D its in a moth, babe! :D
Suzie: get me a ticket :P
Martin: we'll see. I thought we could go now to the national, tosca, carmen etc
Suzie: when?
Summary: Martin found details of a residence which he feels is overpriced. Martin invites Suzie for a coffee as he is still in the city. 
",[The audition starts at 7.30 P.M. in Antena 3.],1652,samsum,en,,4a7ffd0f5b2b58da2ceee555d98434732960de40304014a5,137,1
"Dialogue: Jill: So bored!
Nate: Well... can't help you there
Nate: Still at work
Jill: ugh I need to find a job
Jill: I've watched everything on youtube already
Nate: Doubt it :P I'll call you when I get off work
Summary: ","Dialogue: Felicity: Hi! :)
George: hi
Felicity: Such a question
Steve: ?
Felicity: Do we have sth for Mike??
Clara: Why asking??
Felicity: His bday... tomorrow...?
Clara: Whaaaaaat, tmrw?? Not next week?? 😧
Felicity: Tomorrow, for sure
George: damn, i've also forgotten
Felicity: Sooooo......
Clara: So we're screwed xD
George: what time is it?
Felicity: Starts 6pm
George: well
George: i can buy sth tmrw after work
Felicity: Really? Would be gr8
George: i can finish a bit earlier
George: on Fridays nobody cares
Felicity: :D
Summary: Mike's birthday is tomorrow. Clara thought it was next week. George didn't remember at all. George is going to leave work earlier tomorrow to get the present for Mike.
Dialogue: Meg: Hi, I can't make it today, sorry.
Jeff: It's like the third lesson you cancel just hours in advance.
Meg: Sorry Jeff :(
Summary: Meg can't have a lesson with Jeff today. It's about the third lesson Meg cancels just a few hours in advance.
Dialogue: Sue: I've just got home...
Sue: feel like a wrinkly shirt
Jack: ;)
Jo: Get a nice bath
Jo: and go to bed earlier
Jack: You need to get ready for the event!
Sue: I'll try
Sue: for you
Summary: Sue is exhausted but needs to rest before the event.
Dialogue: Benjamin: What will our book club be called?
Ashley: How about B&A Book Club?
Benjamin: Why not A&B?
Ashley: More intriguing that way ;)
Benjamin: Ok, so it's settled! B&A Book Club is up and running ;)
Ashley: W8! Where will we meet?
Benjamin: Meet? I thought it would be an internet project?
Ashley: What? No, we have to meet up from time to time. That's the whole point!
Benjamin: Suppose ur right. So, where?
Ashley: Maybe first meeting ur place, next mine and then back again?
Benjamin: Sounds fair. How do we get new members? ;)
Ashley: Facebook page?
Benjamin: Cool! I'll get on it right away!
Ashley: What book will go first?
Benjamin: That's a tough question!
Ashley: Ik.
Summary: Benjamin and Ashley's bookclub will be called B&A Bookclub. They have arranged the first meeting at Benjamin's place. They will make a facebook page to get new members.
Dialogue: Barry: hey that page 18 thing is not our fault xD
Charlie: cool xD did you ask her
Barry: yeah she says she'll take care of it 
Charlie: job done
Summary: Barry talked to her about the page 18 thing that is not either Barry's or Charlie's fault. 
Dialogue: Akira: hey, im at the airport now. where are you?
Yasujirō: getting out of my cab in a second. are you at the luggage dropoff
Akira: yeah, theres a bit of a line. ill save a spot for you
Yasujirō: thanks. be right there.
Akira: dont forget to lighten your bags before they weigh them. remember how u overpacked last time?
Yasujirō: I should be fine this time.
Akira: Ok
Summary: Akira is at the airport standing in line at the luggage dropoff. Yasujirō is getting out of his cab and will join Akira shortly. Yasujirō overpacked his luggage last time.
Dialogue: Lucas: yo! 
Evan: hi!
Lucas: what's up?
Evan: just chilling
Evan: had a busy day
Lucas: work?
Evan: I wish
Evan: my car broke down again
Evan: so I had to take care of it
Lucas: you should replace that piece of crap
Evan: I'm planning to
Evan: just need to save some money first
Lucas: stop repairing your old one
Lucas: you'll save a lot that way :P
Evan: maybe
Evan: but I still need to drive to work
Lucas: what about public transport?
Evan: there's like one bus that goes there
Evan: twice per hour
Evan: not really convenient
Lucas: sucks to be you :P
Evan: I know...
Summary: Evan's car has broken down again and he needs to save money for a new one. He cannot use public buses to go to work because of their schedule.
Dialogue: Demi: Wanna go to yoga?
Wren: ooo sounds great
Demi: Sunday at 9?
Wren: ok brunch after?
Demi: ok :) c ya
Wren: c ya
Summary: Demi and Wren will go to yoga on Sunday at 9 and have a brunch afterwards. 
Dialogue: Arthur: Have you not forgotten to take the keys with you?
Toby: Sure, I'll be there in 5 min.
Arthur: Good, I'm waiting outside.
Summary: Toby will bring the keys in 5 minutes.
Dialogue: Vivian: I had a lot of fun today!! Thanks again :**
Jordan: my pleasure :) I wish we could stay longer though
Vivian: I knoooow but I have to go to work tomorrow, you know that
Jordan: yeah me too, but maybe we can go out again on friday? :*
Vivian: i would love that!!
Jordan: it's a date then! good night ;*
Summary: Jordan and Vivian had a lot of fun today. They will meet again on Friday.
Dialogue: Mike: Hey, we're organizing an event in your city and I wanted to ask if You are interested in taking part in it.
Mike: The event can be marked as ""technological picnic"" aimed at families with children who are eager to take part in technological workshops such as programming lessons, basics of robotics etc.
Mike: Event will take place on Saturday from 10 -17 on Theater Square and I wanted to ask you if You are interested in bringing your foodtruck to the event. The event is completely free and so is your participation. We will provide space and electricity. Please let me know untill 5 p.m today.
GastroMachina Foodtruck: Hey, we are interested in your proposal. Please write us an email with all the details and we will reply within few hours. I think we are free this Saturday, but we need to check it with schedule.
Mike: Great! I'm writing an email right now!
GastroMachina Foodtruck: The email adress is written on our website. Let's stay in touch then.
Mike: Thanks. Bye.
Summary: There is going to be a ""technological picnic"" event aimed at families with children. It will take place in Theatre Square on Saturday from 10am to 5pm. GastroMachina Foodtruck wants to participate in the event. Mike will write them an e-mail.
Dialogue: Kim: hey did you see mikes email?
Kim: why do we have to pay more money???
Lars: <file_gif>
Linda: how much did you pay in septermber?
Kim: cant remember now. around 50-60
Lars: we had 1500 in total end of sept. like... where is it?
Summary: Kim doesn't understand why she, Lars and Linda are supposed to pay Mike more money. Kim has already paid about 50-60 and 1500.
",[Jill is bored and has watched YouTube. Nate is at work and will call Jill when he finishes it.],1162,samsum,en,,7a85937d2e1ac3215ab2518db4dc4d633fbb81f042776780,48,2
"Dialogue: Oscar: A coffee at Tristano's?
Payne: Why not. in 15 mins?
Oscar: let's make it half an hour ok?
Payne: great, i'll be there
Oscar: see you there
Summary: ","Dialogue: Andrew: Hello Janny, is it still convenient for us to come and check your gas meter at 2.45 today?
Janny: Hi Andrew, that's fine. 
Andrew: Thank you, we will see you then
Summary: Andrew will come to Janny to check her gas meter at 2.45 today.
Dialogue: Vicky: Can I ask a really big favour?
Grant: Sure.
Vicky: Can I borrow 50 bucks until the end of the month? Please, please... 
Grant: Is that on top of the other other couple of 50s you borrowed this month?
Grant: Happy to lend it to you as long as you pay it ALL back by the end of the month.
Vicky: I will. I promise.
Grant: Cross your heart and hope to die? ;-)
Vicky: Of course. LOL
Vicky: It's just that things have been really unsteady at work and I'm still waiting on all the invoices to be paid.
Grant: You need better clients hun!
Vicky: If I could ditch all the ones I currently have I would... but money and all that. LOL
Grant: What good are clients that don't pay?
Vicky: You're right but what can I do. Is what is.
Summary: Grant will lend Vicky 50 dollars. She will reyurn it by the end of the month.
Dialogue: Rosalie: Hey Mark 🙂
Rosalie: Can you help me?
Mark: Hi Rosie 🙂
Mark: Sure whatsup?
Rosalie: I am trying to find a new phone
Rosalie: I know you're an expert
Rosalie: Any models that you would reccomend?
Mark: Team Apple or Android?
Rosalie: Android forever haha
Rosalie: And don't worry about the price
Mark: In that case I recommend to look at Huawei Mate 20 or Samsung Galaxy Note 9
Rosalie: Thanks. I trust you on that 🙂
Mark: You should 🙂
Rosalie: Gotta go pick one 😄
Mark: No prob 🙂
Summary: Rosalie is going to buy a new Android phone.
Dialogue: Jackie: <file_photo>
Marisol:  omg congrats!
Carlita: :O
Eunica: I'm so happy for you1
Carlita: <file_gif>
Marisol: how did he propose?
Eunica: when will u get married?
Jackie: when we were walking in a park he dropped on his knee next to this fountain in the Central Park
Marisol: *o*
Carlita: how sweet
Jackie: he told me he wants to share everything what's beautiful with me 
Marisol: awwww
Jackie: he must have carried that ring for a while because I remember him complaining about the weather lately :D
Marisol: it's so sweet he had been waiting
Jackie: we don't know yet when we'll get married but you are all invited ofc
Carlita: PLEASE don't pick June, I'll be in Canada then
Eunica: I hate weddings but I'll make an exception
Marisol: can't wait!
Summary: Jackie got engaged in Central Park. Marisol, Carlita, Eunica are excited. Jackie doesn't know the date yet but they are all invited. 
Dialogue: Kyle: Ever seen that before?
Sarah: No!
Kyle: Hope I don't again either!
Sarah: Me neither!
Summary: Neither Kyle nor Sarah have seen that before. They don't wish to see it again. 
Dialogue: Rachel: Hi Dad, what time is Pete and Sylve coming over?
Dad: They said about 11, why?
Rachel: well they were going to come and have a cuppa with me but I am thinking I may as well drive over to yours and save them a journey
Dad: you could do darling
Rachel: I dont have too much to do this afternoon and I do need to go shopping so I will come over to yours and see them and then go shopping on the way home
Dad: sounds like a plan!
Rachel: yes I will see you after 12 then xxx
Dad: ok xxx
Summary: Pete and Sylve are coming to Dad's place at 11. Rachel decides to change her plans for meeting them and drive over to Dad to see them there after 12. Rachel will go shopping on  the way home.
Dialogue: Andres: Hey
Mila: Hey let's chat in a bit kinda busy now
Andres: Ok
Summary: Andres wants to chat, but Mila is busy now.
Dialogue: Alek: bro, I like going to the gym with you. It's like highlight of the day <3
Krzysztof: bro 
Krzysztof: this is the nicest thing any gym bro told me. Let's do some chest and biceps together tomorrow evening, are you fine?
Alek: chest and biceps are my favorite (＾ｕ＾)
Krzysztof: dude, you're nice but kinda creepy though
Alek: come on, just wanted to be nice
Krzysztof: all right, so we're cool
Alek: so maybe we could do glutes too?
Summary: Krzysztof and Alek are going to go to the gym together tomorrow evening.
Dialogue: Tom: Who wants to come with me to Boston in December?
Tom: A friend of mine left for a month and said I can stay at his place with whoever I want.
Carmen: Amazing! When exactly?
Dorothy: I love Boston! I'm in!
Peter: If it's the end of December I can join as well
Tom: 15 of Dec till 15 of Jan.
Peter: So maybe New Year's Eve in Boston?
Carmen: How many people could you take?
Tom: it's a huge house, I think up to 5-6 would be still fine.
Peter: So let's organise it, because we're so amazingly flexible, some people can come earlier, some later
Tom: yup! I will reside there the whole month probably, taking care of the place and working from home
Tom: So, guys, just let me know exact dates when you can come and I will make a schedule 
Carmen: Wow! I'm so excited! 
Tom: Is anybody else interested?
Laura: I think I am!
Grace: Count me in!
Toby: I would love to, but we're going to Barbados with Lore 
Carmen: Fuck you Toby! you never work! travelling all the time. I'm so envious 
Toby: But it's my work as you know.
Toby: Traveling is my lifestyle 😜
Tom: We should just ban you, Toby, you're a troll with your amazing lifestyle
Toby: Sorry guys! 🤴 Enjoy your snowy Massachusetts 😜
Dorothy: Hahahah, I love you subtle trolling Toby. Carmen was already ecstatic and then you entered with Barbados 😂
Carmen: I'm still excited!
Summary: Tom will take care of his friends' place in Boston in December. Dorothy, Peter, Carmen, Laura and Grace will join him and they will spend New Year's Eve there. Toby can't come because he is going to Barbados with Lore, which makes others a bit envious. 
Dialogue: Lemar: Khabib is such a smasher dude!
Memphis: yeah man, everyone was shocked
Lemar: yeah, even my dad
Memphis: Haha, me too
Lemar: McGregor was totally beaten
Memphis: terrorized, shaken and knocked into submission
Lemar: that was history
Memphis: Putin must be really happy with Khabib..haha
Lemar: Man, bt poor McGregor
Memphis: haha, his stamina was off
Lemar: yeah
Memphis: that he needs to improve
Lemar: i totally agree
Memphis: but outside brawl that occured was so dope
Lemar: khabib poked Mc's trainer
Memphis: haha, yeah
Lemar: then he dashed out flying
Memphis: haha, so dope and crazy
Lemar: haha
Memphis: later dude
Summary: Khabib has beaten McGregor. Khabib's trainer poked McGregor's trainer, which resulted in a brawl.
Dialogue: Carla: Joanna here are my details that you requested
Carla: It's Anglo street, no 54, Hammersmith, W614, London
Joanna: Ok Carla
Joanna: I have been searching our database this morning for the item 
Joanna: However nothing has arrived yet
Joanna: Can you give me a couple of more days and I'll speak to my manager?
Carla: Ok, I'll wait
Carla: It's a very important package, so I hope you will be able to find it..
Joanna: Yes I have added it to our priority list
Joanna: Don't worry, I'll do my best
Carla: Thank you
Carla: I was given another code, do you want this?
Joanna: Yes please
Carla: IYREBH777
Joanna: Great
Joanna: I'll get back to you asap!
Carla: Thanks again Joanna
Summary: Carla is waiting for an important package. Joanna helps Carla locate it. Carla provided Joanna her address information and a code.
Dialogue: Connor: What are you doing tomorrow?
Rachel: I was going to stay at home.
Connor: Do you want to go swimming with us?
Rachel: Where?
Connor: The big lake near the mountains.
Rachel: Isn't that dar away?
Connor: About an hour's drive. We're thinking of staying the weekend, tough.
Rachel: Who's going?
Connor: Everyone is in.
Rachel: OK, cool. Count me in as well.
Connor: Awesome! Do you have a tent?
Rachel: Yes, a big one. It fits six people, easy. I also have a portable barbecue I can bring.
Connor: Great, I'll go check on everyone else and then I'll text you.
Rachel: OK.
Connor: I think I'm going to create a group chat. It's easier that way.
Summary: Rachel, Connor and others are going for a weekend away by the lake in the mountains. Rachel is bringing a six people tent and portable barbecue.
Dialogue: Alice: Hey, what do u think of this offer? <file_other>
Mark: Y?
Alice: My mobile plan is coming to an end and need to find a new one.
Mark: Well, this doesn't sound too bad. What about this one? <file_other>
Alice: That's also nice, but I don't want to change my network.
Mark: But u can benefit a lot!
Summary: Alice's mobile plan is coming to an end and she's looking for a new one. She doesn't want to change her network.
Dialogue: Evan: Jonny
Jonny: Ye?
Evan: Watching Netflix?
Jonny: Nope, why?
Evan: Time to change it
Jonny: Mhm. Carry on
Evan: I'm testing Netflix Ultra, it costs 70PLN a month.
Evan: But I'm sharing costs with friends. So far we created three profiles, do you want to have your account?
Jonny: Let me ask my girl
Jonny: Brb
Evan: Sure
Jonny: She's excited, let's do it!
Evan: Great, you'll have all the details on email.
Jonny: Thanks dude. Hope it's worth it.
Evan: Trust me, it is!
Summary: Evan is trying out Netflix Ultra at 70 PLN a month. Jonny and his girlfriend will chip in.
Dialogue: Caroline: Jake still hasn't proposed to me
Caroline: But I keep seeing sponsored ads of engagement rings and jewellery stores on my social media feeds
Judy: Well. Maybe it wasn't the case yet.
Judy: I have to remind you that you've just crashed his car and he needs to spend money on it
Caroline: :(
Caroline: Please. I already feel bad about it.
Caroline: No reminder needed.
Judy: Oh come on. 
Judy: I didn't mean it that way.
Judy: I'm just saying he doesn't have a proper job yet and he doesn't have that kind of money to spend yet.
Judy: Everything comes in a proper moment
Caroline: I know I know
Caroline: It's just these ads are bothering me
Caroline: And everybody are getting engaged recently
Judy: Calm down. You have nothing to worry about. He will propose to you eventually. He loves you so much he could kill the entire world to be with you.
Caroline: Thanks.
Summary: Jake didn't propose to Caroline yet, which makes her unhappy. He doesn't have a proper job and Caroline crashed his car, so he needs to spend money on that. He will propose eventually because he loves her.
",[Payne and Oscar will have a coffee at Tristano's in half an hour.],1909,samsum,en,,158b7db2e111643f66315da64d8459f61ad6dd62f5f24c2c,155,1
"Dialogue: Jeff: Should we go to the village party?
Lia: I'm too tired after hiking
Mico: I'd like to go, there may be some hot boys!
Lia: I doubt
Jim: like a real village boy?
Jim: who doesn't even speak English?
Mico: yes, the dummer, the better
Jim: haha, stupid fucks good, they say
Mico: I confirm!
Lia: not my cup of tea
Mico: I'll go there, who wants to join?
Jeff: I'll go as well
Mico: wanna drive?
Jeff: so you could drink?
Mico: would be nice, hahah
Jeff: not excited, but ok
Mico: thanks!
Summary: ","Dialogue: Sandra: I've got pms and I'm so hangry!
Sue: hah, same here:D
Sue: i could be eating and eating today
Sue: I've just had fish fingers and a banana and I'm still hungry
Sandra: what???? o_O??
Sandra: fish fingers and a banana?
Sandra: maybe u're pregnant?
Sue: hah, nope, I don't think so...
Sue:  I can anything these days...
Sandra: me2 and then I'm getting more and more swallen
Sandra: actually  I look like a pig today day and my face is so round <file_gif>
Sandra: Tom wanted to meet but I refused...
Sue: wise choice:D 
Sue: u know what? maybe it was not the best choice to eat fish and a banana...
Sue: I want to puke now...
Sandra: sounds like a plan ^^
Sue: fuck u bitch!
Sandra: or u can drink some mint, it always help me
Sue: ok, i'll try, thx
Sue: anyway, I need to rest now, bb l8er
Summary: Sandra has PMS and is not feeling well. She canceled her meeting with Tom. Sue has eaten a banana and fish fingers and is feeling nauseous. Sandra thinks drinking mint might help.
Dialogue: Homer: I'm going to take a nap.
Lois: You should put your phone in airplane mode.
Homer: That's a good idea.
Lois: Do you want me to wake you up in an hour?
Homer: No, thanks. Just let me sleep until I wake up.
Lois: Ok, get some rest.
Summary: Homer is going to take a nap and doesn't want to be woken up.
Dialogue: John: GUESS WHAT
Frank: hmm?
John: I'm getting a dog!
Frank: whoa, you're parents gave in???
John: yeah!!!
John: I honestly thought they never would
John: especially mum said no way, that she knew who'd end up having to take care of everything
John: but I promised I'd arrange it so I could go on walks during lunch and so on
Frank: wow, congratulations, man
Frank: you've always told me that you'd like to have one and the day has finally come!
John: I'm honestly SO happy
Frank: are you adopting or getting a purebred?
John: dad keeps telling me to get one from a breeder, but I really think it's better to adopt
John: I mean those little guys just get killed if they aren't adopted...
John: and I don't have any particular breed in mind anyway
John: I just know I'd like a larger one
Frank: I was about to ask you that, haha
Frank: can't picture you with a chihuahua
John: well, I guess I'll see at the shelter, who knows
John: I might just fall in love with a tiny dog
Frank: will your parents be going with you to choose one?
Frank: I was a little reluctant about this at first but I guess since we live together, it seems only fair that they have a say in that
John: I hope they won't be making any more problems, then
Frank: me too... I really hope so
Summary: John's parents finally let him have a dog. John prefers to adopt one. He will go to a shelter with parents.
Dialogue: Alexander: you know that serbian independet film i've been wanting to watch for a while?
Karina: no
Karina: i have no idea what you're talking about :-/
Alexander: we've seen the previews together
Alexander: it's in black and white
Alexander: yellow subtitles cover half of the screen... you really don't remember?
Karina: i don't, sorry :-(
Alexander: i swear we've seen the preview about 100 times
Karina: lol it doesn't ring a bell!! hahahah
Alexander: anyway, it's coming out TONIGHT!!!
Alexander: i'm so excited, you wanna come with me?
Karina: i can't i'm sorry :-/
Karina: i have to wake up really early tomorrow for track practice
Karina: i need my 8 hours of beauty sleep
Alexander: your loss k
Alexander: i hear this is THE movie of the year
Karina: have a great time!
Summary: Alexander is excited about a new film coming out and invites Karina to the cinema tonight, but she can't make it. 
Dialogue: Dolores: tired?
Jack: exhausted...
Jack: ;(
Dolores: I can imagine... 
Dolores: are you coming back already?
Jack: Yeah, I should be home in half an hour
Dolores: OK
Dolores: Maybe I should reschedule my appointment and wait for you?
Jack: no, don't do that
Jack: you've been waiting for this for a long time
Jack: I'll manage. Is there anything to eat?
Dolores: Sure, there's a whole lasagna for you in the fridge.
Jack: great
Jack: Don't worry about me, honey, just do your thing and I'll see you in the evening
Dolores: OK, if you say so. Love you, hun. ;*
Jack: Love you too :*
Summary: Jack is coming home. Dolores has an appointment set but she left him a lasagne in the fridge.
Dialogue: Kai: We got a new puppy!
Anna: Oh! I want to see!
Kai: You will.
Anna: What's the name?
Kai: Pepper! He has black spots! <file_pic>
Anna: Cutie!
Summary: Kai got a new puppy. His name is Pepper. 
Dialogue: Mariella: Anybody wants a sandwich?
Marion: are you going to the fat lady?
Mariella: yes!
Jerry: buy one for me, with pecorino cheese
Marion: and for me, one with cheddar
Mariella: done!
Summary: Mariella will buy a pecorino cheese sandwich for Jerry and one with cheddar for Marion.
Dialogue: Lynn: I don't get it.
Norrie: What?
Lynn: Why do men like fishing so much?
Pat: My husband goes fishing every time he can. And he takes our son with him.
Lynn: And what do u then?
Pat: Invite u over ;) 
Norrie: Rotfl
Lynn: Still, what's so interesting about fishing?
Pat: Maybe they want to be alone for some time?
Norrie: Maybe they need some time off from us? ;)
Lynn: Mine says it's relaxing.
Pat: I relax in the bathtub. I don't need to leave home for a couple of days.
Norrie: I read books. Cheaper than fishing ;)
Lynn: That's another thing! Why does it have to be so expensive?
Pat: Don't know. What u really need is a rod and a line. And that's it.
Norrie: Mine keeps all these insects and bugs in the garage! Eyew!
Lynn: And u allow him to do that?
Norrie: I don't really have a choice.
Summary: Lynn is wondering why men are so interested in fishing.
Dialogue: Sash: what you on
Red: nowt
Sash: im comin over
Red: ok 
Sash: make sure you got the controller
Red: fuck off mate bring ur own
Sash: cmon dont be like that
Red: no you bang the fuck outta my shit 
Sash: ok ok
Summary: Sash is coming over to Red's with his own controller.
Dialogue: Erin: hey girls, Jerry just said the wifi is down in the camp so for now I will stay in my apartment ;)
Alice: ok, thanks for the heads up!
Erin: I might go for an afternoon swim in the pool though ;)
Becky: Sounds good to me!
Alice: Count me in, too! What time?
Erin: 3pm?
Alice: Alright :)
Becky: Good, see you then ;)
Summary: Wifi is down in the camp. Erin will stay home now. Erin, Alice and Becky are going for a swim at 3 pm.
Dialogue: Chris: How come you're always right
Tom: ?
Chris: You told me she won't be good and she was a disaster.
Chris: Lost 30€ on her.
Tom: Who?!
Chris: Just left a mess behind no better that before.
Chris: That fricking cleaning woman!
Tom: Not my fault. I told you to take one with references.
Chris: Couldn't find any on such a short notice.
Chris: Blast! Dunno how to sort it out now.
Summary: Chris lost 30€ on the cleaning lady who didn't do her job properly.
Dialogue: Jamie: Never heard of him
Anne: If you're not kidding, are you in for a treat!
Jamie: not kidding, I'm (sad)? to say
Anne: He has a small but pivotal part in Get Out and he's fantastic as the lead in Sorry to Bother You. And while Death Note and The Girl in the Spider's Web aren't particularly good movies, he's good in them.
Jamie: thanks, I'll keep my eyes peeled 👍
Anne: Watch him in the tv series Atlanta with Danny Glover.
Jamie: Sure, i will :)
Summary: Anne likes some actor even though she didn't enjoy his movies. Jamie never heard of him but will watch him in the tv series Atlanta with Danny Glover.
Dialogue: Theresa: Is anybody at the gym today?
Camilla: I'm heading there in 10 minutes, why?
Josh: I'll go to the gym as well probably later today
Theresa: I just lost my wallet somewhere and I suppose it could be in the gym
Theresa: could you ask at the office there?
Theresa: if the cleaning ladies found anything
Camilla: sure, I will
Camilla: and let you know
Theresa: thx!
Summary: Camilla will be going to the gym in 10 minutes. Josh will go to the gym later today. Theresa lost her wallet somewhere. Camilla will ask at the gym office if it has been found and let Theresa know. 
Dialogue: Matt: I'll be there at 8:15pm or so.
Matt: Waiting for you in the lobby.
Jane: Cool. I'll come down.
Jane: Let me know when you do get here.
Matt: BTW any idea where we're going out to eat tonight?
Jane: Nope. I asked the guys at reception but they reckon it is all dead expensive around here.
Jane: Thought you might have some ideas. ;-)
Matt: I was thinking of just going for a walk and see what we find.
Jane: Kinda lovely idea but it's like minus 5 out there.
Jane: Think we'll turn into icicles before we find dinner. LOL
Matt: Fair point!
Matt: I'll see what uncle Google has to say about eateries around here.
Jane: :-)
Summary: Matt will be waiting for Jane in the lobby tonight at 8:15 p.m. or so. According to the hotel staff, the nearby restaurants are expensive, and it's cold outside, so Matt will use Google to look for a place to eat.
",[Mico and Jeff will go to the village party. Jeff will drive.],1794,samsum,en,,e5b2529de4edb475662403295e8fb4c639067de48ea3fa13,1,3
"Dialogue: Jeff: Should we go to the village party?
Lia: I'm too tired after hiking
Mico: I'd like to go, there may be some hot boys!
Lia: I doubt
Jim: like a real village boy?
Jim: who doesn't even speak English?
Mico: yes, the dummer, the better
Jim: haha, stupid fucks good, they say
Mico: I confirm!
Lia: not my cup of tea
Mico: I'll go there, who wants to join?
Jeff: I'll go as well
Mico: wanna drive?
Jeff: so you could drink?
Mico: would be nice, hahah
Jeff: not excited, but ok
Mico: thanks!
Summary: ","Dialogue: Sandra: I've got pms and I'm so hangry!
Sue: hah, same here:D
Sue: i could be eating and eating today
Sue: I've just had fish fingers and a banana and I'm still hungry
Sandra: what???? o_O??
Sandra: fish fingers and a banana?
Sandra: maybe u're pregnant?
Sue: hah, nope, I don't think so...
Sue:  I can anything these days...
Sandra: me2 and then I'm getting more and more swallen
Sandra: actually  I look like a pig today day and my face is so round <file_gif>
Sandra: Tom wanted to meet but I refused...
Sue: wise choice:D 
Sue: u know what? maybe it was not the best choice to eat fish and a banana...
Sue: I want to puke now...
Sandra: sounds like a plan ^^
Sue: fuck u bitch!
Sandra: or u can drink some mint, it always help me
Sue: ok, i'll try, thx
Sue: anyway, I need to rest now, bb l8er
Summary: Sandra has PMS and is not feeling well. She canceled her meeting with Tom. Sue has eaten a banana and fish fingers and is feeling nauseous. Sandra thinks drinking mint might help.
Dialogue: Homer: I'm going to take a nap.
Lois: You should put your phone in airplane mode.
Homer: That's a good idea.
Lois: Do you want me to wake you up in an hour?
Homer: No, thanks. Just let me sleep until I wake up.
Lois: Ok, get some rest.
Summary: Homer is going to take a nap and doesn't want to be woken up.
Dialogue: John: GUESS WHAT
Frank: hmm?
John: I'm getting a dog!
Frank: whoa, you're parents gave in???
John: yeah!!!
John: I honestly thought they never would
John: especially mum said no way, that she knew who'd end up having to take care of everything
John: but I promised I'd arrange it so I could go on walks during lunch and so on
Frank: wow, congratulations, man
Frank: you've always told me that you'd like to have one and the day has finally come!
John: I'm honestly SO happy
Frank: are you adopting or getting a purebred?
John: dad keeps telling me to get one from a breeder, but I really think it's better to adopt
John: I mean those little guys just get killed if they aren't adopted...
John: and I don't have any particular breed in mind anyway
John: I just know I'd like a larger one
Frank: I was about to ask you that, haha
Frank: can't picture you with a chihuahua
John: well, I guess I'll see at the shelter, who knows
John: I might just fall in love with a tiny dog
Frank: will your parents be going with you to choose one?
Frank: I was a little reluctant about this at first but I guess since we live together, it seems only fair that they have a say in that
John: I hope they won't be making any more problems, then
Frank: me too... I really hope so
Summary: John's parents finally let him have a dog. John prefers to adopt one. He will go to a shelter with parents.
Dialogue: Alexander: you know that serbian independet film i've been wanting to watch for a while?
Karina: no
Karina: i have no idea what you're talking about :-/
Alexander: we've seen the previews together
Alexander: it's in black and white
Alexander: yellow subtitles cover half of the screen... you really don't remember?
Karina: i don't, sorry :-(
Alexander: i swear we've seen the preview about 100 times
Karina: lol it doesn't ring a bell!! hahahah
Alexander: anyway, it's coming out TONIGHT!!!
Alexander: i'm so excited, you wanna come with me?
Karina: i can't i'm sorry :-/
Karina: i have to wake up really early tomorrow for track practice
Karina: i need my 8 hours of beauty sleep
Alexander: your loss k
Alexander: i hear this is THE movie of the year
Karina: have a great time!
Summary: Alexander is excited about a new film coming out and invites Karina to the cinema tonight, but she can't make it. 
Dialogue: Dolores: tired?
Jack: exhausted...
Jack: ;(
Dolores: I can imagine... 
Dolores: are you coming back already?
Jack: Yeah, I should be home in half an hour
Dolores: OK
Dolores: Maybe I should reschedule my appointment and wait for you?
Jack: no, don't do that
Jack: you've been waiting for this for a long time
Jack: I'll manage. Is there anything to eat?
Dolores: Sure, there's a whole lasagna for you in the fridge.
Jack: great
Jack: Don't worry about me, honey, just do your thing and I'll see you in the evening
Dolores: OK, if you say so. Love you, hun. ;*
Jack: Love you too :*
Summary: Jack is coming home. Dolores has an appointment set but she left him a lasagne in the fridge.
Dialogue: Kai: We got a new puppy!
Anna: Oh! I want to see!
Kai: You will.
Anna: What's the name?
Kai: Pepper! He has black spots! <file_pic>
Anna: Cutie!
Summary: Kai got a new puppy. His name is Pepper. 
Dialogue: Mariella: Anybody wants a sandwich?
Marion: are you going to the fat lady?
Mariella: yes!
Jerry: buy one for me, with pecorino cheese
Marion: and for me, one with cheddar
Mariella: done!
Summary: Mariella will buy a pecorino cheese sandwich for Jerry and one with cheddar for Marion.
Dialogue: Lynn: I don't get it.
Norrie: What?
Lynn: Why do men like fishing so much?
Pat: My husband goes fishing every time he can. And he takes our son with him.
Lynn: And what do u then?
Pat: Invite u over ;) 
Norrie: Rotfl
Lynn: Still, what's so interesting about fishing?
Pat: Maybe they want to be alone for some time?
Norrie: Maybe they need some time off from us? ;)
Lynn: Mine says it's relaxing.
Pat: I relax in the bathtub. I don't need to leave home for a couple of days.
Norrie: I read books. Cheaper than fishing ;)
Lynn: That's another thing! Why does it have to be so expensive?
Pat: Don't know. What u really need is a rod and a line. And that's it.
Norrie: Mine keeps all these insects and bugs in the garage! Eyew!
Lynn: And u allow him to do that?
Norrie: I don't really have a choice.
Summary: Lynn is wondering why men are so interested in fishing.
Dialogue: Sash: what you on
Red: nowt
Sash: im comin over
Red: ok 
Sash: make sure you got the controller
Red: fuck off mate bring ur own
Sash: cmon dont be like that
Red: no you bang the fuck outta my shit 
Sash: ok ok
Summary: Sash is coming over to Red's with his own controller.
Dialogue: Erin: hey girls, Jerry just said the wifi is down in the camp so for now I will stay in my apartment ;)
Alice: ok, thanks for the heads up!
Erin: I might go for an afternoon swim in the pool though ;)
Becky: Sounds good to me!
Alice: Count me in, too! What time?
Erin: 3pm?
Alice: Alright :)
Becky: Good, see you then ;)
Summary: Wifi is down in the camp. Erin will stay home now. Erin, Alice and Becky are going for a swim at 3 pm.
Dialogue: Chris: How come you're always right
Tom: ?
Chris: You told me she won't be good and she was a disaster.
Chris: Lost 30€ on her.
Tom: Who?!
Chris: Just left a mess behind no better that before.
Chris: That fricking cleaning woman!
Tom: Not my fault. I told you to take one with references.
Chris: Couldn't find any on such a short notice.
Chris: Blast! Dunno how to sort it out now.
Summary: Chris lost 30€ on the cleaning lady who didn't do her job properly.
Dialogue: Jamie: Never heard of him
Anne: If you're not kidding, are you in for a treat!
Jamie: not kidding, I'm (sad)? to say
Anne: He has a small but pivotal part in Get Out and he's fantastic as the lead in Sorry to Bother You. And while Death Note and The Girl in the Spider's Web aren't particularly good movies, he's good in them.
Jamie: thanks, I'll keep my eyes peeled 👍
Anne: Watch him in the tv series Atlanta with Danny Glover.
Jamie: Sure, i will :)
Summary: Anne likes some actor even though she didn't enjoy his movies. Jamie never heard of him but will watch him in the tv series Atlanta with Danny Glover.
Dialogue: Theresa: Is anybody at the gym today?
Camilla: I'm heading there in 10 minutes, why?
Josh: I'll go to the gym as well probably later today
Theresa: I just lost my wallet somewhere and I suppose it could be in the gym
Theresa: could you ask at the office there?
Theresa: if the cleaning ladies found anything
Camilla: sure, I will
Camilla: and let you know
Theresa: thx!
Summary: Camilla will be going to the gym in 10 minutes. Josh will go to the gym later today. Theresa lost her wallet somewhere. Camilla will ask at the gym office if it has been found and let Theresa know. 
Dialogue: Matt: I'll be there at 8:15pm or so.
Matt: Waiting for you in the lobby.
Jane: Cool. I'll come down.
Jane: Let me know when you do get here.
Matt: BTW any idea where we're going out to eat tonight?
Jane: Nope. I asked the guys at reception but they reckon it is all dead expensive around here.
Jane: Thought you might have some ideas. ;-)
Matt: I was thinking of just going for a walk and see what we find.
Jane: Kinda lovely idea but it's like minus 5 out there.
Jane: Think we'll turn into icicles before we find dinner. LOL
Matt: Fair point!
Matt: I'll see what uncle Google has to say about eateries around here.
Jane: :-)
Summary: Matt will be waiting for Jane in the lobby tonight at 8:15 p.m. or so. According to the hotel staff, the nearby restaurants are expensive, and it's cold outside, so Matt will use Google to look for a place to eat.
",[Mico and Jeff will go to the village party. Jeff will drive.],1794,samsum,en,,e5b2529de4edb475662403295e8fb4c639067de48ea3fa13,1,4
"Dialogue: Will: hey babe, what do you want for dinner tonight?
Emma:  gah, don't even worry about it tonight
Will: what do you mean? everything ok?
Emma: not really, but it's ok, don't worry about cooking though, I'm not hungry
Will: Well what time will you be home?
Emma: soon, hopefully
Will: you sure? Maybe you want me to pick you up?
Emma: no no it's alright. I'll be home soon, i'll tell you when I get home. 
Will: Alright, love you. 
Emma: love you too. 
Summary: ","Dialogue: Jess: Daniel, you're kind of past the point when it's ""you broke up with a girl, it's okay to be sad"" and went straight into pathetic
Daniel: :(
Jess: Fuck it, we're going out this weekend
Daniel: can I go out in my pyjamas?
Jess: you sleep in pyjamas?
Daniel: yes.
Daniel: she gave them to me
Daniel: she was an angel
Jess: Daniel, she was a selfish chick who dumped you the minute she spotted someone with more money
Daniel: :(
Jess: stop stop stop
Jess: there's plenty of fish in the sea
Daniel: you think?
Jess: I KNOW
Jess: <file_photo>
Jess: come on you like boobs, right?
Jess: <file_photo>
Daniel: I do like boobs
Daniel: I like the second ones better
Jess: See? You can appreciate boobs. You're one step away from recovering
Daniel: I liked her boobs.
Jess: ...............
Summary: Daniel's ex-girlfriend broke up with him. Daniel is still depressed and in love with her. Jess wants to cheer Daniel up and take him out this weekend. 
Dialogue: Tommy: Jack, how are you doing? Are you going with us to Florence?
Jack: not amazing, being honest
Jack: I think I'll skip it
Alice: c'mon, is it still about the car?
Jack: yes, first the robbery, then the car
Jack: I'm quite depressed
Micky: but it's only money, after all
Jack: I think you can afford to say that when you have them
Jack: I really hoped to fix my life finally with this little savings that I made
Jack: and then these blows one after another
Jack: I can't stand it anymore
Jack: it almost doesn't make sense to even try
Tommy: you can't give up
Tommy: if you need any help, just let me know
Summary: Jack won't go to Florence with Tommy, Micky and Alice because of the financial problems. He was robbed and he had problems with his car, which made him depressed.
Dialogue: Norman: Hello. Are you open tonight?
Mr. Blackwell: Hello. Yes, we are. 
Norman: Great! Can I make a reservation?
Mr. Blackwell: Of course. What time would be suitable for you?
Norman: 7:30.
Mr. Blackwell: Very well. And can I take your name?
Norman: Norman Jackson.
Mr. Blackwell: Certainly. A table for two?
Norman: As a matter of fact, for 4.
Mr. Blackwell: Of course. Any preferences for your seating?
Norman: By the window if that's possible.
Mr. Blackwell: Certainly. I've reserved a table for 4 for 7:30 by the window.
Summary: Norman is booking a table for 4 for 7:30 by the window.
Dialogue: Thomas: well i hope you have some success :)
Thomas: I bought a car on Wednesday! :)
Geoff: you did what?
Geoff: like real one?
Geoff: for use in Ireland?
Geoff: why would you do that?
Thomas: just seemed like a good idea at the time
Thomas: 2004 Ford Focus 1.4
Thomas: I feel like driving and I need to get my licence and everything and get practice so that if I want a job where I can work on call like in service desk on-call role then I don't have any issues with doing that
Geoff: oh well
Geoff: why not - on plus side - that car will work in UK as good as it works in Ireland
Thomas: haha yeah I can take it to the UK and having driving licence will be helpful in future
Thomas: anyway I'm going to bed, work tomorrow. nice to chat, speak soon xoxoxoxoxoxox
Geoff: nn sweet prince
Summary: Thomas bought a 2004 Ford Focus 1.4 on Wednesday. He needs to get his licence and some practice to be able to work in service desk on-call role. The car works in the UK and in Ireland as well. 
Dialogue: Lucy: Its been too late, get back to home right now :/
Ian: I am on the way to home
Lucy: Hurry up!
Summary: Ian is on his way back home. Lucy hurries him up.
Dialogue: Brian: Scarlett, how are you today?
Scarlett: Better. Thanks.
Scarlett: I’m sorry I left you guys yesterday. 
Sophie: It’s ok. We're glad you’re feeling better.
Summary: Scarlett left Brian and Sophie yesterday. She is getting better today.
Dialogue: Lucy: What's an eight tract tape?
Arlo: A what?
Lucy: An eight tract tape! 
Lucy: Spotify keeps talking about it.
Arlo: Well, let me google that for you...
Lucy: Smartass...
Arlo: Well!
Arlo: It is exactly what it says. A cassette with a tape in it that has music recorded to eight tracks.
Lucy: Weird.
Arlo: They were popular in the 70's but replaced by cassette tapes.
Lucy: What's that?
Arlo: You are such a baby!
Lucy: Sorry!
Arlo: Another, smaller tape style way to listen to music.
Lucy: Oh. So they were sticky?
Arlo: No! God!
Arlo: <file_other>
Lucy: Oh, weird! You had to rewind?
Arlo: Yep.
Lucy: Much better now!
Arlo: Maybe... I miss the art and actually holding the music in your hand, but whatevs.
Arlo: And miss listening to a whole album, as intended.
Lucy: Mkay...whatever! 
Summary: Arlo googled what an 'eight-track tape' is. 
Dialogue: Tom: are you working in Tamgaly now?
Kai: yes, we are
Tom: and how is it?
Conor: just amazing, about 5000 petroglyphs
Tom: when were they discovered?
Emily: 1957 by an archeologist
Emily: but it's an amazing experience to work here with this Kazakh team
Conor: they're very friendly and hospitable
Conor: pity you didn't come with us
Tom: I know
Conor: how is your health?
Tom: better, I can stand again without any help :)
Emily: great!
Tom: I'm very happy
Tom: so we are!
Summary: Kai, Conor and Emily are working in Tamgaly with Kazakh team. There are about 5000 petroglyphs discovered by archeologist in 1957.
Dialogue: Ada: Hey, do you think you will be able to work on the report today?
Harmonie: Hey Ada! yes sure
Harmonie: I'll just finish the work on the file that Cynthia gave me
Ada: Ok no problem 
Ada: When you are ready let me know :)
Harmonie: 👍
Summary: Harmonie will work on the report for Ada today, after she finishes working on the file from Cynthia.
Dialogue: Zack: are you sure the exam is next week?
Theo: pretty sure, why?
Zack: I don't know
Zack: I was under the impression that our professor is on leave until the end of the month
Theo: maybe someone else will do it
Theo: I don't think they need him for a written exam
Zack: you might be right
Zack: but that means that we don't have much time left to study for it
Theo: don't worry
Theo: from what I heard it's not that difficult
Zack: who told you that?
Theo: my sister's friend took it last year
Theo: and she claims it was one of the easiest one
Zack: maybe for her
Zack: I'm still not confident about it
Theo: we'll see
Theo: there's no point in speculating
Theo: or worrying in advance
Summary: Zack and Theo are taking the exam next week.
Dialogue: Alan: I have reached the age I can't remember my password! 
Harry: getting older mate.. get used to it!
Alan: i used to be good at remembering
Nancy: join the club darling! haha!
Greg: consider 1 2 3 4 
Alan: not working!
Greg: date of birth?
Alan: not working either!
Summary: Alan has forgotten his password.
",[Emma will be home soon and she will let Will know.],1322,samsum,en,,4d088d03f6793851554a7cc0da295d3039bb246c521eaa39,129,1
"Dialogue: Jill: So bored!
Nate: Well... can't help you there
Nate: Still at work
Jill: ugh I need to find a job
Jill: I've watched everything on youtube already
Nate: Doubt it :P I'll call you when I get off work
Summary: ","Dialogue: Felicity: Hi! :)
George: hi
Felicity: Such a question
Steve: ?
Felicity: Do we have sth for Mike??
Clara: Why asking??
Felicity: His bday... tomorrow...?
Clara: Whaaaaaat, tmrw?? Not next week?? 😧
Felicity: Tomorrow, for sure
George: damn, i've also forgotten
Felicity: Sooooo......
Clara: So we're screwed xD
George: what time is it?
Felicity: Starts 6pm
George: well
George: i can buy sth tmrw after work
Felicity: Really? Would be gr8
George: i can finish a bit earlier
George: on Fridays nobody cares
Felicity: :D
Summary: Mike's birthday is tomorrow. Clara thought it was next week. George didn't remember at all. George is going to leave work earlier tomorrow to get the present for Mike.
Dialogue: Meg: Hi, I can't make it today, sorry.
Jeff: It's like the third lesson you cancel just hours in advance.
Meg: Sorry Jeff :(
Summary: Meg can't have a lesson with Jeff today. It's about the third lesson Meg cancels just a few hours in advance.
Dialogue: Sue: I've just got home...
Sue: feel like a wrinkly shirt
Jack: ;)
Jo: Get a nice bath
Jo: and go to bed earlier
Jack: You need to get ready for the event!
Sue: I'll try
Sue: for you
Summary: Sue is exhausted but needs to rest before the event.
Dialogue: Benjamin: What will our book club be called?
Ashley: How about B&A Book Club?
Benjamin: Why not A&B?
Ashley: More intriguing that way ;)
Benjamin: Ok, so it's settled! B&A Book Club is up and running ;)
Ashley: W8! Where will we meet?
Benjamin: Meet? I thought it would be an internet project?
Ashley: What? No, we have to meet up from time to time. That's the whole point!
Benjamin: Suppose ur right. So, where?
Ashley: Maybe first meeting ur place, next mine and then back again?
Benjamin: Sounds fair. How do we get new members? ;)
Ashley: Facebook page?
Benjamin: Cool! I'll get on it right away!
Ashley: What book will go first?
Benjamin: That's a tough question!
Ashley: Ik.
Summary: Benjamin and Ashley's bookclub will be called B&A Bookclub. They have arranged the first meeting at Benjamin's place. They will make a facebook page to get new members.
Dialogue: Barry: hey that page 18 thing is not our fault xD
Charlie: cool xD did you ask her
Barry: yeah she says she'll take care of it 
Charlie: job done
Summary: Barry talked to her about the page 18 thing that is not either Barry's or Charlie's fault. 
Dialogue: Akira: hey, im at the airport now. where are you?
Yasujirō: getting out of my cab in a second. are you at the luggage dropoff
Akira: yeah, theres a bit of a line. ill save a spot for you
Yasujirō: thanks. be right there.
Akira: dont forget to lighten your bags before they weigh them. remember how u overpacked last time?
Yasujirō: I should be fine this time.
Akira: Ok
Summary: Akira is at the airport standing in line at the luggage dropoff. Yasujirō is getting out of his cab and will join Akira shortly. Yasujirō overpacked his luggage last time.
Dialogue: Lucas: yo! 
Evan: hi!
Lucas: what's up?
Evan: just chilling
Evan: had a busy day
Lucas: work?
Evan: I wish
Evan: my car broke down again
Evan: so I had to take care of it
Lucas: you should replace that piece of crap
Evan: I'm planning to
Evan: just need to save some money first
Lucas: stop repairing your old one
Lucas: you'll save a lot that way :P
Evan: maybe
Evan: but I still need to drive to work
Lucas: what about public transport?
Evan: there's like one bus that goes there
Evan: twice per hour
Evan: not really convenient
Lucas: sucks to be you :P
Evan: I know...
Summary: Evan's car has broken down again and he needs to save money for a new one. He cannot use public buses to go to work because of their schedule.
Dialogue: Demi: Wanna go to yoga?
Wren: ooo sounds great
Demi: Sunday at 9?
Wren: ok brunch after?
Demi: ok :) c ya
Wren: c ya
Summary: Demi and Wren will go to yoga on Sunday at 9 and have a brunch afterwards. 
Dialogue: Arthur: Have you not forgotten to take the keys with you?
Toby: Sure, I'll be there in 5 min.
Arthur: Good, I'm waiting outside.
Summary: Toby will bring the keys in 5 minutes.
Dialogue: Vivian: I had a lot of fun today!! Thanks again :**
Jordan: my pleasure :) I wish we could stay longer though
Vivian: I knoooow but I have to go to work tomorrow, you know that
Jordan: yeah me too, but maybe we can go out again on friday? :*
Vivian: i would love that!!
Jordan: it's a date then! good night ;*
Summary: Jordan and Vivian had a lot of fun today. They will meet again on Friday.
Dialogue: Mike: Hey, we're organizing an event in your city and I wanted to ask if You are interested in taking part in it.
Mike: The event can be marked as ""technological picnic"" aimed at families with children who are eager to take part in technological workshops such as programming lessons, basics of robotics etc.
Mike: Event will take place on Saturday from 10 -17 on Theater Square and I wanted to ask you if You are interested in bringing your foodtruck to the event. The event is completely free and so is your participation. We will provide space and electricity. Please let me know untill 5 p.m today.
GastroMachina Foodtruck: Hey, we are interested in your proposal. Please write us an email with all the details and we will reply within few hours. I think we are free this Saturday, but we need to check it with schedule.
Mike: Great! I'm writing an email right now!
GastroMachina Foodtruck: The email adress is written on our website. Let's stay in touch then.
Mike: Thanks. Bye.
Summary: There is going to be a ""technological picnic"" event aimed at families with children. It will take place in Theatre Square on Saturday from 10am to 5pm. GastroMachina Foodtruck wants to participate in the event. Mike will write them an e-mail.
Dialogue: Kim: hey did you see mikes email?
Kim: why do we have to pay more money???
Lars: <file_gif>
Linda: how much did you pay in septermber?
Kim: cant remember now. around 50-60
Lars: we had 1500 in total end of sept. like... where is it?
Summary: Kim doesn't understand why she, Lars and Linda are supposed to pay Mike more money. Kim has already paid about 50-60 and 1500.
",[Jill is bored and has watched YouTube. Nate is at work and will call Jill when he finishes it.],1162,samsum,en,,7a85937d2e1ac3215ab2518db4dc4d633fbb81f042776780,48,3
"Dialogue: Maddie: I'm in Asda, do you need anything?
John: could do with a white bread and some apples 
Maddie: ok. Gala?
John: yes please ta
Summary: ","Dialogue: Pete: Did you let the cat out?!!!
Jane: Yes. Why?
Pete: You weren't supposed to let him out. He's injured and under house arrest. That's is not good enough. I thought that you're responsible! Grrrr!
Summary: Jane let the cat out. Pete is very angry.
Dialogue: Noah: <photo_file>
Noah: Just bought them
Jeremy: Nice shoes
Andy: How much?
Noah: $100
Andy: I saw them cheaper online
Noah: :-(
Summary: Noah bought shoes for $100. Andy saw them cheaper online.
Dialogue: Lily: I wanted to thank you
Martin: For what?
Lily: I've watched the series you recommended me
Martin: Please tell me which one you mean cause I forgot
Lily: La casa de papel
Martin: Oh yes now I remember
Martin: I liked it too
Lily: It's awesome!!
Martin: I have some good news for you 
Lily: Tell me 
Martin: In Februrary will come a new season out
Lily: OMG! That is amazing
Martin: I know I'm excited too
Lily: I don't know how I will stand waiting that long for it
Martin: We could watch the new season togheter when it's out
Lily: That's a great idea!
Summary: Lily loved the series La casa de papel recommended to her by Martin. A new season is coming out in February. They will watch it together.
Dialogue: Steve: Hi Xav,  whats up?
Xav: Steve? What a surprise!
Steve: Time flies. How are you?
Xav: Very well, thanks 🙂 and you?
Steve: Feeling good 🙂
Steve: I talked with Beatrice and she told me you two met some time ago 🙂
Xav: True, we did, last weekend.
Xav: We talked about the old days. 😀
Xav: We should do the same!
Steve: Sure, I meant to ask you 😀
Xav: No worries, I'm in Poland for another two weeks
Steve: Cool
Steve: I'm free this Thursday and Friday. Not sure about next week.
Xav: Sure, I'll get back to you! 
Steve: No prob
Summary: Steve talked about Xav with Beatrice and wants to meet him. Xav is staying in Poland for 2 more weeks. He is free to meet Steve on Thursday or Friday.
Dialogue: David: Hey, may I have one delicate question?
May: Oh hi!
May: Of course you can, shoot
David: How was your flight to Japan?
May: Great, why are you asking?
David: I'd like to go to the US, but the flight's so long and I'm kind of afraid of flying
David: Mike told me that you're as well so I thought I may ask you for some advice how to survive a long flight. I was reading different articles online, but I'd rather talk with someone I know
May: Sure thing! Well, the flight was amazing, I was really scared before, but then it was really all right. The plane was big, there was a huge variety of films and even games and ebooks.
David: How long was the flight?
May: To Tokyo 9 hours and 11 on our way back.
David: Whoah, that's long...
May: I know, but I really didn't notice when we landed. It was worse on the way back, because you know I wasn't so excited to go back and it was slightly longer
May: I watched like three films, slept a little, had dinner and there we were. If you're really scared you can always take some calming pills, they always help me
David: Which ones are you taking?
May: I always stick to the natural ones with valerian, I buy different ones, it doesn't matter as long as they're natural. I wouldn't take something strong or chemical
David: Ok, thank you so much May!
May: No problem, enjoy your trip and send me some pictures ;)
Summary: David wants to go to the US, but he's afraid of flying. May tells him about her journey to Japan. She gives David some tips how to survive a long flight.
Dialogue: Dory: my friend have a concert next week
Dory: little performance in a pub
Dory: wanna come:
Sonia: when exactly?
Dory: Friday at 8
Sonia: ok, I'm free
Dory: Great :)
Summary: Dory and Sonia are going to a small concert next Friday at 8.
Dialogue: Paul: Lee, Raul, have you seen the new game book?
Lee: Nope
Raul: Is there one out yet?
Paul: Seems so
Paul: I haven't got it yet
Lee: What about John? 
Lee: He may know
Raul: Ok, I'll ask him if it has been released
Paul: Thanks
Paul: and get one for me, plz
Raul: okay
Paul: Are we still on tonight?
Lee: Yeah
Raul: What time?
Paul: As usual
Lee: OK. Can I bring Jim?
Raul: Sure
Paul: We need four anyway
Lee: ok
Lee: C U
Summary: There is probably a new game book. Lee, Raul and Paul don't have it yet. They are meeting tonight. Lee will bring Jim.
Dialogue: Nikki: Hi Jaz, how's it going?
Jaz: Hi Nik, yeah, great, kids have gone to bed and we're just chilling out with a box set binge.
Nikki: Quality time, eh?! What's on?
Jaz: We're getting stuck into Season 3 of the Last Kingdom. Excellent stuff!
Nikki: Oh, right. Don't know that one, what's it about?
Jaz: Its about the Dark Ages when the Danes ie. Vikings, invaded Britain.
Nikki: Sound a bit dry and historical!
Jaz: Not at all! It's really exciting! The main guy in it, Utread, is really fit and it's full of sex and violence!
Nikki: Oh really? Bit bloodthirsty, eh, not sure if it's my kind of thing.
Jaz: That's what I thought too, but it's got other bits with King Alfred and the Saxons and lots of family feuds and things. And, did I mention the hot men in it!
Nikki: I think so!
Jaz: There's a couple of hunky Viking brothers, Sven and Erik, they are quite good looking, they wear lots of eyeliner and have complicated hairstyles. There a bit like an evil version of Jedward!
Nikki: 🤣 Well, now I AM intrigued!
Jaz: Anyway, better get back to it, as hubby has paused the telly. See you in work. In tomorrow?
Nikki: Nah! Got a couple of days off.
Jaz: You jammy cow! Anyway, I'll think of you on the weekend when I'm having a lie-in!
Nikki: See you, Jaz.
Summary: Jaz is watching the Last Kingdom with her husband. Jaz won't see Nikki at work as she's off for a couple of days.
Dialogue: Anna: I hate you
Maggie: Oh come on, stop it
Anna: I really HATE you!
Maggie: Jeez
Anna: You ruined everything!!!
Maggie: Just because I bought the same pair of shoes you did? Don't be stereotypically ridiculous, Annie
Summary: Maggie bought the same pair of shoes as Anna. Anna is mad at her.
Dialogue: Ben: Good morning, darling!
Portia: Good morning! How did you sleep?
Ben: Pretty good; you?
Portia: Not bad. Up once or twice.
Ben: Ah. Okay.
Summary: Ben slept very well. Portia woke up once or twice.
",[Maddie will buy a white bread and apples on John's request.],1198,samsum,en,,077ec45959026d33279e561faf3d40eef364d84359adf349,194,2
"Dialogue: Eric: Hey Bella, What happened today in boss's room?? Was he angry??
Bella: NO NO!!! He wasn't angry at all.. He actually appreciated on our brave deccision to dismiss the request of client..
Eric: REALLY!! He appreciated this decision..
Bella: Yeah he really did.. I too was astounded by his reaction...
Eric: What could possibly lead to this?? I mean , they were potential clients...
Bella: What he told me was that he was looking forward to bring in new clients which were our current client's competitor..
Eric: Oh that could possibly be the reason.Well anyways you got appreciation xD congo	
Bella: hahaha Blessing in disguise xD
Summary: ","Dialogue: Eva: u home?
Darren: yeah
Eva: Wanna grab sth to eat?
Darren: Sure, where?
Eva: I'll pick u up in 15 min
Darren: ok, see u
Summary: Eva is picking Darren up in 15 min to grab something to eat.
Dialogue: Stanley: Have you ever tried parachuting?
Tim: No, why?
Stanley: Oh, nothing. I thought you did.
Tim: Nope. It's not for me.
Summary: Tim has never tried parachuting.
Dialogue: Nina: Where are you?
Tim: in the main room
Alice: me too, come and join us
Nina: ok!
Summary: Nina will join Tim and Alice in the main room.
Dialogue: Andy: Does anyone have a spare lego ice cream van?
Joe: Bit random?
Andy: I know but it for my sons collection. He is obsessed and he has it in his mind that the only thing completing his collection would be an ice cream van. 
Bob: I have a spare Pizza truck? double Christmas present, unopened. would that do?
Andy: I'm not sure but I'll ask.
Joe: maybe you can put some stickers on and convince him that pizza vans sell ice cream?
Bob: Not a bad idea!
Andy: I'll go for it, how much do you want for it?
Bob: £10?
Andy: perfect! thanks! 
Summary: Andy is looking for a lego ice cream van. Bob has a spare Pizza truck. Andy will buy it from Bob for £10.
Dialogue: Jordan: Any idea how we’re getting to the festiwal? By car, plane or train? Let me know all.
Amy: I’m all in for the train. It’s really quick and good value for money. And it doesn’t involve losing time in traffic :)
Peter: Yeah, but I guess there’s gonna be some luggage to be carried from the station. Will we manage?
Andy: Haha, I’m the strongest man on Earth, I’m carrying the whole world on my shoulders ;). I thought of a car, but I think train will suffice.
Jordan: Haha, who let this dude join our trip ;) ? So we’re all good on taking the train?
Patrice: Hey, what about me? Did you forget me?
Amy: No, we were just waiting for everyone to express their opinion Pat :) Are you okay with the aggreements?
Patrice: I guess, but I’m not sitting next to Andy haha!
Andy: The whole world hates me… How did I deserve that :(?
Amy: Right Andy, I’ll sit with you. Jordan, I guess we’re all set. Would you book the tickets?
Jordan: Perfect, appreciate your organisational skills ;). So 5 tickets it is. We’re leaving at 9am, don’t come late! 
Patrice: So great! Can’t wait folks! Xoxo
Amy: Me too <3
Summary: Jordan, Amy, Andy, Peter and Patrice will take a train to get to the festival, and Jordan will book five tickets for the train at 9 am. 
Dialogue: Sebastian: She wrote back!
Dave: Hahahaha, Janet?
Sebastian: Yes :) She wrote that she's sorry for not replying for my messages, but she's been abroad.
Dave: Hm... and that's it?
Sebastian: No, we've talked a little
Dave: And? How's she?
Sebastian: I think she's cool, we talked a bit about jobs, cinema, etc.
Dave: When are you going to meet?
Sebastian: Hasn't asked her out yet...
Dave: Dude, what are you waiting for?
Dave: Is she hot?
Sebastian: Oh yeah
Dave: Wait a bit longer until she's gone, great plan :P
Sebastian: But where should I take her?
Dave: Just go for a drink, don't make it too fancy
Summary: Sebastian likes Janet. She wrote him after a while. Dave suggests Sebastian asks her out before she is taken by someone else.
Dialogue: Jayda: How good of a dancer are you?
Rowan: I have never danced :/
Jayda: damn :/
Rowan: Why are you asking?
Jayda: I need a partner for prom night 
Rowan: I would manage some one dont worry
Jayda: K :)
Summary: Jayda needs a partner for prom night, but Rowan can't dance.
Dialogue: Morgan: Don't forget about the meeting
Abby: How can I forget when you keep talking about it every 10 minutes
Morgan: You know that it is important to me
Abby: I know
Abby: Don't worry I'll be there
Morgan: Thank you
Summary: Morgan and Abby will attend an important meeting.
Dialogue: Eva: i have nothing to wear
Grace: as always
Eva: but today i MUST look gorgeous
Grace: as always
Eva: but today im going out with Tom
Grace: Tom Morgan?
Eva: of course, Tom Hotty Morgan
Grace: restaurant?
Eva: yes, La Donna Pasticella 
Grace: so maybe this red dress?
Eva: too long
Grace: hmm, this orange is shorter
Eva: i will look like Orange tree, with my green hair
Grace: black is too obvious
Eva: black is always a good idea ;)
Summary: Eva is going out with Tom Morgan and she wants to look gorgeous. They are going to La Donna Pasticella restaurant. Grace suggests a red or orange dress but Eva prefers a black one.
Dialogue: Gloria: Hi Tony, meant to ask you about it for some time now. Will a possible Brexit affect your business?
Tony: In Britain the farce of Brexit looms over everything all day every day. It's going to affect us all in a most adverse manner. No doubt about it.
Gloria: I'll never understand why so many voted for it.
Tony: Nor will I. It is hard to believe that as a nation we have been so stupid as to vote to leave the EU. Utter and sheer short-sightedness.
Tony: When the French protest against their government, they do it on the streets with their Gilets Jaunes. We do protest votes against the government. I’m not sure which nation has developed the more stupid way to object to our government!
Gloria: But will you in your printing business be affected?
Tony: Dunno yet. Actually I've had very few commissions from abroad, so not directly. But we are all going to have less money in our pockets. So there'll be less interest in fancy printed matter.
Tony: But that will affect my holiday plans! And I hate that! The whole nonsense of exchanging money leaves me sick. I've always been out of pocket, no matter whether in Austria or France. And now with the pound going down the drain...
Gloria: We are hardly meeting any British tourists in Mexico now. One couple in Campeche the other day but they said they're attending a convention or sth.
Tony: That's what I mean. We'll be stewing in our own splendidly isolated sauce again.
Gloria: Don't worry. You can always visit us in Austria paying your pounds which we will then spend visiting you in England.
Tony: That's a good plan. But how about me visiting France or Spain??? Any family or friends there?
Gloria: Do you think the second referendum is an option?
Tony: Definitely. Those morons voted ""for"" out of ignorance, out of sheer lack of knowledge and understanding. Common awareness of economic and political consequences of Brexit has made a quantum jump in this country as late as in the last few months.
Tony: And if you ask me, the Irish border issue cannot be solved thru' any diplomatic channels. It either stays open, the way it is now, or we have a new armed conflict with no prospect of being settled.
Gloria: Hasn't it started yet?
Tony: Yes. I fear the worst.
Gloria: Oh Tony... So wretched....
Summary: Tony's business will be affected by Brexit and both her and Gloria will never understand why people voted for it. It will also affect Tony's holiday plans. Gloria can hardly meet any British tourists in Mexico. Tony thinks the second referendum is an option.
Dialogue: Colin: I think the modern world is unhealthy, we’re not supposed to live like this. It used to be that someone was either alone or had real engagement with other people. But now you have neither
Kellie: Interesting. Why?
Colin: You’re never really alone because of phones, facebook, instagram, etc.
Kellie: Well, I agree. People don’t engage with others in the same way. 
Colin: I believe that we’re not as good at forming close bonds because of social media. 
Kellie: Can you imagine that people call it ‘progress’?
Summary: Colin and Kellie agree that human relations and abilities to form close bonds with others have deteriorated because of social media.
Dialogue: Mick: guys where are you
Damon: eeeee where are you? xDD we're at the pub
Mick: which pub
Tim: devil's face
Time: hurry up
Mick: ok coming
Summary: Mick is joining Damon and Tim in the Devil's Face pub. 
Dialogue: Anna: I'm so sorry Tobi for the situation
Tobi: c'mon, it's not your fault
Anna: But I saw how stressful it was for you
Jeff: what happened?
Leland: sounds serious
Anna: We were stopped at the border, we couldn't enter Pakistan
Leland: why? i've done this trip many times
Anna: Pakistan doesn't recognise Armenia, as the only state in the world apparently
Anna: and Tobi has an Arminian passport, so they didn't allow him in
Anna: and we didn't understand what it was about
Tobi: my boss didn't answer phone calls and we were supposed to have a business meeting in Islamabad
Anna: so I had to continue to Islamabad and Tobi returned to Ahmedabad
Leland: a very strange story, I'm sorry Tobi for that
Tobi: no problem, after all I had an extra free day and it was not my fault :P
Leland: hehe
Summary: Tobi couldn't cross the Pakistani border on Armenian passport. Anna could continue the business trip to Islamabad. Their boss didn't answer the phone to confirm, so Tobi had to go back to Ahmedabad.
",[Bella and Eric dismissed a request of a client. Their boss appreciated the decision. He brings in new clients.],1734,samsum,en,,100d6b1317c0e92000461be559a341f8b821838f88b7cc35,98,3
"Dialogue: Amanda: have you seen the guy with dreads?
Peter: yes, so awkward!
Dan: hahaha, very, but cool!
Amanda: I'm not convinced
Summary: ","Dialogue: Courtney: Did you ever get that card I sent?
Josh: Nope!
Courtney: I swear I sent it! I feel bad!
Josh: Why?
Courtney: 'Cause it's like I missed your birthday but I really didn't!
Josh: I know. Don't worry.
Courtney: But you didn't get my card! I wonder why...
Josh: Who knows?
Courtney: I'll send another one. Belated!
Josh: Don't bother, it's the thought that counts.
Courtney: I know but...
Josh: Really, don't worry.
Courtney: Okay. What did you do for your birthday?
Josh: Went to Vegas! My first time there without parents. It was a blast!
Courtney: Oh boy!
Josh: Yeah, we did it up!
Courtney: I bet!
Josh: Did a little gambling too.
Courtney: Did you win?
Josh: Nope! But we had fun.
Summary: Josh didn't receive Courtney's card. For his birthday he went to Vegas and loved it.
Dialogue: Claire: How does it feel to turn 30?
Roberta: It's like any other birthday 
Roberta: You don't become ""mature"" from one day to the other
Gertrude: I had a big party but nothing really changed
Gertrude: I don't feel significantly older 
Claire: I'm turning 30 next week!
Gertrude: Welcome to the club
Summary: Claire's 30th birthday is next week. Roberta and Gertruda are already 30 and don't feel any different than before.
Dialogue: Jamie: Do you know if I can share a netflix account with someone else?
Cal: I guess it should work on 2 or more devices
Jamie: it does but its for one user right?
Sian: what do u mean?
Sian: u want 2 or more users within one account?
Jamie: yes. to be able to watch different shows at the same time
Cal: I think its possible but I don't know if it's cheaper than 1 account/1user
Jamie: ok I'll google that. my free month is over :(
Sian: what are u watching?
Jamie: Turn
Sian: boooring...
Cal: haven't heard of it
Summary: Jamie's free trial of Netflix is over and he is considering signing up for a shared account. He was watching ""Turn"", which Sian finds boring.
Dialogue: Alice: good morning
Patrick: Morning
Alice: I went last night to give the report but those shitty people can't do anything. They don't even want to do anything. I told them there was a camera instead of the bus. But they said it wasn't working probably. They didn't even want to check anything
Patrick: Oh shit that's fucked up
Alice: :( I really hate this place. From the beginning u hate it
Patrick: Shame I can imagine, especially after this has happened
Alice: Yes. If I only could get this Damn guy and a baseball bat... oh poor guy
Patrick: Hahaha you'd kill him
Alice: No. But he would regret what he did. And he probably would never have children
Patrick: He didn't stop you from having children by taking your chain. Haha why would you do that?
Alice: I don't care. He pissed me off. That would be his punishment. Oh Damn i would use this baseball bat properly on him. I could almost kill him. Damn, fuck this. I will be that rich that I will buy 100 things like that which was robbed. I just think now how he even could just come to me and take it just like this when people where around! How he could just break it off from my neck! My neck?! And touch me
Patrick: Yea that's fucked up
Alice: I'm not racist but from yesterday I hate all Arabic people like him.
Alice: <file_photo>
Alice: He did it, it's not a lot. But he did it
Patrick: Oh he was Arabic?
Alice: Yes
Patrick: Shit that's quite some bruising. Wish I could punch him for you
Alice: Wish I could do it alone with the whole anger I have inside of me
Summary: Alice went to the police (probably) to give a report as she was robbed yesterday, but they did not want to help her. Then Alice tells Patrick more about the assault and wants revange on the Arabic guy who did it.
Dialogue: Amelia: <file_other>
Amelia: black friday %%%
Olivia: <file_gif>
Jessica: all products?
Amelia: no :(
Jessica: and serie elixir of nature?
Amelia: unfortch no :(
Olivia: but honey bronze is 50% off
Summary: Amelia informs there are Black Friday discounts on some products.
Dialogue: Violet: FWIW, I'm not going tonight.
Louie: Whatevs. You do you.
Violet: She pissed me off so no way am I going.
Louie: Fine! Have it your way!
Summary: Violet is very upset so she is not going out tonight.
Dialogue: Jane: What was that tv series you were watching all the time in high school?
Emma: gossip girl?
Jane: yes that one
Emma: why? :D
Jane: I feel like watching something stupid
Jane: they're killing me at work
Emma: yep, gossip girl is definitely stupid :D
Summary: Jane would like to watch Gossip Girl.
Dialogue: Andy: Check this out: [link]
Kate: It doesn't open.
Philip: I'll check it later!
Summary: Kate can't open the link Andy has sent. 
Dialogue: Brisa: I cant install windows on my PC
Ean: How can I help
Brisa: Can you come to my house?
Ean: I am busy right now will come after 2 hours
Brisa: K
Ean: Or maybe my elder brother can help
Brisa: That would be fine
Ean: I am calling her to come to ur home
Brisa: Thanks
Ean: I have given him your number, tell him ur address when he calls you
Brisa: Ok sure
Ean: Would he install drivers?
Brisa: He will take care of everything, dont worry
Summary: Brisa cannot install Windows on her PC. Ean cannot help her right now, but he is sending his older brother to her house. 
Dialogue: Tonya: What do you think about Trevor?
Melissa: who is it? LOL
Tony: LOL indeed, the tall guy in a black sweater
Melissa: still doesn't ring a bell
Chloe: the one that said he's bisexual
Melissa: this one!
Melissa: he's hot!
Tonya: right?! very intriguing
Melissa: but bi...
Tonya: but is it worse to be cheated on with a boy than with a girl?
Tonya: I'm not even sure I wouldn't prefer my bf to sleep with a guy
Tonya: at least he really has something I don't 
Chloe: ahhaha
Chloe: yes, but will you be ever enough?
Tonya: I don't think love is that much about sex, I may not be enough in comparison with a smarter woman as well 
Chloe: dunno
Summary: Tonya, Melissa, Chloe, and Tony are gossiping about Trevor. Melissa finds Trevor hot. Chloe remembers Trevor is bisexual. Tonya doesn't think love is about sex.
Dialogue: Eva: I've signed the agreement
Tina: You did? omg so happy for ya
Eva: Thanks:) I am super excited
Barb: Omg babe! awesome!
Eva: hahaha thanks! I didn't know it's gonna be so emotional!
Barb: Hell yeah! It's kinda binding for 25 years you know, kinda scary
Eva: I know, but, Mat and I are getting married so after that we're gonna consolidate or sth and pay it off together faster
Barb: You guys are getting married? 
Eva: Yes we are! you didn't know? 
Barb: First time hearing this
Tina: No worries I just found out myself
Barb: Anyway! Congrats love! You guys are awesome!
Eva: Thank you so much! It's an exciting time
Barb: Well I hope we're all invited for the housewarming party
Eva: Of course! I'll be sending emails
Summary: Eva signed the agreement. She and Mat are getting married. They will organize the housewarming party in their new flat.
Dialogue: Marisa: First day back at school and he lost his book! xxx
Paul: oh dear! not a good start! :(
Tina: Oops!
Karen: what a big deal?! i lost my car keys yesterday! went to work by bus and got late only to find out they were in my bag!
Tina: haha! so funny!
Freddie: it was just a book..
Tracy: it will probably turn up! x
Marisa: last week he lost his lunchbox and 3 weeks ago a school jumper!!!
Billy: how careless!
Heather: he did on purpose! i know he did! haha! x
Marisa: next time he'll lose his whole bag! x 
Summary: He is careless and has been losing things at school.
","[Amanda and Peter don't like what the man in dreads looks like, but Dan does.]",1415,samsum,en,,06579eaea3267676100c47cf3a32d27623e0f0baf0eeede1,57,2
"Dialogue: Maddie: I'm in Asda, do you need anything?
John: could do with a white bread and some apples 
Maddie: ok. Gala?
John: yes please ta
Summary: ","Dialogue: Pete: Did you let the cat out?!!!
Jane: Yes. Why?
Pete: You weren't supposed to let him out. He's injured and under house arrest. That's is not good enough. I thought that you're responsible! Grrrr!
Summary: Jane let the cat out. Pete is very angry.
Dialogue: Noah: <photo_file>
Noah: Just bought them
Jeremy: Nice shoes
Andy: How much?
Noah: $100
Andy: I saw them cheaper online
Noah: :-(
Summary: Noah bought shoes for $100. Andy saw them cheaper online.
Dialogue: Lily: I wanted to thank you
Martin: For what?
Lily: I've watched the series you recommended me
Martin: Please tell me which one you mean cause I forgot
Lily: La casa de papel
Martin: Oh yes now I remember
Martin: I liked it too
Lily: It's awesome!!
Martin: I have some good news for you 
Lily: Tell me 
Martin: In Februrary will come a new season out
Lily: OMG! That is amazing
Martin: I know I'm excited too
Lily: I don't know how I will stand waiting that long for it
Martin: We could watch the new season togheter when it's out
Lily: That's a great idea!
Summary: Lily loved the series La casa de papel recommended to her by Martin. A new season is coming out in February. They will watch it together.
Dialogue: Steve: Hi Xav,  whats up?
Xav: Steve? What a surprise!
Steve: Time flies. How are you?
Xav: Very well, thanks 🙂 and you?
Steve: Feeling good 🙂
Steve: I talked with Beatrice and she told me you two met some time ago 🙂
Xav: True, we did, last weekend.
Xav: We talked about the old days. 😀
Xav: We should do the same!
Steve: Sure, I meant to ask you 😀
Xav: No worries, I'm in Poland for another two weeks
Steve: Cool
Steve: I'm free this Thursday and Friday. Not sure about next week.
Xav: Sure, I'll get back to you! 
Steve: No prob
Summary: Steve talked about Xav with Beatrice and wants to meet him. Xav is staying in Poland for 2 more weeks. He is free to meet Steve on Thursday or Friday.
Dialogue: David: Hey, may I have one delicate question?
May: Oh hi!
May: Of course you can, shoot
David: How was your flight to Japan?
May: Great, why are you asking?
David: I'd like to go to the US, but the flight's so long and I'm kind of afraid of flying
David: Mike told me that you're as well so I thought I may ask you for some advice how to survive a long flight. I was reading different articles online, but I'd rather talk with someone I know
May: Sure thing! Well, the flight was amazing, I was really scared before, but then it was really all right. The plane was big, there was a huge variety of films and even games and ebooks.
David: How long was the flight?
May: To Tokyo 9 hours and 11 on our way back.
David: Whoah, that's long...
May: I know, but I really didn't notice when we landed. It was worse on the way back, because you know I wasn't so excited to go back and it was slightly longer
May: I watched like three films, slept a little, had dinner and there we were. If you're really scared you can always take some calming pills, they always help me
David: Which ones are you taking?
May: I always stick to the natural ones with valerian, I buy different ones, it doesn't matter as long as they're natural. I wouldn't take something strong or chemical
David: Ok, thank you so much May!
May: No problem, enjoy your trip and send me some pictures ;)
Summary: David wants to go to the US, but he's afraid of flying. May tells him about her journey to Japan. She gives David some tips how to survive a long flight.
Dialogue: Dory: my friend have a concert next week
Dory: little performance in a pub
Dory: wanna come:
Sonia: when exactly?
Dory: Friday at 8
Sonia: ok, I'm free
Dory: Great :)
Summary: Dory and Sonia are going to a small concert next Friday at 8.
Dialogue: Paul: Lee, Raul, have you seen the new game book?
Lee: Nope
Raul: Is there one out yet?
Paul: Seems so
Paul: I haven't got it yet
Lee: What about John? 
Lee: He may know
Raul: Ok, I'll ask him if it has been released
Paul: Thanks
Paul: and get one for me, plz
Raul: okay
Paul: Are we still on tonight?
Lee: Yeah
Raul: What time?
Paul: As usual
Lee: OK. Can I bring Jim?
Raul: Sure
Paul: We need four anyway
Lee: ok
Lee: C U
Summary: There is probably a new game book. Lee, Raul and Paul don't have it yet. They are meeting tonight. Lee will bring Jim.
Dialogue: Nikki: Hi Jaz, how's it going?
Jaz: Hi Nik, yeah, great, kids have gone to bed and we're just chilling out with a box set binge.
Nikki: Quality time, eh?! What's on?
Jaz: We're getting stuck into Season 3 of the Last Kingdom. Excellent stuff!
Nikki: Oh, right. Don't know that one, what's it about?
Jaz: Its about the Dark Ages when the Danes ie. Vikings, invaded Britain.
Nikki: Sound a bit dry and historical!
Jaz: Not at all! It's really exciting! The main guy in it, Utread, is really fit and it's full of sex and violence!
Nikki: Oh really? Bit bloodthirsty, eh, not sure if it's my kind of thing.
Jaz: That's what I thought too, but it's got other bits with King Alfred and the Saxons and lots of family feuds and things. And, did I mention the hot men in it!
Nikki: I think so!
Jaz: There's a couple of hunky Viking brothers, Sven and Erik, they are quite good looking, they wear lots of eyeliner and have complicated hairstyles. There a bit like an evil version of Jedward!
Nikki: 🤣 Well, now I AM intrigued!
Jaz: Anyway, better get back to it, as hubby has paused the telly. See you in work. In tomorrow?
Nikki: Nah! Got a couple of days off.
Jaz: You jammy cow! Anyway, I'll think of you on the weekend when I'm having a lie-in!
Nikki: See you, Jaz.
Summary: Jaz is watching the Last Kingdom with her husband. Jaz won't see Nikki at work as she's off for a couple of days.
Dialogue: Anna: I hate you
Maggie: Oh come on, stop it
Anna: I really HATE you!
Maggie: Jeez
Anna: You ruined everything!!!
Maggie: Just because I bought the same pair of shoes you did? Don't be stereotypically ridiculous, Annie
Summary: Maggie bought the same pair of shoes as Anna. Anna is mad at her.
Dialogue: Ben: Good morning, darling!
Portia: Good morning! How did you sleep?
Ben: Pretty good; you?
Portia: Not bad. Up once or twice.
Ben: Ah. Okay.
Summary: Ben slept very well. Portia woke up once or twice.
",[Maddie will buy a white bread and apples on John's request.],1198,samsum,en,,077ec45959026d33279e561faf3d40eef364d84359adf349,194,3
"Dialogue: Thelma: i dont have anything to wear
Louisa: your wardrobe is full of clothes
Thelma: but i have to look wonderful
Louisa: ok i can bring you my red velvet dress
Thelma: really? :O
Thelma: it would be great!
Louisa: no problem ;)
Summary: ","Dialogue: Jeremy: Hey sunshine, how was your day?
Lisa: quite hectic
Jeremy: I miss you so much
Lisa: me too :( I'll be back home this weekend so we can meet
Jeremy: I can't wait!
Summary: Lisa had a hectic day. She will be back home this weekend and she will meet Jeremy. 
Dialogue: Darren: Look! 10am!
Frank: Whoa! They're awesome knockers.
Darren: Stop staring or she'll notice us! LOL
Summary: Darren and Frank are staring at a girl's tits.
Dialogue: Adam: Hello, do you serve coffee with lactose-free milk?
Vanessa: Hello Adam, yes, we do. In our offer you'll find soy milk, almond milk and oat milk.
Adam: Thank you so much for your quick answer! Can I book a table then? Tomorrow at 12?
Vanessa: Of course, thank you for choosing us :)
Summary: Adam books a table in Vanessa's café for tomorrow at 12 PM. 
Dialogue: Jay: where did you get this tea from babe?
Mike: do you not like it?
Jay: I really like it!
Mike: it's from Tea Nepal in the mall
Jay: it's really nice, I think my mum will like it too
Jay: do they have gift packs or anything?
Mike: yeah they do hamper type of baskets
Jay: oh nice, I'll get one for my mum's birthday then
Mike: cool, maybe one for Lindsay as well?
Jay: why is that?
Mike: it's her birthday next Tuesday
Jay: ok, good idea 
Mike: laters
Jay: see ya!
Summary: Jay likes the tea Mike got from Tea Nepal in the mall. Jay decides to get the tea in a gift pack for her mom's birthday. Mike suggests Jay to get another such present also for Lindsay as the next Tuesday is her birthday.
Dialogue: Gerard: Heiooo wassup
Joey: I'm going for a nap now
Gerard: OH kk
Joey: Ttyl
Summary: Joey is about to take a nap. He will talk to Gerard later.
Dialogue: Kinga: I came out to my parents
Matthew: How did they react?
Kinga: Totally cool
Kinga: They said they knew
Kinga: And it doesn't change anything how they see me
Kinga: And what they feel for me
Matthew: You have great parents
Kinga: They are cool
Kinga: But I was a bit nervous before coming out
Kinga: I heard horrible stories from my friends
Matthew: And how about other people?
Matthew: Do they know?
Kinga: The closest people know
Kinga: The rest, well, I would have to come out everyday
Kinga: Let's say in a shop, good morning I'm gay, two kilo of potatoes please
Kinga: I don't see a point
Matthew: hahaha
Summary: Kinga came out as gay to her parents. They already knew that and were fine with it.
Dialogue: Mark: Hey, sorry to be disturbing you. I know you're probably busy with classes, but can you call me when you finish? I have something important to tell you...
Cynthia: You know what, I probably can't make it today - I end pretty late. Can't you send me a text about whatever is going on?
Mark: It's... about money... Something doesn't add up. Okay, I'll wait, if you find 5 minutes in the evening that would be great - it's not that important.
Mark: But seriously, don't worry about it ;)
Cynthia: I don't think I ever gave you money back for the pasta... How much do I owe you?
Mark: Nooo, it's not about the pasta, something different - just call in the evening and I'll explain everything calmly and you really have nothing to worry about
Cynthia: Yeah, but you also covered my stay... I'll call you if I get the chance, but I really am ending late (which is why a text message would be better)
Mark: Look, if you don't manage to call me today, then you can call me tomorrow. And please, stop worring because you don't have to - when we'll talk I'll explain :)
Summary: Mark wants to talk with Cynthia about money today. She ends classes late so she suggests sending a text message. Mark insists on calling, today or tomorrow.
Dialogue: Svetlana: Hello, I am Svetlana from Moscow.
Manpreet : Hello, I am Manpreet from Punjab. 
Svetlana: Where do you study?
Manpreet: I study in St. Anne's college, the one opposite to Herald Hospital.
Svetlana: Yes, i know. I too study in the same college. 
Manpreet: Is it? which stream are you in?
Svetlana: I'm pursuing Law.
Manpreet: Oh, ok. I'm  into Fashion Designing.
Summary: Svetlana and Manpreet introduce themselves to each other and find out they both study at the same college.
Dialogue: Adam: Hi Mona said you bought a new TV?
Carl: Yes, we broke old.
Adam: Which model?
Carl: Philips Ambilight 55 E524532.
Summary: Carl bought a new Philips Ambilight 55 E524532 TV because the old one is broken.
Dialogue: Daniel: Hi sweetie
Daniel: How are you?
Daniel: How are kids?
Irene: Hi honey, I miss you!
Irene: I'm fine and the kids are naughty as always :)
Daniel: I can't wait to see you all
Irene: What time do you think you'll be home?
Daniel: 10 p.m. hon
Irene: I should be still awake, I'm waiting for you
Daniel: You're the best, I love you
Irene: Love you too <3
Summary: Daniel will come back home after 10 pm. Irene will wait for Daniel.
Dialogue: Julian: first of all, my gf has birthday tomorrow
Julian: I need your help
Susan: She will probably enjoy cosmetics
Wanda: yes, I saw her instagram. She knows how to deal with make-up
Julian: Can you recommend any brand?
Susan: Buy Burberry Lip Velvet Crush lipstick
Susan: She will be satisfied for sure.
Wanda: I heard about that brand. ppl love it.
Julian: Thanks, she adores lipsticks
Wanda: good for u!
Susan: Don't forget about flowers, we love them!
Julian: ya, I remember about that
Julian: thank you girls
Summary: Julian's girlfriend has birthday tomorrow. Wanda and Susan recommend Julian to buy some flowers and cosmetics for her, eg. Burberry Lip Velvet Crush lipstick.
Dialogue: Bob: hey, can you bring me the external drive from the office?
Ann: yeah, just give me 2 minutes, need to finish this email
Bob: ok :) thx!
Ann: np :)
Summary: Ann needs to finish an e-mail. Then Ann will bring the external drive from the office to Bob at his request.
Dialogue: Mia: hey, what are you up to tonight?
Ruby: Dunno yet, why?
Mia: there's a party at john's place
Mia: wanna go?
Ruby: Hmm. How come I don't know about it?
Mia: no idea :O maybe you forgot or he forgot or something
Ruby: Heh, I guess... Okay, I'm going.
Mia: wonderful! meet me and olivia at her place at 5:30pm and we'll go together?
Ruby: Sure! See you :).
Mia: <3
Summary: Mia and Ruby are going to meet at Olivia's place at 5:30pm to go together for a party at John's place.
Dialogue: Mary: what are we having for dinner?
James: fried shrimp?
Mary: not again
James: I love fried shrimp
Mary: do you love me?
James: yes
Mary: as much as fried shrimp?
James: ........yes.
Summary: James and Mary will have fried shrimp for dinner. Mary is fed up with it but James loves it and does not mind eating it often.
Dialogue: Greg: can't log in
Sam: same, still in queue
Greg: 20000 people ahead, what's wrong with this game?
Sam: new event patch, you shouldn't be surprised by that anymore
Sam: it's always the same thing when they release a new event patch
Greg: still having to wait for so long just to log in
Sam: I'm more worried about the lack of estimated time
Sam: it just says 20000 people ahead
Sam: without any changes for like 10 minutes already
Greg: I guess we have to postpone our games for tomorrow
Sam: yeah it's probably the best thing to do
Sam: even if we manage to log in, I'm not sure how stable the servers would be
Summary: Sam and Greg decide to postpone their games until tomorrow as it is taking too long to log in. 
",[Louisa will lend Thelma her red velvet dress.],1404,samsum,en,,2231482e3e63d5eb092d2b33f2a64221fea97ad0ad2b7345,34,3
"Dialogue: Lauren: Hi do you still need me for tomorrow
Pam: Yes please!!
Lauren: Do you have any more rota?
Pam: No, but the Manager's back tomorrow so she may do some more then. I'll ring in the morning and let you know.
Lauren: ok that's great
Pam: Did you have a good holiday?
Lauren: Yes, will tell you all about it tomorrow
Pam: Look forward to it!
Summary: ","Dialogue: Catty: what times the party?
Jane: ahhh like 7 but I can't get there till around 9
Catty: ah ok fuck idk if I will end up being able to go 
Jane: now whyyy
Catty: I work at 6am tm and if u don't go till 9 I will end up staying super late 
Jane: ahh come on come for like a hour or so I won't keep u hahah
Catty: idkk
Jane: pleaseeeeeee
Catty: I will think about it :)
Summary: Jane cannot go to the party until around 9 p.m. and Catty is not sure if she will come to the party at all. Catty has to go to work at 6 a.m. tomorrow morning and she is afraid that she will stay too long at the party.
Dialogue: Juanita: I saw you on TV!😍
Trey: (*^0^*)(*^0^*)Hehe...did you?(*^0^*)
Juanita: You looked so cool. I didn't know you sing that well11111 (^<^) (^.^)
Trey: Thanks. 
Trey: I didn't expect you would watch that program.
Juanita: Why didn’t you even let me know?
Juanita: All of our family members watched TV together.😍😍
Juanita: I was so proud of you! (^^ゞ
Summary: Juanita saw Trey singing on a TV show.
Dialogue: Edgar: Hey Leo
Leo: Hey! Happy to hear from you
Edgar: The pleasure is mine! Are you going to the dinner at Elizabeth's?
Leo: Yeah, sure, she wrote to me the other day.
Edgar: That's great! I'll be happy to see you
Leo: You might be able to see Cameron and Rosie as well
Edgar: Yeah, Elizabeth is throwing a grand party in my honor it seems
Leo: Ha ha ha Indeed
Edgar: I'll see you there then
Leo: Yep. See you soon
Edgar: Cheers
Leo: xx
Summary: Edgar and Leo will meet at the party that Elisabeth is throwing in Edgar's honor. 
Dialogue: Kate: Hi, Amy
Amy: Hi!
Kate: I woke up this morning completely sick
Amy: oh, I am so sorry.
Kate: I've no idea what to do with Thomas. He should be at school at 8 but I feel too bad to drive and too bad to take care of him
Amy: Don't worry, I can take him to school together with Alice!
Kate: Thanks! It's so kind of you
Amy: We single mothers have to help each other!
Kate: It's so good I have you
Amy: I'll pick him up about 7.15 and you take care of yourself, stay in bed etc.
Kate: Thanks
Amy: And I will take them for breakfast on the way to school.
Kate: Perfect!
Amy: See you later
Kate: See you!
Summary: Amy will pick Thomas up at 7:15 and take him for breakfast then to school.
Dialogue: Alex: my parents are out for the night! want to come?
Leo: any plans?
Alex: we can grab some beers, watch a game
Leo: you just said two magic words - beer and game ;)
Leo: I'll be there in an hour!
Alex: :]
Summary: Alex's parents are not going to be home tonight. Leo is coming over in an hour to drink some beer and watch a game.
Dialogue: Abigail: Hey, you want my old couch?
Anna: Your couch? Don't you need it :)
Abigail: No, I'm getting rid of it cause I ordered a new one. There's nothing wrong with it, you've seen it.
Anna: Yeah, I love the colour, it's the colour of an eggplant :)
Abigail: It's super comfortable, but the colour doesn't match my apt anymore. It was time for something new. I found a cool deal too.
Anna: How am I going to get it over here?
Abigail: My brother can help, he's got that cube van, remember?
Anna: Ok, cool. I'll buy him a few beers for the help :)
Abigail: No need to help grow his gut :)
Anna: When is your new couch coming?
Abigail: In a week. I can ask my brother to help the Sat. after that.
Anna: Ok, sounds good :) Do you want something for it? I mean, the couch is in really good condition.
Abigail: No, of course not! I owe you big time for last month anyways :) I would be in heaps of trouble if it wasn't for you.
Anna: Stop it! I didn't do anything. Anyways, I gotta go, but I'm super excited about my soon-to-be-mine couch
Abigail: Good! I'm looking forward to mine too :)
Anna: :)
Summary: Abigail bought a new couch and she will give the old one to Anna.
Dialogue: Karan: Hey Piyush! How are you?
Piyush: Hey, I’m good. What about you?
Karan: I am fine. So in which company are you working?
Piyush: I am working with Concentrix.
Karan: What is your post?
Piyush: I am in the security department.
Karan: That’s great!
Piyush: Yeah, but also a little bit bad.
Karan: Why so?
Piyush: It's mostly tiring
Karan: Dont worry, just strive on!!
Piyush: thanks
Karan: cool, gotta go!
Piyush: sure, talk later
Summary: Piyush is working in the security department with Concentrix and finds it tiring. Karen advises him not to worry.
Dialogue: Paul: yo
Paul: lemme know when ur there
Paul: <file_photo>
Cindy: omg i love donuts <file_gif>
Paul: they're all waiting 4 u babe
Cindy: hehe thanks my love
Cindy: be there in 5
Summary: Cindy will be there in 5 minutes. There are donuts waiting for her. She loves donuts.
Dialogue: Ms. Blue: Mr. Blue, how's your workload for the day?
Mr. White: I have some projects to finish and have to respond to some messages, but should finish it up by the end of the day.
Ms. Blue: Would you be able to fit in another task?
Mr. White: Depends on the complexity. I really should respond to the messages from our clients.
Ms. Blue: This isn't a very complicated task. I need you to go to the other department and do a quality check on their projects. 
Mr. White: All of them?
Ms. Blue: No. just a sample. Say 5 per project. 
Mr. White: Doesn't sound too complicated. What's the deadline?
Ms. Blue: And this is the problematic part. You only have 1,5 hours. 
Mr. White: That's not a lot. Is it possible to extend the deadline?
Ms. Blue: Unfortunately not. We will be undergoing financial control in about 2 hours and I need the reports on my desk at least half an hour earlier.
Mr. White: You want me to write reports as well?
Ms. Blue: Yes. Otherwise, how will I know what the standing is?
Mr. White:  But that's impossible!
Ms. Blue: Take someone with you. This should speed things up.
Mr. White: I'll get right on it. 
Ms. Blue: Thank you. Remember - 1,5 hours.
Mr. White: Of course. 
Summary: Mr. White has some work to finish by the end of the day. Ms. Blue wants him to do a project quality check in another department in a span of 1,5 hour. Mr. White will execute the task.
Dialogue: Jarvis: Thank you very much for the Gifticon you sent me. 😍😍
Jarvis: My wife and I drank coffee and my son took cake.✌️✌️
Jarvis: <file_photo>
Jarvis: <file_photo>
Dustin: I am happy to hear that. 😍😍😍😍
Dustin: I haven’t treated you well last time and I was thinking about that...
Dustin: But now I am so pleased that you had a good time with your family.
Jarvis: Thanks again for the Gifticon. 
Summary: Jarvis had a good time with his family. He is happy about a picture Dustin has sent him. He sends some photos to Dustin.
Dialogue: Sam: Where are you?
Phil: Home
Sam: ??? !!!
Phil: What do you mean?
Sam: We were supposed to have dinner together! I'm waiting for you here... like some idiot!
Phil: **** ! I forgot!!!!
Phil: I'm sorry! Really!
Sam: Me too! Forget it...
Phil: Hey! Can we meet tomorrow? I won't forget
Sam: I can't. Forget it. As simple as that.
Phil: Hey! Don't do that. 
Summary: Phil forgot about dinner plans with Sam and now she refuses to reschedule for tomorrow.
Dialogue: Emily: Hey there, could you tell me what time the lecture starts?
Jessica: Hi, it starts at 1:30.
Emily: Thank you, Jessica, and do you happen to know if there's anything we should bring with us?
Jessica: Well, they haven't said anything so I presume some basics like a notebook and a pen.
Emily: Rats! I forgot to buy one.
Jessica: I can give you one, I always buy too many :)
Emily: You're a doll, thank you!
Jessica: Don't mention it, should I save you a seat?
Emily: Please do, I'm running late (as usual...)
Summary: The lecture starts at 1:30. Emily forgot to buy a notebook and a pen for the lecture, so Jessica can give her one. Jessica will also save a seat as Emily is running late.
Dialogue: Stanley: Hey
Natalie: Hey
Stanley: Send me recent picture of you
Natalie: What?
Natalie: Why?
Stanley: I'm looking for inspiration :D
Natalie: If you try to flirt with me it was not a good pick up line :) 
Stanley: No?
Natalie: No
Natalie: <file_photo>
Stanley: How can you tell it was not a good pick up line and send me such pic in the same time? Hahah. Lovely photo, Thank you. I will write my essay in 5 minutes looking at this pretty face :)
Natalie: Oh shut up :*
Summary: Natalie sends a picture of herself to Stanley at his request. Stanley has an essay to write.
Dialogue: Marisa: I’m devastated! I need you!!! :(
Sam: what’s wrong?
Marisa: it’s about Rob.. he keeps texting me and then he’s off so it’s like on and off all the time
Clara: like an emotional rollercoaster
Marisa: yeah, exactly! 
Sam: how often do you see him?
Marisa: now and then but not on a regular basis
Sam: you know what i really think? 
Marisa: tell me
Sam: you deserve better!
Clara: i agree
Marisa: yeah, i know but i really like him and his a gooood kisser!
Clara: i bet but you can’t let him treat you like shit! I mean it girl!
Marisa: it’s hard to admit but deep down i know you’re right!
Sam: you sure he’s not seeing other girls?
Marisa: i hope not..
Clara: i bet he’s hanging around with some other girls keeping you on hold just in case
Sam: that’s mean !
Clara: i’m sorry but this is what i really think
Marisa: i think you’re both right. So glad i can talk to you whenever i need you! ;) 
Clara: love you hon! Take care!
Summary: Marisa is dating Rob. She is upset because Rob is ignoring her messages. Rob is a good kisser. 
Dialogue: David: Why nobody is here?
Richard: I'm on the way, don't worry
Susan: I'm sick, I can't come tonight
David: 🤦🏻‍♂
Summary: Richard is on his way to meet David. Susan is sick, so she cannot join tonight.
Dialogue: Sasha: I've just come back from Russia
Josh: nice! finally
Terry: let's have some booze tonight 
Sasha: oh yes! 7 at Hell's Kitchen?
Terry: perfect for me
Josh: I'll be there anyway, my shift ends at 7
Gordon: I'll join you too:)
Summary: Sasha has just come back from Russia. Sasha, Terry, Josh and Gordon will meet at 7 at Hell's Kitchen tonight. Josh's shift there ends at 7.
","[Pam doesn't have rota for Lauren, but Manager may give Lauren more tomorrow. Pam and Lauren will meet tomorrow and discuss Lauren's holiday. ]",1985,samsum,en,,2eba946bb02cd774187fc4ebab19ece079c25fe95f6ba846,171,1
"Dialogue: Eric: Hey Bella, What happened today in boss's room?? Was he angry??
Bella: NO NO!!! He wasn't angry at all.. He actually appreciated on our brave deccision to dismiss the request of client..
Eric: REALLY!! He appreciated this decision..
Bella: Yeah he really did.. I too was astounded by his reaction...
Eric: What could possibly lead to this?? I mean , they were potential clients...
Bella: What he told me was that he was looking forward to bring in new clients which were our current client's competitor..
Eric: Oh that could possibly be the reason.Well anyways you got appreciation xD congo	
Bella: hahaha Blessing in disguise xD
Summary: ","Dialogue: Eva: u home?
Darren: yeah
Eva: Wanna grab sth to eat?
Darren: Sure, where?
Eva: I'll pick u up in 15 min
Darren: ok, see u
Summary: Eva is picking Darren up in 15 min to grab something to eat.
Dialogue: Stanley: Have you ever tried parachuting?
Tim: No, why?
Stanley: Oh, nothing. I thought you did.
Tim: Nope. It's not for me.
Summary: Tim has never tried parachuting.
Dialogue: Nina: Where are you?
Tim: in the main room
Alice: me too, come and join us
Nina: ok!
Summary: Nina will join Tim and Alice in the main room.
Dialogue: Andy: Does anyone have a spare lego ice cream van?
Joe: Bit random?
Andy: I know but it for my sons collection. He is obsessed and he has it in his mind that the only thing completing his collection would be an ice cream van. 
Bob: I have a spare Pizza truck? double Christmas present, unopened. would that do?
Andy: I'm not sure but I'll ask.
Joe: maybe you can put some stickers on and convince him that pizza vans sell ice cream?
Bob: Not a bad idea!
Andy: I'll go for it, how much do you want for it?
Bob: £10?
Andy: perfect! thanks! 
Summary: Andy is looking for a lego ice cream van. Bob has a spare Pizza truck. Andy will buy it from Bob for £10.
Dialogue: Jordan: Any idea how we’re getting to the festiwal? By car, plane or train? Let me know all.
Amy: I’m all in for the train. It’s really quick and good value for money. And it doesn’t involve losing time in traffic :)
Peter: Yeah, but I guess there’s gonna be some luggage to be carried from the station. Will we manage?
Andy: Haha, I’m the strongest man on Earth, I’m carrying the whole world on my shoulders ;). I thought of a car, but I think train will suffice.
Jordan: Haha, who let this dude join our trip ;) ? So we’re all good on taking the train?
Patrice: Hey, what about me? Did you forget me?
Amy: No, we were just waiting for everyone to express their opinion Pat :) Are you okay with the aggreements?
Patrice: I guess, but I’m not sitting next to Andy haha!
Andy: The whole world hates me… How did I deserve that :(?
Amy: Right Andy, I’ll sit with you. Jordan, I guess we’re all set. Would you book the tickets?
Jordan: Perfect, appreciate your organisational skills ;). So 5 tickets it is. We’re leaving at 9am, don’t come late! 
Patrice: So great! Can’t wait folks! Xoxo
Amy: Me too <3
Summary: Jordan, Amy, Andy, Peter and Patrice will take a train to get to the festival, and Jordan will book five tickets for the train at 9 am. 
Dialogue: Sebastian: She wrote back!
Dave: Hahahaha, Janet?
Sebastian: Yes :) She wrote that she's sorry for not replying for my messages, but she's been abroad.
Dave: Hm... and that's it?
Sebastian: No, we've talked a little
Dave: And? How's she?
Sebastian: I think she's cool, we talked a bit about jobs, cinema, etc.
Dave: When are you going to meet?
Sebastian: Hasn't asked her out yet...
Dave: Dude, what are you waiting for?
Dave: Is she hot?
Sebastian: Oh yeah
Dave: Wait a bit longer until she's gone, great plan :P
Sebastian: But where should I take her?
Dave: Just go for a drink, don't make it too fancy
Summary: Sebastian likes Janet. She wrote him after a while. Dave suggests Sebastian asks her out before she is taken by someone else.
Dialogue: Jayda: How good of a dancer are you?
Rowan: I have never danced :/
Jayda: damn :/
Rowan: Why are you asking?
Jayda: I need a partner for prom night 
Rowan: I would manage some one dont worry
Jayda: K :)
Summary: Jayda needs a partner for prom night, but Rowan can't dance.
Dialogue: Morgan: Don't forget about the meeting
Abby: How can I forget when you keep talking about it every 10 minutes
Morgan: You know that it is important to me
Abby: I know
Abby: Don't worry I'll be there
Morgan: Thank you
Summary: Morgan and Abby will attend an important meeting.
Dialogue: Eva: i have nothing to wear
Grace: as always
Eva: but today i MUST look gorgeous
Grace: as always
Eva: but today im going out with Tom
Grace: Tom Morgan?
Eva: of course, Tom Hotty Morgan
Grace: restaurant?
Eva: yes, La Donna Pasticella 
Grace: so maybe this red dress?
Eva: too long
Grace: hmm, this orange is shorter
Eva: i will look like Orange tree, with my green hair
Grace: black is too obvious
Eva: black is always a good idea ;)
Summary: Eva is going out with Tom Morgan and she wants to look gorgeous. They are going to La Donna Pasticella restaurant. Grace suggests a red or orange dress but Eva prefers a black one.
Dialogue: Gloria: Hi Tony, meant to ask you about it for some time now. Will a possible Brexit affect your business?
Tony: In Britain the farce of Brexit looms over everything all day every day. It's going to affect us all in a most adverse manner. No doubt about it.
Gloria: I'll never understand why so many voted for it.
Tony: Nor will I. It is hard to believe that as a nation we have been so stupid as to vote to leave the EU. Utter and sheer short-sightedness.
Tony: When the French protest against their government, they do it on the streets with their Gilets Jaunes. We do protest votes against the government. I’m not sure which nation has developed the more stupid way to object to our government!
Gloria: But will you in your printing business be affected?
Tony: Dunno yet. Actually I've had very few commissions from abroad, so not directly. But we are all going to have less money in our pockets. So there'll be less interest in fancy printed matter.
Tony: But that will affect my holiday plans! And I hate that! The whole nonsense of exchanging money leaves me sick. I've always been out of pocket, no matter whether in Austria or France. And now with the pound going down the drain...
Gloria: We are hardly meeting any British tourists in Mexico now. One couple in Campeche the other day but they said they're attending a convention or sth.
Tony: That's what I mean. We'll be stewing in our own splendidly isolated sauce again.
Gloria: Don't worry. You can always visit us in Austria paying your pounds which we will then spend visiting you in England.
Tony: That's a good plan. But how about me visiting France or Spain??? Any family or friends there?
Gloria: Do you think the second referendum is an option?
Tony: Definitely. Those morons voted ""for"" out of ignorance, out of sheer lack of knowledge and understanding. Common awareness of economic and political consequences of Brexit has made a quantum jump in this country as late as in the last few months.
Tony: And if you ask me, the Irish border issue cannot be solved thru' any diplomatic channels. It either stays open, the way it is now, or we have a new armed conflict with no prospect of being settled.
Gloria: Hasn't it started yet?
Tony: Yes. I fear the worst.
Gloria: Oh Tony... So wretched....
Summary: Tony's business will be affected by Brexit and both her and Gloria will never understand why people voted for it. It will also affect Tony's holiday plans. Gloria can hardly meet any British tourists in Mexico. Tony thinks the second referendum is an option.
Dialogue: Colin: I think the modern world is unhealthy, we’re not supposed to live like this. It used to be that someone was either alone or had real engagement with other people. But now you have neither
Kellie: Interesting. Why?
Colin: You’re never really alone because of phones, facebook, instagram, etc.
Kellie: Well, I agree. People don’t engage with others in the same way. 
Colin: I believe that we’re not as good at forming close bonds because of social media. 
Kellie: Can you imagine that people call it ‘progress’?
Summary: Colin and Kellie agree that human relations and abilities to form close bonds with others have deteriorated because of social media.
Dialogue: Mick: guys where are you
Damon: eeeee where are you? xDD we're at the pub
Mick: which pub
Tim: devil's face
Time: hurry up
Mick: ok coming
Summary: Mick is joining Damon and Tim in the Devil's Face pub. 
Dialogue: Anna: I'm so sorry Tobi for the situation
Tobi: c'mon, it's not your fault
Anna: But I saw how stressful it was for you
Jeff: what happened?
Leland: sounds serious
Anna: We were stopped at the border, we couldn't enter Pakistan
Leland: why? i've done this trip many times
Anna: Pakistan doesn't recognise Armenia, as the only state in the world apparently
Anna: and Tobi has an Arminian passport, so they didn't allow him in
Anna: and we didn't understand what it was about
Tobi: my boss didn't answer phone calls and we were supposed to have a business meeting in Islamabad
Anna: so I had to continue to Islamabad and Tobi returned to Ahmedabad
Leland: a very strange story, I'm sorry Tobi for that
Tobi: no problem, after all I had an extra free day and it was not my fault :P
Leland: hehe
Summary: Tobi couldn't cross the Pakistani border on Armenian passport. Anna could continue the business trip to Islamabad. Their boss didn't answer the phone to confirm, so Tobi had to go back to Ahmedabad.
",[Bella and Eric dismissed a request of a client. Their boss appreciated the decision. He brings in new clients.],1734,samsum,en,,100d6b1317c0e92000461be559a341f8b821838f88b7cc35,98,4
"Dialogue: Thelma: i dont have anything to wear
Louisa: your wardrobe is full of clothes
Thelma: but i have to look wonderful
Louisa: ok i can bring you my red velvet dress
Thelma: really? :O
Thelma: it would be great!
Louisa: no problem ;)
Summary: ","Dialogue: Jeremy: Hey sunshine, how was your day?
Lisa: quite hectic
Jeremy: I miss you so much
Lisa: me too :( I'll be back home this weekend so we can meet
Jeremy: I can't wait!
Summary: Lisa had a hectic day. She will be back home this weekend and she will meet Jeremy. 
Dialogue: Darren: Look! 10am!
Frank: Whoa! They're awesome knockers.
Darren: Stop staring or she'll notice us! LOL
Summary: Darren and Frank are staring at a girl's tits.
Dialogue: Adam: Hello, do you serve coffee with lactose-free milk?
Vanessa: Hello Adam, yes, we do. In our offer you'll find soy milk, almond milk and oat milk.
Adam: Thank you so much for your quick answer! Can I book a table then? Tomorrow at 12?
Vanessa: Of course, thank you for choosing us :)
Summary: Adam books a table in Vanessa's café for tomorrow at 12 PM. 
Dialogue: Jay: where did you get this tea from babe?
Mike: do you not like it?
Jay: I really like it!
Mike: it's from Tea Nepal in the mall
Jay: it's really nice, I think my mum will like it too
Jay: do they have gift packs or anything?
Mike: yeah they do hamper type of baskets
Jay: oh nice, I'll get one for my mum's birthday then
Mike: cool, maybe one for Lindsay as well?
Jay: why is that?
Mike: it's her birthday next Tuesday
Jay: ok, good idea 
Mike: laters
Jay: see ya!
Summary: Jay likes the tea Mike got from Tea Nepal in the mall. Jay decides to get the tea in a gift pack for her mom's birthday. Mike suggests Jay to get another such present also for Lindsay as the next Tuesday is her birthday.
Dialogue: Gerard: Heiooo wassup
Joey: I'm going for a nap now
Gerard: OH kk
Joey: Ttyl
Summary: Joey is about to take a nap. He will talk to Gerard later.
Dialogue: Kinga: I came out to my parents
Matthew: How did they react?
Kinga: Totally cool
Kinga: They said they knew
Kinga: And it doesn't change anything how they see me
Kinga: And what they feel for me
Matthew: You have great parents
Kinga: They are cool
Kinga: But I was a bit nervous before coming out
Kinga: I heard horrible stories from my friends
Matthew: And how about other people?
Matthew: Do they know?
Kinga: The closest people know
Kinga: The rest, well, I would have to come out everyday
Kinga: Let's say in a shop, good morning I'm gay, two kilo of potatoes please
Kinga: I don't see a point
Matthew: hahaha
Summary: Kinga came out as gay to her parents. They already knew that and were fine with it.
Dialogue: Mark: Hey, sorry to be disturbing you. I know you're probably busy with classes, but can you call me when you finish? I have something important to tell you...
Cynthia: You know what, I probably can't make it today - I end pretty late. Can't you send me a text about whatever is going on?
Mark: It's... about money... Something doesn't add up. Okay, I'll wait, if you find 5 minutes in the evening that would be great - it's not that important.
Mark: But seriously, don't worry about it ;)
Cynthia: I don't think I ever gave you money back for the pasta... How much do I owe you?
Mark: Nooo, it's not about the pasta, something different - just call in the evening and I'll explain everything calmly and you really have nothing to worry about
Cynthia: Yeah, but you also covered my stay... I'll call you if I get the chance, but I really am ending late (which is why a text message would be better)
Mark: Look, if you don't manage to call me today, then you can call me tomorrow. And please, stop worring because you don't have to - when we'll talk I'll explain :)
Summary: Mark wants to talk with Cynthia about money today. She ends classes late so she suggests sending a text message. Mark insists on calling, today or tomorrow.
Dialogue: Svetlana: Hello, I am Svetlana from Moscow.
Manpreet : Hello, I am Manpreet from Punjab. 
Svetlana: Where do you study?
Manpreet: I study in St. Anne's college, the one opposite to Herald Hospital.
Svetlana: Yes, i know. I too study in the same college. 
Manpreet: Is it? which stream are you in?
Svetlana: I'm pursuing Law.
Manpreet: Oh, ok. I'm  into Fashion Designing.
Summary: Svetlana and Manpreet introduce themselves to each other and find out they both study at the same college.
Dialogue: Adam: Hi Mona said you bought a new TV?
Carl: Yes, we broke old.
Adam: Which model?
Carl: Philips Ambilight 55 E524532.
Summary: Carl bought a new Philips Ambilight 55 E524532 TV because the old one is broken.
Dialogue: Daniel: Hi sweetie
Daniel: How are you?
Daniel: How are kids?
Irene: Hi honey, I miss you!
Irene: I'm fine and the kids are naughty as always :)
Daniel: I can't wait to see you all
Irene: What time do you think you'll be home?
Daniel: 10 p.m. hon
Irene: I should be still awake, I'm waiting for you
Daniel: You're the best, I love you
Irene: Love you too <3
Summary: Daniel will come back home after 10 pm. Irene will wait for Daniel.
Dialogue: Julian: first of all, my gf has birthday tomorrow
Julian: I need your help
Susan: She will probably enjoy cosmetics
Wanda: yes, I saw her instagram. She knows how to deal with make-up
Julian: Can you recommend any brand?
Susan: Buy Burberry Lip Velvet Crush lipstick
Susan: She will be satisfied for sure.
Wanda: I heard about that brand. ppl love it.
Julian: Thanks, she adores lipsticks
Wanda: good for u!
Susan: Don't forget about flowers, we love them!
Julian: ya, I remember about that
Julian: thank you girls
Summary: Julian's girlfriend has birthday tomorrow. Wanda and Susan recommend Julian to buy some flowers and cosmetics for her, eg. Burberry Lip Velvet Crush lipstick.
Dialogue: Bob: hey, can you bring me the external drive from the office?
Ann: yeah, just give me 2 minutes, need to finish this email
Bob: ok :) thx!
Ann: np :)
Summary: Ann needs to finish an e-mail. Then Ann will bring the external drive from the office to Bob at his request.
Dialogue: Mia: hey, what are you up to tonight?
Ruby: Dunno yet, why?
Mia: there's a party at john's place
Mia: wanna go?
Ruby: Hmm. How come I don't know about it?
Mia: no idea :O maybe you forgot or he forgot or something
Ruby: Heh, I guess... Okay, I'm going.
Mia: wonderful! meet me and olivia at her place at 5:30pm and we'll go together?
Ruby: Sure! See you :).
Mia: <3
Summary: Mia and Ruby are going to meet at Olivia's place at 5:30pm to go together for a party at John's place.
Dialogue: Mary: what are we having for dinner?
James: fried shrimp?
Mary: not again
James: I love fried shrimp
Mary: do you love me?
James: yes
Mary: as much as fried shrimp?
James: ........yes.
Summary: James and Mary will have fried shrimp for dinner. Mary is fed up with it but James loves it and does not mind eating it often.
Dialogue: Greg: can't log in
Sam: same, still in queue
Greg: 20000 people ahead, what's wrong with this game?
Sam: new event patch, you shouldn't be surprised by that anymore
Sam: it's always the same thing when they release a new event patch
Greg: still having to wait for so long just to log in
Sam: I'm more worried about the lack of estimated time
Sam: it just says 20000 people ahead
Sam: without any changes for like 10 minutes already
Greg: I guess we have to postpone our games for tomorrow
Sam: yeah it's probably the best thing to do
Sam: even if we manage to log in, I'm not sure how stable the servers would be
Summary: Sam and Greg decide to postpone their games until tomorrow as it is taking too long to log in. 
",[Louisa will lend Thelma her red velvet dress.],1404,samsum,en,,2231482e3e63d5eb092d2b33f2a64221fea97ad0ad2b7345,34,4
"Dialogue: Lauren: Hi do you still need me for tomorrow
Pam: Yes please!!
Lauren: Do you have any more rota?
Pam: No, but the Manager's back tomorrow so she may do some more then. I'll ring in the morning and let you know.
Lauren: ok that's great
Pam: Did you have a good holiday?
Lauren: Yes, will tell you all about it tomorrow
Pam: Look forward to it!
Summary: ","Dialogue: Catty: what times the party?
Jane: ahhh like 7 but I can't get there till around 9
Catty: ah ok fuck idk if I will end up being able to go 
Jane: now whyyy
Catty: I work at 6am tm and if u don't go till 9 I will end up staying super late 
Jane: ahh come on come for like a hour or so I won't keep u hahah
Catty: idkk
Jane: pleaseeeeeee
Catty: I will think about it :)
Summary: Jane cannot go to the party until around 9 p.m. and Catty is not sure if she will come to the party at all. Catty has to go to work at 6 a.m. tomorrow morning and she is afraid that she will stay too long at the party.
Dialogue: Juanita: I saw you on TV!😍
Trey: (*^0^*)(*^0^*)Hehe...did you?(*^0^*)
Juanita: You looked so cool. I didn't know you sing that well11111 (^<^) (^.^)
Trey: Thanks. 
Trey: I didn't expect you would watch that program.
Juanita: Why didn’t you even let me know?
Juanita: All of our family members watched TV together.😍😍
Juanita: I was so proud of you! (^^ゞ
Summary: Juanita saw Trey singing on a TV show.
Dialogue: Edgar: Hey Leo
Leo: Hey! Happy to hear from you
Edgar: The pleasure is mine! Are you going to the dinner at Elizabeth's?
Leo: Yeah, sure, she wrote to me the other day.
Edgar: That's great! I'll be happy to see you
Leo: You might be able to see Cameron and Rosie as well
Edgar: Yeah, Elizabeth is throwing a grand party in my honor it seems
Leo: Ha ha ha Indeed
Edgar: I'll see you there then
Leo: Yep. See you soon
Edgar: Cheers
Leo: xx
Summary: Edgar and Leo will meet at the party that Elisabeth is throwing in Edgar's honor. 
Dialogue: Kate: Hi, Amy
Amy: Hi!
Kate: I woke up this morning completely sick
Amy: oh, I am so sorry.
Kate: I've no idea what to do with Thomas. He should be at school at 8 but I feel too bad to drive and too bad to take care of him
Amy: Don't worry, I can take him to school together with Alice!
Kate: Thanks! It's so kind of you
Amy: We single mothers have to help each other!
Kate: It's so good I have you
Amy: I'll pick him up about 7.15 and you take care of yourself, stay in bed etc.
Kate: Thanks
Amy: And I will take them for breakfast on the way to school.
Kate: Perfect!
Amy: See you later
Kate: See you!
Summary: Amy will pick Thomas up at 7:15 and take him for breakfast then to school.
Dialogue: Alex: my parents are out for the night! want to come?
Leo: any plans?
Alex: we can grab some beers, watch a game
Leo: you just said two magic words - beer and game ;)
Leo: I'll be there in an hour!
Alex: :]
Summary: Alex's parents are not going to be home tonight. Leo is coming over in an hour to drink some beer and watch a game.
Dialogue: Abigail: Hey, you want my old couch?
Anna: Your couch? Don't you need it :)
Abigail: No, I'm getting rid of it cause I ordered a new one. There's nothing wrong with it, you've seen it.
Anna: Yeah, I love the colour, it's the colour of an eggplant :)
Abigail: It's super comfortable, but the colour doesn't match my apt anymore. It was time for something new. I found a cool deal too.
Anna: How am I going to get it over here?
Abigail: My brother can help, he's got that cube van, remember?
Anna: Ok, cool. I'll buy him a few beers for the help :)
Abigail: No need to help grow his gut :)
Anna: When is your new couch coming?
Abigail: In a week. I can ask my brother to help the Sat. after that.
Anna: Ok, sounds good :) Do you want something for it? I mean, the couch is in really good condition.
Abigail: No, of course not! I owe you big time for last month anyways :) I would be in heaps of trouble if it wasn't for you.
Anna: Stop it! I didn't do anything. Anyways, I gotta go, but I'm super excited about my soon-to-be-mine couch
Abigail: Good! I'm looking forward to mine too :)
Anna: :)
Summary: Abigail bought a new couch and she will give the old one to Anna.
Dialogue: Karan: Hey Piyush! How are you?
Piyush: Hey, I’m good. What about you?
Karan: I am fine. So in which company are you working?
Piyush: I am working with Concentrix.
Karan: What is your post?
Piyush: I am in the security department.
Karan: That’s great!
Piyush: Yeah, but also a little bit bad.
Karan: Why so?
Piyush: It's mostly tiring
Karan: Dont worry, just strive on!!
Piyush: thanks
Karan: cool, gotta go!
Piyush: sure, talk later
Summary: Piyush is working in the security department with Concentrix and finds it tiring. Karen advises him not to worry.
Dialogue: Paul: yo
Paul: lemme know when ur there
Paul: <file_photo>
Cindy: omg i love donuts <file_gif>
Paul: they're all waiting 4 u babe
Cindy: hehe thanks my love
Cindy: be there in 5
Summary: Cindy will be there in 5 minutes. There are donuts waiting for her. She loves donuts.
Dialogue: Ms. Blue: Mr. Blue, how's your workload for the day?
Mr. White: I have some projects to finish and have to respond to some messages, but should finish it up by the end of the day.
Ms. Blue: Would you be able to fit in another task?
Mr. White: Depends on the complexity. I really should respond to the messages from our clients.
Ms. Blue: This isn't a very complicated task. I need you to go to the other department and do a quality check on their projects. 
Mr. White: All of them?
Ms. Blue: No. just a sample. Say 5 per project. 
Mr. White: Doesn't sound too complicated. What's the deadline?
Ms. Blue: And this is the problematic part. You only have 1,5 hours. 
Mr. White: That's not a lot. Is it possible to extend the deadline?
Ms. Blue: Unfortunately not. We will be undergoing financial control in about 2 hours and I need the reports on my desk at least half an hour earlier.
Mr. White: You want me to write reports as well?
Ms. Blue: Yes. Otherwise, how will I know what the standing is?
Mr. White:  But that's impossible!
Ms. Blue: Take someone with you. This should speed things up.
Mr. White: I'll get right on it. 
Ms. Blue: Thank you. Remember - 1,5 hours.
Mr. White: Of course. 
Summary: Mr. White has some work to finish by the end of the day. Ms. Blue wants him to do a project quality check in another department in a span of 1,5 hour. Mr. White will execute the task.
Dialogue: Jarvis: Thank you very much for the Gifticon you sent me. 😍😍
Jarvis: My wife and I drank coffee and my son took cake.✌️✌️
Jarvis: <file_photo>
Jarvis: <file_photo>
Dustin: I am happy to hear that. 😍😍😍😍
Dustin: I haven’t treated you well last time and I was thinking about that...
Dustin: But now I am so pleased that you had a good time with your family.
Jarvis: Thanks again for the Gifticon. 
Summary: Jarvis had a good time with his family. He is happy about a picture Dustin has sent him. He sends some photos to Dustin.
Dialogue: Sam: Where are you?
Phil: Home
Sam: ??? !!!
Phil: What do you mean?
Sam: We were supposed to have dinner together! I'm waiting for you here... like some idiot!
Phil: **** ! I forgot!!!!
Phil: I'm sorry! Really!
Sam: Me too! Forget it...
Phil: Hey! Can we meet tomorrow? I won't forget
Sam: I can't. Forget it. As simple as that.
Phil: Hey! Don't do that. 
Summary: Phil forgot about dinner plans with Sam and now she refuses to reschedule for tomorrow.
Dialogue: Emily: Hey there, could you tell me what time the lecture starts?
Jessica: Hi, it starts at 1:30.
Emily: Thank you, Jessica, and do you happen to know if there's anything we should bring with us?
Jessica: Well, they haven't said anything so I presume some basics like a notebook and a pen.
Emily: Rats! I forgot to buy one.
Jessica: I can give you one, I always buy too many :)
Emily: You're a doll, thank you!
Jessica: Don't mention it, should I save you a seat?
Emily: Please do, I'm running late (as usual...)
Summary: The lecture starts at 1:30. Emily forgot to buy a notebook and a pen for the lecture, so Jessica can give her one. Jessica will also save a seat as Emily is running late.
Dialogue: Stanley: Hey
Natalie: Hey
Stanley: Send me recent picture of you
Natalie: What?
Natalie: Why?
Stanley: I'm looking for inspiration :D
Natalie: If you try to flirt with me it was not a good pick up line :) 
Stanley: No?
Natalie: No
Natalie: <file_photo>
Stanley: How can you tell it was not a good pick up line and send me such pic in the same time? Hahah. Lovely photo, Thank you. I will write my essay in 5 minutes looking at this pretty face :)
Natalie: Oh shut up :*
Summary: Natalie sends a picture of herself to Stanley at his request. Stanley has an essay to write.
Dialogue: Marisa: I’m devastated! I need you!!! :(
Sam: what’s wrong?
Marisa: it’s about Rob.. he keeps texting me and then he’s off so it’s like on and off all the time
Clara: like an emotional rollercoaster
Marisa: yeah, exactly! 
Sam: how often do you see him?
Marisa: now and then but not on a regular basis
Sam: you know what i really think? 
Marisa: tell me
Sam: you deserve better!
Clara: i agree
Marisa: yeah, i know but i really like him and his a gooood kisser!
Clara: i bet but you can’t let him treat you like shit! I mean it girl!
Marisa: it’s hard to admit but deep down i know you’re right!
Sam: you sure he’s not seeing other girls?
Marisa: i hope not..
Clara: i bet he’s hanging around with some other girls keeping you on hold just in case
Sam: that’s mean !
Clara: i’m sorry but this is what i really think
Marisa: i think you’re both right. So glad i can talk to you whenever i need you! ;) 
Clara: love you hon! Take care!
Summary: Marisa is dating Rob. She is upset because Rob is ignoring her messages. Rob is a good kisser. 
Dialogue: David: Why nobody is here?
Richard: I'm on the way, don't worry
Susan: I'm sick, I can't come tonight
David: 🤦🏻‍♂
Summary: Richard is on his way to meet David. Susan is sick, so she cannot join tonight.
Dialogue: Sasha: I've just come back from Russia
Josh: nice! finally
Terry: let's have some booze tonight 
Sasha: oh yes! 7 at Hell's Kitchen?
Terry: perfect for me
Josh: I'll be there anyway, my shift ends at 7
Gordon: I'll join you too:)
Summary: Sasha has just come back from Russia. Sasha, Terry, Josh and Gordon will meet at 7 at Hell's Kitchen tonight. Josh's shift there ends at 7.
","[Pam doesn't have rota for Lauren, but Manager may give Lauren more tomorrow. Pam and Lauren will meet tomorrow and discuss Lauren's holiday. ]",1985,samsum,en,,2eba946bb02cd774187fc4ebab19ece079c25fe95f6ba846,171,2
"Dialogue: Oscar: A coffee at Tristano's?
Payne: Why not. in 15 mins?
Oscar: let's make it half an hour ok?
Payne: great, i'll be there
Oscar: see you there
Summary: ","Dialogue: Andrew: Hello Janny, is it still convenient for us to come and check your gas meter at 2.45 today?
Janny: Hi Andrew, that's fine. 
Andrew: Thank you, we will see you then
Summary: Andrew will come to Janny to check her gas meter at 2.45 today.
Dialogue: Vicky: Can I ask a really big favour?
Grant: Sure.
Vicky: Can I borrow 50 bucks until the end of the month? Please, please... 
Grant: Is that on top of the other other couple of 50s you borrowed this month?
Grant: Happy to lend it to you as long as you pay it ALL back by the end of the month.
Vicky: I will. I promise.
Grant: Cross your heart and hope to die? ;-)
Vicky: Of course. LOL
Vicky: It's just that things have been really unsteady at work and I'm still waiting on all the invoices to be paid.
Grant: You need better clients hun!
Vicky: If I could ditch all the ones I currently have I would... but money and all that. LOL
Grant: What good are clients that don't pay?
Vicky: You're right but what can I do. Is what is.
Summary: Grant will lend Vicky 50 dollars. She will reyurn it by the end of the month.
Dialogue: Rosalie: Hey Mark 🙂
Rosalie: Can you help me?
Mark: Hi Rosie 🙂
Mark: Sure whatsup?
Rosalie: I am trying to find a new phone
Rosalie: I know you're an expert
Rosalie: Any models that you would reccomend?
Mark: Team Apple or Android?
Rosalie: Android forever haha
Rosalie: And don't worry about the price
Mark: In that case I recommend to look at Huawei Mate 20 or Samsung Galaxy Note 9
Rosalie: Thanks. I trust you on that 🙂
Mark: You should 🙂
Rosalie: Gotta go pick one 😄
Mark: No prob 🙂
Summary: Rosalie is going to buy a new Android phone.
Dialogue: Jackie: <file_photo>
Marisol:  omg congrats!
Carlita: :O
Eunica: I'm so happy for you1
Carlita: <file_gif>
Marisol: how did he propose?
Eunica: when will u get married?
Jackie: when we were walking in a park he dropped on his knee next to this fountain in the Central Park
Marisol: *o*
Carlita: how sweet
Jackie: he told me he wants to share everything what's beautiful with me 
Marisol: awwww
Jackie: he must have carried that ring for a while because I remember him complaining about the weather lately :D
Marisol: it's so sweet he had been waiting
Jackie: we don't know yet when we'll get married but you are all invited ofc
Carlita: PLEASE don't pick June, I'll be in Canada then
Eunica: I hate weddings but I'll make an exception
Marisol: can't wait!
Summary: Jackie got engaged in Central Park. Marisol, Carlita, Eunica are excited. Jackie doesn't know the date yet but they are all invited. 
Dialogue: Kyle: Ever seen that before?
Sarah: No!
Kyle: Hope I don't again either!
Sarah: Me neither!
Summary: Neither Kyle nor Sarah have seen that before. They don't wish to see it again. 
Dialogue: Rachel: Hi Dad, what time is Pete and Sylve coming over?
Dad: They said about 11, why?
Rachel: well they were going to come and have a cuppa with me but I am thinking I may as well drive over to yours and save them a journey
Dad: you could do darling
Rachel: I dont have too much to do this afternoon and I do need to go shopping so I will come over to yours and see them and then go shopping on the way home
Dad: sounds like a plan!
Rachel: yes I will see you after 12 then xxx
Dad: ok xxx
Summary: Pete and Sylve are coming to Dad's place at 11. Rachel decides to change her plans for meeting them and drive over to Dad to see them there after 12. Rachel will go shopping on  the way home.
Dialogue: Andres: Hey
Mila: Hey let's chat in a bit kinda busy now
Andres: Ok
Summary: Andres wants to chat, but Mila is busy now.
Dialogue: Alek: bro, I like going to the gym with you. It's like highlight of the day <3
Krzysztof: bro 
Krzysztof: this is the nicest thing any gym bro told me. Let's do some chest and biceps together tomorrow evening, are you fine?
Alek: chest and biceps are my favorite (＾ｕ＾)
Krzysztof: dude, you're nice but kinda creepy though
Alek: come on, just wanted to be nice
Krzysztof: all right, so we're cool
Alek: so maybe we could do glutes too?
Summary: Krzysztof and Alek are going to go to the gym together tomorrow evening.
Dialogue: Tom: Who wants to come with me to Boston in December?
Tom: A friend of mine left for a month and said I can stay at his place with whoever I want.
Carmen: Amazing! When exactly?
Dorothy: I love Boston! I'm in!
Peter: If it's the end of December I can join as well
Tom: 15 of Dec till 15 of Jan.
Peter: So maybe New Year's Eve in Boston?
Carmen: How many people could you take?
Tom: it's a huge house, I think up to 5-6 would be still fine.
Peter: So let's organise it, because we're so amazingly flexible, some people can come earlier, some later
Tom: yup! I will reside there the whole month probably, taking care of the place and working from home
Tom: So, guys, just let me know exact dates when you can come and I will make a schedule 
Carmen: Wow! I'm so excited! 
Tom: Is anybody else interested?
Laura: I think I am!
Grace: Count me in!
Toby: I would love to, but we're going to Barbados with Lore 
Carmen: Fuck you Toby! you never work! travelling all the time. I'm so envious 
Toby: But it's my work as you know.
Toby: Traveling is my lifestyle 😜
Tom: We should just ban you, Toby, you're a troll with your amazing lifestyle
Toby: Sorry guys! 🤴 Enjoy your snowy Massachusetts 😜
Dorothy: Hahahah, I love you subtle trolling Toby. Carmen was already ecstatic and then you entered with Barbados 😂
Carmen: I'm still excited!
Summary: Tom will take care of his friends' place in Boston in December. Dorothy, Peter, Carmen, Laura and Grace will join him and they will spend New Year's Eve there. Toby can't come because he is going to Barbados with Lore, which makes others a bit envious. 
Dialogue: Lemar: Khabib is such a smasher dude!
Memphis: yeah man, everyone was shocked
Lemar: yeah, even my dad
Memphis: Haha, me too
Lemar: McGregor was totally beaten
Memphis: terrorized, shaken and knocked into submission
Lemar: that was history
Memphis: Putin must be really happy with Khabib..haha
Lemar: Man, bt poor McGregor
Memphis: haha, his stamina was off
Lemar: yeah
Memphis: that he needs to improve
Lemar: i totally agree
Memphis: but outside brawl that occured was so dope
Lemar: khabib poked Mc's trainer
Memphis: haha, yeah
Lemar: then he dashed out flying
Memphis: haha, so dope and crazy
Lemar: haha
Memphis: later dude
Summary: Khabib has beaten McGregor. Khabib's trainer poked McGregor's trainer, which resulted in a brawl.
Dialogue: Carla: Joanna here are my details that you requested
Carla: It's Anglo street, no 54, Hammersmith, W614, London
Joanna: Ok Carla
Joanna: I have been searching our database this morning for the item 
Joanna: However nothing has arrived yet
Joanna: Can you give me a couple of more days and I'll speak to my manager?
Carla: Ok, I'll wait
Carla: It's a very important package, so I hope you will be able to find it..
Joanna: Yes I have added it to our priority list
Joanna: Don't worry, I'll do my best
Carla: Thank you
Carla: I was given another code, do you want this?
Joanna: Yes please
Carla: IYREBH777
Joanna: Great
Joanna: I'll get back to you asap!
Carla: Thanks again Joanna
Summary: Carla is waiting for an important package. Joanna helps Carla locate it. Carla provided Joanna her address information and a code.
Dialogue: Connor: What are you doing tomorrow?
Rachel: I was going to stay at home.
Connor: Do you want to go swimming with us?
Rachel: Where?
Connor: The big lake near the mountains.
Rachel: Isn't that dar away?
Connor: About an hour's drive. We're thinking of staying the weekend, tough.
Rachel: Who's going?
Connor: Everyone is in.
Rachel: OK, cool. Count me in as well.
Connor: Awesome! Do you have a tent?
Rachel: Yes, a big one. It fits six people, easy. I also have a portable barbecue I can bring.
Connor: Great, I'll go check on everyone else and then I'll text you.
Rachel: OK.
Connor: I think I'm going to create a group chat. It's easier that way.
Summary: Rachel, Connor and others are going for a weekend away by the lake in the mountains. Rachel is bringing a six people tent and portable barbecue.
Dialogue: Alice: Hey, what do u think of this offer? <file_other>
Mark: Y?
Alice: My mobile plan is coming to an end and need to find a new one.
Mark: Well, this doesn't sound too bad. What about this one? <file_other>
Alice: That's also nice, but I don't want to change my network.
Mark: But u can benefit a lot!
Summary: Alice's mobile plan is coming to an end and she's looking for a new one. She doesn't want to change her network.
Dialogue: Evan: Jonny
Jonny: Ye?
Evan: Watching Netflix?
Jonny: Nope, why?
Evan: Time to change it
Jonny: Mhm. Carry on
Evan: I'm testing Netflix Ultra, it costs 70PLN a month.
Evan: But I'm sharing costs with friends. So far we created three profiles, do you want to have your account?
Jonny: Let me ask my girl
Jonny: Brb
Evan: Sure
Jonny: She's excited, let's do it!
Evan: Great, you'll have all the details on email.
Jonny: Thanks dude. Hope it's worth it.
Evan: Trust me, it is!
Summary: Evan is trying out Netflix Ultra at 70 PLN a month. Jonny and his girlfriend will chip in.
Dialogue: Caroline: Jake still hasn't proposed to me
Caroline: But I keep seeing sponsored ads of engagement rings and jewellery stores on my social media feeds
Judy: Well. Maybe it wasn't the case yet.
Judy: I have to remind you that you've just crashed his car and he needs to spend money on it
Caroline: :(
Caroline: Please. I already feel bad about it.
Caroline: No reminder needed.
Judy: Oh come on. 
Judy: I didn't mean it that way.
Judy: I'm just saying he doesn't have a proper job yet and he doesn't have that kind of money to spend yet.
Judy: Everything comes in a proper moment
Caroline: I know I know
Caroline: It's just these ads are bothering me
Caroline: And everybody are getting engaged recently
Judy: Calm down. You have nothing to worry about. He will propose to you eventually. He loves you so much he could kill the entire world to be with you.
Caroline: Thanks.
Summary: Jake didn't propose to Caroline yet, which makes her unhappy. He doesn't have a proper job and Caroline crashed his car, so he needs to spend money on that. He will propose eventually because he loves her.
",[Payne and Oscar will have a coffee at Tristano's in half an hour.],1909,samsum,en,,158b7db2e111643f66315da64d8459f61ad6dd62f5f24c2c,155,2
"Dialogue: Lauren: Hi do you still need me for tomorrow
Pam: Yes please!!
Lauren: Do you have any more rota?
Pam: No, but the Manager's back tomorrow so she may do some more then. I'll ring in the morning and let you know.
Lauren: ok that's great
Pam: Did you have a good holiday?
Lauren: Yes, will tell you all about it tomorrow
Pam: Look forward to it!
Summary: ","Dialogue: Catty: what times the party?
Jane: ahhh like 7 but I can't get there till around 9
Catty: ah ok fuck idk if I will end up being able to go 
Jane: now whyyy
Catty: I work at 6am tm and if u don't go till 9 I will end up staying super late 
Jane: ahh come on come for like a hour or so I won't keep u hahah
Catty: idkk
Jane: pleaseeeeeee
Catty: I will think about it :)
Summary: Jane cannot go to the party until around 9 p.m. and Catty is not sure if she will come to the party at all. Catty has to go to work at 6 a.m. tomorrow morning and she is afraid that she will stay too long at the party.
Dialogue: Juanita: I saw you on TV!😍
Trey: (*^0^*)(*^0^*)Hehe...did you?(*^0^*)
Juanita: You looked so cool. I didn't know you sing that well11111 (^<^) (^.^)
Trey: Thanks. 
Trey: I didn't expect you would watch that program.
Juanita: Why didn’t you even let me know?
Juanita: All of our family members watched TV together.😍😍
Juanita: I was so proud of you! (^^ゞ
Summary: Juanita saw Trey singing on a TV show.
Dialogue: Edgar: Hey Leo
Leo: Hey! Happy to hear from you
Edgar: The pleasure is mine! Are you going to the dinner at Elizabeth's?
Leo: Yeah, sure, she wrote to me the other day.
Edgar: That's great! I'll be happy to see you
Leo: You might be able to see Cameron and Rosie as well
Edgar: Yeah, Elizabeth is throwing a grand party in my honor it seems
Leo: Ha ha ha Indeed
Edgar: I'll see you there then
Leo: Yep. See you soon
Edgar: Cheers
Leo: xx
Summary: Edgar and Leo will meet at the party that Elisabeth is throwing in Edgar's honor. 
Dialogue: Kate: Hi, Amy
Amy: Hi!
Kate: I woke up this morning completely sick
Amy: oh, I am so sorry.
Kate: I've no idea what to do with Thomas. He should be at school at 8 but I feel too bad to drive and too bad to take care of him
Amy: Don't worry, I can take him to school together with Alice!
Kate: Thanks! It's so kind of you
Amy: We single mothers have to help each other!
Kate: It's so good I have you
Amy: I'll pick him up about 7.15 and you take care of yourself, stay in bed etc.
Kate: Thanks
Amy: And I will take them for breakfast on the way to school.
Kate: Perfect!
Amy: See you later
Kate: See you!
Summary: Amy will pick Thomas up at 7:15 and take him for breakfast then to school.
Dialogue: Alex: my parents are out for the night! want to come?
Leo: any plans?
Alex: we can grab some beers, watch a game
Leo: you just said two magic words - beer and game ;)
Leo: I'll be there in an hour!
Alex: :]
Summary: Alex's parents are not going to be home tonight. Leo is coming over in an hour to drink some beer and watch a game.
Dialogue: Abigail: Hey, you want my old couch?
Anna: Your couch? Don't you need it :)
Abigail: No, I'm getting rid of it cause I ordered a new one. There's nothing wrong with it, you've seen it.
Anna: Yeah, I love the colour, it's the colour of an eggplant :)
Abigail: It's super comfortable, but the colour doesn't match my apt anymore. It was time for something new. I found a cool deal too.
Anna: How am I going to get it over here?
Abigail: My brother can help, he's got that cube van, remember?
Anna: Ok, cool. I'll buy him a few beers for the help :)
Abigail: No need to help grow his gut :)
Anna: When is your new couch coming?
Abigail: In a week. I can ask my brother to help the Sat. after that.
Anna: Ok, sounds good :) Do you want something for it? I mean, the couch is in really good condition.
Abigail: No, of course not! I owe you big time for last month anyways :) I would be in heaps of trouble if it wasn't for you.
Anna: Stop it! I didn't do anything. Anyways, I gotta go, but I'm super excited about my soon-to-be-mine couch
Abigail: Good! I'm looking forward to mine too :)
Anna: :)
Summary: Abigail bought a new couch and she will give the old one to Anna.
Dialogue: Karan: Hey Piyush! How are you?
Piyush: Hey, I’m good. What about you?
Karan: I am fine. So in which company are you working?
Piyush: I am working with Concentrix.
Karan: What is your post?
Piyush: I am in the security department.
Karan: That’s great!
Piyush: Yeah, but also a little bit bad.
Karan: Why so?
Piyush: It's mostly tiring
Karan: Dont worry, just strive on!!
Piyush: thanks
Karan: cool, gotta go!
Piyush: sure, talk later
Summary: Piyush is working in the security department with Concentrix and finds it tiring. Karen advises him not to worry.
Dialogue: Paul: yo
Paul: lemme know when ur there
Paul: <file_photo>
Cindy: omg i love donuts <file_gif>
Paul: they're all waiting 4 u babe
Cindy: hehe thanks my love
Cindy: be there in 5
Summary: Cindy will be there in 5 minutes. There are donuts waiting for her. She loves donuts.
Dialogue: Ms. Blue: Mr. Blue, how's your workload for the day?
Mr. White: I have some projects to finish and have to respond to some messages, but should finish it up by the end of the day.
Ms. Blue: Would you be able to fit in another task?
Mr. White: Depends on the complexity. I really should respond to the messages from our clients.
Ms. Blue: This isn't a very complicated task. I need you to go to the other department and do a quality check on their projects. 
Mr. White: All of them?
Ms. Blue: No. just a sample. Say 5 per project. 
Mr. White: Doesn't sound too complicated. What's the deadline?
Ms. Blue: And this is the problematic part. You only have 1,5 hours. 
Mr. White: That's not a lot. Is it possible to extend the deadline?
Ms. Blue: Unfortunately not. We will be undergoing financial control in about 2 hours and I need the reports on my desk at least half an hour earlier.
Mr. White: You want me to write reports as well?
Ms. Blue: Yes. Otherwise, how will I know what the standing is?
Mr. White:  But that's impossible!
Ms. Blue: Take someone with you. This should speed things up.
Mr. White: I'll get right on it. 
Ms. Blue: Thank you. Remember - 1,5 hours.
Mr. White: Of course. 
Summary: Mr. White has some work to finish by the end of the day. Ms. Blue wants him to do a project quality check in another department in a span of 1,5 hour. Mr. White will execute the task.
Dialogue: Jarvis: Thank you very much for the Gifticon you sent me. 😍😍
Jarvis: My wife and I drank coffee and my son took cake.✌️✌️
Jarvis: <file_photo>
Jarvis: <file_photo>
Dustin: I am happy to hear that. 😍😍😍😍
Dustin: I haven’t treated you well last time and I was thinking about that...
Dustin: But now I am so pleased that you had a good time with your family.
Jarvis: Thanks again for the Gifticon. 
Summary: Jarvis had a good time with his family. He is happy about a picture Dustin has sent him. He sends some photos to Dustin.
Dialogue: Sam: Where are you?
Phil: Home
Sam: ??? !!!
Phil: What do you mean?
Sam: We were supposed to have dinner together! I'm waiting for you here... like some idiot!
Phil: **** ! I forgot!!!!
Phil: I'm sorry! Really!
Sam: Me too! Forget it...
Phil: Hey! Can we meet tomorrow? I won't forget
Sam: I can't. Forget it. As simple as that.
Phil: Hey! Don't do that. 
Summary: Phil forgot about dinner plans with Sam and now she refuses to reschedule for tomorrow.
Dialogue: Emily: Hey there, could you tell me what time the lecture starts?
Jessica: Hi, it starts at 1:30.
Emily: Thank you, Jessica, and do you happen to know if there's anything we should bring with us?
Jessica: Well, they haven't said anything so I presume some basics like a notebook and a pen.
Emily: Rats! I forgot to buy one.
Jessica: I can give you one, I always buy too many :)
Emily: You're a doll, thank you!
Jessica: Don't mention it, should I save you a seat?
Emily: Please do, I'm running late (as usual...)
Summary: The lecture starts at 1:30. Emily forgot to buy a notebook and a pen for the lecture, so Jessica can give her one. Jessica will also save a seat as Emily is running late.
Dialogue: Stanley: Hey
Natalie: Hey
Stanley: Send me recent picture of you
Natalie: What?
Natalie: Why?
Stanley: I'm looking for inspiration :D
Natalie: If you try to flirt with me it was not a good pick up line :) 
Stanley: No?
Natalie: No
Natalie: <file_photo>
Stanley: How can you tell it was not a good pick up line and send me such pic in the same time? Hahah. Lovely photo, Thank you. I will write my essay in 5 minutes looking at this pretty face :)
Natalie: Oh shut up :*
Summary: Natalie sends a picture of herself to Stanley at his request. Stanley has an essay to write.
Dialogue: Marisa: I’m devastated! I need you!!! :(
Sam: what’s wrong?
Marisa: it’s about Rob.. he keeps texting me and then he’s off so it’s like on and off all the time
Clara: like an emotional rollercoaster
Marisa: yeah, exactly! 
Sam: how often do you see him?
Marisa: now and then but not on a regular basis
Sam: you know what i really think? 
Marisa: tell me
Sam: you deserve better!
Clara: i agree
Marisa: yeah, i know but i really like him and his a gooood kisser!
Clara: i bet but you can’t let him treat you like shit! I mean it girl!
Marisa: it’s hard to admit but deep down i know you’re right!
Sam: you sure he’s not seeing other girls?
Marisa: i hope not..
Clara: i bet he’s hanging around with some other girls keeping you on hold just in case
Sam: that’s mean !
Clara: i’m sorry but this is what i really think
Marisa: i think you’re both right. So glad i can talk to you whenever i need you! ;) 
Clara: love you hon! Take care!
Summary: Marisa is dating Rob. She is upset because Rob is ignoring her messages. Rob is a good kisser. 
Dialogue: David: Why nobody is here?
Richard: I'm on the way, don't worry
Susan: I'm sick, I can't come tonight
David: 🤦🏻‍♂
Summary: Richard is on his way to meet David. Susan is sick, so she cannot join tonight.
Dialogue: Sasha: I've just come back from Russia
Josh: nice! finally
Terry: let's have some booze tonight 
Sasha: oh yes! 7 at Hell's Kitchen?
Terry: perfect for me
Josh: I'll be there anyway, my shift ends at 7
Gordon: I'll join you too:)
Summary: Sasha has just come back from Russia. Sasha, Terry, Josh and Gordon will meet at 7 at Hell's Kitchen tonight. Josh's shift there ends at 7.
","[Pam doesn't have rota for Lauren, but Manager may give Lauren more tomorrow. Pam and Lauren will meet tomorrow and discuss Lauren's holiday. ]",1985,samsum,en,,2eba946bb02cd774187fc4ebab19ece079c25fe95f6ba846,171,3
"Dialogue: Adam: I have a juicy gossip for you guys ;)
Borys: About whom?
Adam: So apparently, Iga planned a weekend getaway with her boyfriend, but they had to cancel because he couldn't talk his group into changing the date of the presentation :D
Katia: And she is pissed?
Adam: What do you think? That is why they aren't sitting together since Monday ;)
Katia: Who would have expected such a gossip girl from you :D
Summary: ","Dialogue: Zeynep: <file_photo>
Zeynep: what do you think?
Hazal: you look nice 
Zuleyka: depends on the occasion
Zeynep: I'm trying to pick sth for my job interview
Hazal: where are u applying for? what job position?
Zeynep: PR assistant at Jameson
Zuleyka: imho it's perfect for it
Hazal: you could braid your hair or sth but the outfit is great
Zeynep: phew
Zeynep: <file_photo>
Zeynep: like this?
Hazal: YES
Zuleyka: <file_gif>
Hazal: and tell us later on how it went!
Zeynep: sure thanks for your advice
Zuleyka: you've got this!
Hazal: <file_gif>
Summary: Zeynep is trying to pick an outfit for her job interview. Hazal and Zuleyka advise her on the outfit and the hairstyle. 
Dialogue: Clara: We haven't paid the bill yet. It's due tomorrow. I'll need you to give me 30 £ each.
Hannah: OK
Ben: I'll leave it on the kitchen table. I'm going out right now.
Clara: OK guys. I'm gonna go to the post office. Ben, can you please check the mail box?
Ben: Sure, on my way out. Btw, we need to make a copy of the keys. Just in case...
Clara: Will you have time to do that?
Ben: Not today, maybe tomorrow.
Hannah: I can do it. I have the afternoon free. Ben, leave the keys on the table.
Ben: OK!
Summary: The bill is due tomorrow, so Hannah and Ben need to give Clara 30 £ each. Hannah will make a copy of the keys in the afternoon. Ben will leave the money and the keys on the kitchen table.
Dialogue: Maya: Chris, I'll be a little late
Christina: okay I'm waiting
Maya: sorry!
Christina: no prob
Summary: Maya will be late. Christina is waiting.
Dialogue: Mary: <file_photo> new kitchen :) turned out better than expected!
Rose: Looks gorgeous. So everything is done?
Mary: No really. Still working on the guest bathroom. Have to lay tile etc.
Rose: Have you chosen and bought everything yet?
Mary: Yes, we've had it for months, just haven't got around to working on it...
Rose: And do you have to do it?
Mary: Yes... it's very dated and we're already halfway through anyway
Dan: Kitchen looks very good! Good job you two!
Mary: Thanks, Dad! we're happy too!
Dan: What's the countertop?
Mary: It's quartz. We wanted granite but this is apparently better and less porous. So we will see.
Rose: Looks very shiny. I like the back splash too but I think I would have chosen something darker.
Mary: Darker shows water spots more, apparently.
Summary: Mary shares a photo of her new kitchen with her Dad Dan and Rose. Work on Mary's new house is not finished, they are still working on the guest bathroom. She has already bought all the materials. The countertop in her kitchen is quartz. 
Dialogue: Linda: Why are Broadway tickets so damn expensive? :(((
Liz: I know right?
Barbara: It's not even the tickets themselves, but there's also all the money you'd need for the flight, some food, a hotel...
Liz: Exactly!
Linda: I don't know, even the tickets themselves are far beyond my reach. I don't even want to consider those other things.
Barbara: Thank heavens for bootlegs! :D
Linda: Yeah, but it's not the same as seeing those shows live.
Liz: Which show would you choose if you suddenly won a million dollars?
Linda: A million? I'd go see all of them :D
Liz: Okay, a thousand dollars then.
Barbara: I'd go with either Cats or Lion King.
Liz: And you, Linda?
Linda: Are you kidding me? I can't choose just one! There's the Phantom, Les Miz, Wicked, Lion King...
Barbara: What about you @Liz?
Linda: Wait, let us guess!
Barbara: Haha, yeah, I think it's pretty easy to guess.
Linda: Hamilton?
Barbara: Hamilton!
Liz: LOL, you know me so well :D
Summary: Linda, Liz and Barbara are complaining about the tickets to Broadway being so expensive. If they had lots of money Linda would see Phantom, Les Miz, Wicked, Lion King, and Liz would go to see Hamilton. Barbara'd go with either Cats or Lion King. 
Dialogue: Laura: have you guys seen Riri after the party?
Arvo: no, why?
Laura: she was supposed to drop by and she's not answering her phone
Jake: <file_photo>
Jake: she's still asleep, she came home at 8 a.m.
Laura: ok I was worried
Summary: Laura is worried about Riri because she's not answering her phone. Jake informs that Riri is sleeping.
Dialogue: Scarlett: hi there! You know whom Ive just met? You won't believe me.
Scarlett: Anna Smith, that famous actress! 
Rett: Oh wow! And what does she look like?
Scarlett: not as pretty as on tv;)
Sue: No wonder ;) they always make them look so mich better on tv!
Rett: definitely!
Scarlett: sure. And I guess she was followed by some paparazzis.
Scarlett: I felt like in a movie!
Susie: haha
Summary: Scarlett met Anna Smith, famous actress, who was followed by some paparazzis. Scarlett feelt like in a movie.
Dialogue: David: Will you be ready in about 30 min?
David: I'm leaving work now and picking up mum
Jess: Yes I'll be ready :)
Jess: I'll meet you downstairs
David: 👍
Summary: Jess will meet David downstairs in half an hour after he picks up mum on the way from work.
Dialogue: Lucille: But first I will go for another erasmus program next year hopefully.
Skyler: Hmm ok. What country ?
Lucille: Probably italy again because they offer me 10 month long staying
Skyler: Torino again ?
Lucille: Or 5 months in Malta or 5 months in Belfast. I will be choosing between those 3. Because I don't speak Spanish to go to Spain or french to go to France. Pavia this time in italy
Skyler: Oh ok
Lucille: But I would have to practice my Italian because I will have to study in this language. But no time for this because of studies
Skyler: Haha so what then? What will you do
Lucille: I don't know. I still have time
Skyler: Ok
Summary: Lucille went to Torino for her Erasmus student exchange and wants to repeat it next year. She is considering a 10-month stay in Pavia in Italy, or a 5-month stay in Malta or Belfast. She does not want to go to Spain or France.
Dialogue: Oliver: So, he starts walking without looking towards the lunch ladies.
Sid: He even tripped me over!
Victor: Yeah, saw that!
Oliver: And he started shouting and Jeannie!
Shanon: Rly? Y?
Victor: Something about that she knew, they were friends and she hadn't told him and so on.
Sid: One of the students told him to shut up.
Oliver: and then all hell broke loose.
Victor: He turned round and started yanking the student.
Sid: He was screaming and trying to defend himself, but couldn't. 
Oliver: Afk, he almost choked him.
Victor: I don't know what would have happened, hadn't Mr. Black come.
Shanon: So what happened next?
Oliver: Mr. Black grabbed him and dragged him out of the cafeteria!
Victor: He was shouting mother fucker this, mother fucker that.
Shanon: Creepy!
Oliver: You can say that again!
Shanon: Creepy!
Summary: Oliver, Sid and Victor saw him starting a fight in the cafeteria. Mr. Black came and dragged him out. 
Dialogue: David: Hey Joey, have you done breakfast yet?
Joey: No David, I was about to leave for mess.
David: Wait! take me with you
Joey: Okay! Hurry up
Summary: David and Joey will eat breakfast at the mess.
Dialogue: Sebastian: Hi, how are you?
Betty: Hi, I'm fine, thanks for asking. How are you?
Sebastian: I'm fine too… It's been a long time 
Betty: Yeah, quite a long time
Sebastian: You stopped talking to me 
Betty: Well, I wasn't sure if you want to talk to me anymore
Sebastian: Why so?
Betty: I don't know, I had such a feeling
Sebastian: After our last conversation?
Betty: Exactly.
Sebastian: Well… You know I was only supposed to come for three days
Betty: I know, but it seemed like we won't meet up again, like never…
Sebastian: But you know, if we're supposed to meet one day, we'll meet
Betty: Yeah and exactly that sounds like ""one day = never""
Sebastian: One day you also gave me an answer like that…
Betty: So now we're 1:1 :P
Sebastian: But you're happy about that?
Betty: Well… not really? But if it's like this…
Sebastian: Uh… see, I'm coming to Paris next week, would you like to meet? It'll be nice to see you again
Betty: When exactly?
Sebastian: Monday till Thursday. 
Betty: So what about Tuesday? I have the whole afternoon free
Sebastian: Perfect! I'm really glad :)
Betty: Me too.. Nice that we'll see each other again
Summary: Sebastian and Betty haven't talked for a long time. Betty thought Sebastian doesn't want to talk to her anymore. Sebastian's coming to Paris next week. They decided to meet on Tuesday.
Dialogue: Barry: are u sure he said that?/
Garay: iam sure
Barry: hes so gonna pay for it
Garay: ...
Summary: He is going to pay Barry for saying that.
Dialogue: Jim: can you talk?
Tom: not really, call you around 6?
Jim: ok
Summary: Tom can't talk right now and will call Jim back around 6.
Dialogue: Mackenzie: hi! how is the work going?
Joey: we've just finished the first part of the presentation
Melissa: and we're quite happy with it
Mackenzie: only the first part?!
Melissa: what do you mean by ""only""?
Mackenzie: it should be ready on Friday
Melissa: it will be for sure!
Melissa: you're really a troll
Melissa: You should work as an internet troll for Russia
Mackenzie: hahaha, sorry, I believe in you!
Joey: lol
Summary: Joey and Melissa have just finished the first part of the presentation. The whole presentation should be ready by Friday. Melissa and Joey intend to keep this deadline.
Dialogue: Martin: knock knock
Nora: who's there?
Martin: you're boyfriend
Nora: oh hey :* I was thinking about you
Martin: let's meet at my flat, darling
Nora: tonight?
Martin: That's what I had in mind :)
Nora: Okay, I'll bring wine.
Summary: Martin and Nora will meet at his flat tonight. Nora will bring wine.
","[Iga and her boyfriend are not sitting together since Monday, because they had to cancel their weekend getaway. It made Iga very angry. Iga's boyfriend failed to convince a group to change the date of the presentation.]",1820,samsum,en,,35cb0314151086c1c7e25fae71ed0d94b8c6ba4fa33727c6,150,1
"Dialogue: Adam: I have a juicy gossip for you guys ;)
Borys: About whom?
Adam: So apparently, Iga planned a weekend getaway with her boyfriend, but they had to cancel because he couldn't talk his group into changing the date of the presentation :D
Katia: And she is pissed?
Adam: What do you think? That is why they aren't sitting together since Monday ;)
Katia: Who would have expected such a gossip girl from you :D
Summary: ","Dialogue: Zeynep: <file_photo>
Zeynep: what do you think?
Hazal: you look nice 
Zuleyka: depends on the occasion
Zeynep: I'm trying to pick sth for my job interview
Hazal: where are u applying for? what job position?
Zeynep: PR assistant at Jameson
Zuleyka: imho it's perfect for it
Hazal: you could braid your hair or sth but the outfit is great
Zeynep: phew
Zeynep: <file_photo>
Zeynep: like this?
Hazal: YES
Zuleyka: <file_gif>
Hazal: and tell us later on how it went!
Zeynep: sure thanks for your advice
Zuleyka: you've got this!
Hazal: <file_gif>
Summary: Zeynep is trying to pick an outfit for her job interview. Hazal and Zuleyka advise her on the outfit and the hairstyle. 
Dialogue: Clara: We haven't paid the bill yet. It's due tomorrow. I'll need you to give me 30 £ each.
Hannah: OK
Ben: I'll leave it on the kitchen table. I'm going out right now.
Clara: OK guys. I'm gonna go to the post office. Ben, can you please check the mail box?
Ben: Sure, on my way out. Btw, we need to make a copy of the keys. Just in case...
Clara: Will you have time to do that?
Ben: Not today, maybe tomorrow.
Hannah: I can do it. I have the afternoon free. Ben, leave the keys on the table.
Ben: OK!
Summary: The bill is due tomorrow, so Hannah and Ben need to give Clara 30 £ each. Hannah will make a copy of the keys in the afternoon. Ben will leave the money and the keys on the kitchen table.
Dialogue: Maya: Chris, I'll be a little late
Christina: okay I'm waiting
Maya: sorry!
Christina: no prob
Summary: Maya will be late. Christina is waiting.
Dialogue: Mary: <file_photo> new kitchen :) turned out better than expected!
Rose: Looks gorgeous. So everything is done?
Mary: No really. Still working on the guest bathroom. Have to lay tile etc.
Rose: Have you chosen and bought everything yet?
Mary: Yes, we've had it for months, just haven't got around to working on it...
Rose: And do you have to do it?
Mary: Yes... it's very dated and we're already halfway through anyway
Dan: Kitchen looks very good! Good job you two!
Mary: Thanks, Dad! we're happy too!
Dan: What's the countertop?
Mary: It's quartz. We wanted granite but this is apparently better and less porous. So we will see.
Rose: Looks very shiny. I like the back splash too but I think I would have chosen something darker.
Mary: Darker shows water spots more, apparently.
Summary: Mary shares a photo of her new kitchen with her Dad Dan and Rose. Work on Mary's new house is not finished, they are still working on the guest bathroom. She has already bought all the materials. The countertop in her kitchen is quartz. 
Dialogue: Linda: Why are Broadway tickets so damn expensive? :(((
Liz: I know right?
Barbara: It's not even the tickets themselves, but there's also all the money you'd need for the flight, some food, a hotel...
Liz: Exactly!
Linda: I don't know, even the tickets themselves are far beyond my reach. I don't even want to consider those other things.
Barbara: Thank heavens for bootlegs! :D
Linda: Yeah, but it's not the same as seeing those shows live.
Liz: Which show would you choose if you suddenly won a million dollars?
Linda: A million? I'd go see all of them :D
Liz: Okay, a thousand dollars then.
Barbara: I'd go with either Cats or Lion King.
Liz: And you, Linda?
Linda: Are you kidding me? I can't choose just one! There's the Phantom, Les Miz, Wicked, Lion King...
Barbara: What about you @Liz?
Linda: Wait, let us guess!
Barbara: Haha, yeah, I think it's pretty easy to guess.
Linda: Hamilton?
Barbara: Hamilton!
Liz: LOL, you know me so well :D
Summary: Linda, Liz and Barbara are complaining about the tickets to Broadway being so expensive. If they had lots of money Linda would see Phantom, Les Miz, Wicked, Lion King, and Liz would go to see Hamilton. Barbara'd go with either Cats or Lion King. 
Dialogue: Laura: have you guys seen Riri after the party?
Arvo: no, why?
Laura: she was supposed to drop by and she's not answering her phone
Jake: <file_photo>
Jake: she's still asleep, she came home at 8 a.m.
Laura: ok I was worried
Summary: Laura is worried about Riri because she's not answering her phone. Jake informs that Riri is sleeping.
Dialogue: Scarlett: hi there! You know whom Ive just met? You won't believe me.
Scarlett: Anna Smith, that famous actress! 
Rett: Oh wow! And what does she look like?
Scarlett: not as pretty as on tv;)
Sue: No wonder ;) they always make them look so mich better on tv!
Rett: definitely!
Scarlett: sure. And I guess she was followed by some paparazzis.
Scarlett: I felt like in a movie!
Susie: haha
Summary: Scarlett met Anna Smith, famous actress, who was followed by some paparazzis. Scarlett feelt like in a movie.
Dialogue: David: Will you be ready in about 30 min?
David: I'm leaving work now and picking up mum
Jess: Yes I'll be ready :)
Jess: I'll meet you downstairs
David: 👍
Summary: Jess will meet David downstairs in half an hour after he picks up mum on the way from work.
Dialogue: Lucille: But first I will go for another erasmus program next year hopefully.
Skyler: Hmm ok. What country ?
Lucille: Probably italy again because they offer me 10 month long staying
Skyler: Torino again ?
Lucille: Or 5 months in Malta or 5 months in Belfast. I will be choosing between those 3. Because I don't speak Spanish to go to Spain or french to go to France. Pavia this time in italy
Skyler: Oh ok
Lucille: But I would have to practice my Italian because I will have to study in this language. But no time for this because of studies
Skyler: Haha so what then? What will you do
Lucille: I don't know. I still have time
Skyler: Ok
Summary: Lucille went to Torino for her Erasmus student exchange and wants to repeat it next year. She is considering a 10-month stay in Pavia in Italy, or a 5-month stay in Malta or Belfast. She does not want to go to Spain or France.
Dialogue: Oliver: So, he starts walking without looking towards the lunch ladies.
Sid: He even tripped me over!
Victor: Yeah, saw that!
Oliver: And he started shouting and Jeannie!
Shanon: Rly? Y?
Victor: Something about that she knew, they were friends and she hadn't told him and so on.
Sid: One of the students told him to shut up.
Oliver: and then all hell broke loose.
Victor: He turned round and started yanking the student.
Sid: He was screaming and trying to defend himself, but couldn't. 
Oliver: Afk, he almost choked him.
Victor: I don't know what would have happened, hadn't Mr. Black come.
Shanon: So what happened next?
Oliver: Mr. Black grabbed him and dragged him out of the cafeteria!
Victor: He was shouting mother fucker this, mother fucker that.
Shanon: Creepy!
Oliver: You can say that again!
Shanon: Creepy!
Summary: Oliver, Sid and Victor saw him starting a fight in the cafeteria. Mr. Black came and dragged him out. 
Dialogue: David: Hey Joey, have you done breakfast yet?
Joey: No David, I was about to leave for mess.
David: Wait! take me with you
Joey: Okay! Hurry up
Summary: David and Joey will eat breakfast at the mess.
Dialogue: Sebastian: Hi, how are you?
Betty: Hi, I'm fine, thanks for asking. How are you?
Sebastian: I'm fine too… It's been a long time 
Betty: Yeah, quite a long time
Sebastian: You stopped talking to me 
Betty: Well, I wasn't sure if you want to talk to me anymore
Sebastian: Why so?
Betty: I don't know, I had such a feeling
Sebastian: After our last conversation?
Betty: Exactly.
Sebastian: Well… You know I was only supposed to come for three days
Betty: I know, but it seemed like we won't meet up again, like never…
Sebastian: But you know, if we're supposed to meet one day, we'll meet
Betty: Yeah and exactly that sounds like ""one day = never""
Sebastian: One day you also gave me an answer like that…
Betty: So now we're 1:1 :P
Sebastian: But you're happy about that?
Betty: Well… not really? But if it's like this…
Sebastian: Uh… see, I'm coming to Paris next week, would you like to meet? It'll be nice to see you again
Betty: When exactly?
Sebastian: Monday till Thursday. 
Betty: So what about Tuesday? I have the whole afternoon free
Sebastian: Perfect! I'm really glad :)
Betty: Me too.. Nice that we'll see each other again
Summary: Sebastian and Betty haven't talked for a long time. Betty thought Sebastian doesn't want to talk to her anymore. Sebastian's coming to Paris next week. They decided to meet on Tuesday.
Dialogue: Barry: are u sure he said that?/
Garay: iam sure
Barry: hes so gonna pay for it
Garay: ...
Summary: He is going to pay Barry for saying that.
Dialogue: Jim: can you talk?
Tom: not really, call you around 6?
Jim: ok
Summary: Tom can't talk right now and will call Jim back around 6.
Dialogue: Mackenzie: hi! how is the work going?
Joey: we've just finished the first part of the presentation
Melissa: and we're quite happy with it
Mackenzie: only the first part?!
Melissa: what do you mean by ""only""?
Mackenzie: it should be ready on Friday
Melissa: it will be for sure!
Melissa: you're really a troll
Melissa: You should work as an internet troll for Russia
Mackenzie: hahaha, sorry, I believe in you!
Joey: lol
Summary: Joey and Melissa have just finished the first part of the presentation. The whole presentation should be ready by Friday. Melissa and Joey intend to keep this deadline.
Dialogue: Martin: knock knock
Nora: who's there?
Martin: you're boyfriend
Nora: oh hey :* I was thinking about you
Martin: let's meet at my flat, darling
Nora: tonight?
Martin: That's what I had in mind :)
Nora: Okay, I'll bring wine.
Summary: Martin and Nora will meet at his flat tonight. Nora will bring wine.
","[Iga and her boyfriend are not sitting together since Monday, because they had to cancel their weekend getaway. It made Iga very angry. Iga's boyfriend failed to convince a group to change the date of the presentation.]",1820,samsum,en,,35cb0314151086c1c7e25fae71ed0d94b8c6ba4fa33727c6,150,2
"Dialogue: Allison: Hey girls! 
Maya: hey!
Sarah:  hey, why you so cheerful?
Allison: Guess what!
Allison: I've got a scholarship!
Maya: no way! you have made it!
Sarah: shut up!
Allison: yeee, and it is the highest posible rank i could get
Maya: we so proud, when do we celebrate!?
Sarah: <file_gif> 
Allison: Whenever you want! thank you <3
Summary: ","Dialogue: Nick: O M G girls 
Wendy: what's going on?!?
Greta: ???
Nick: Emily kissed with some girl at the party last night and her boyfriend saw everything! 
Greta: DAMN! I have to tell my gurrrls! brb
Wendy: Oh, I love juicy gossip! 
Summary: Emily kissed a girl at the party last night and her boyfriend saw it.
Dialogue: Lisa: Good morning! :-D
Linda: Hi there!
Lisa: I feel it's going to be a beautiful day :-D
Linda: Do you?
Lisa: What's going on? I sense some blues...
Linda: Oh... It's a crappy morning for me. I have to leave my apartment.
Lisa: Oh no... Till when? Why? How did it come about?
Linda: I learnt about that while I was leaving the apartment block. I met the landlord and he handed me a notice. I've got 3 months to vacate the apartment. Why? I don't know. He may have a new tenant, for example some family member. He may as well want to sell it. It doesn't matter.
Lisa: 3 months. That's not bad.
Linda: It isn't. You're right. Still I thought I'd stay there longer. I like that place.
Lisa: Yeah... it's quite comfy and close to the office.
Linda: And not that pricey.
Lisa: Put some post on FB. Maybe someone from your friends has an interesting place to rent. It's always better to do such business with someone you know.
Linda: I'll think about it.
Lisa: Why are you hestitating?
Linda: I don't like posting such news. I feel as if I was losing my privacy.
Lisa: Come on! You're exaggerating. You may get some help. That's easier than you think.
Linda: I'll think about it, ok?
Lisa: Ok. I'll think about it too. I have friends too, you know :-p
Linda: I should think so :-p
Lisa: Don't worry. 3 months that's almost a hundred days. You'll find something :-)
Linda: Thanks :-)
Summary: Linda has to vacate her apartment in 3 months. She refuses to ask people on Facebook if anyone has a place to rent, as Lisa suggested.
Dialogue: Jeffrey: i'm thinking about driving for uber :-D
Jeffrey: what do u think?
Shannon: i'm surprised you want to drive for uber!!! lol
Shannon: that's so unlike you
Shannon: why do you want to drive for uber?
Jeffrey: the extra money could come in handy
Jeffrey: i want a new flat screen tv and those are expensive :-/
Jeffrey: i think if i drive for uber for a couple of weeks i can make that money
Shannon: you don't mind putting mileage on your car?
Jeffrey: not really
Shannon: and having strangers in your card?
Jeffrey: no, i really don't
Shannon: then maybe uber driving it's a good idea
Jeffrey: yeah :-D i'll give it a try
Shannon: please let me know how it goes!
Shannon: i'm genuinely curious lol
Summary: Jeffrey is considering driving for Uber as he needs money to buy a new TV. Jeffrey doesn't mind putting mileage on his car or driving strangers.
Dialogue: Karine: the date for the celebration has been scheduled for june 30th. Could you confirm it's ok for you
Eleonore: great, thank you so much. You may count on me. 
Karine: ok. Don't forget to send me you written confirmation. How many of you will participate?
Eleonore: For sure 3 people. I'll let you know about Jane asap.
Karine: thanks
Summary: Eleonore and two other people will take part in the celebration on June 30th. Eleonore will let Karine know about Jane asap.
Dialogue: Szczepan: when are you available?
Roman: Either weekends or weekdays early mornings
Roman: What's up?
Szczepan: just wanted to talk to you about the project
Szczepan: If you are okay with it
Roman: Sure, how about in 2 hours?
Szczepan: I'll try to stay up
Roman: Ok, I'm in the city now
Roman: Give me few minutes to find some quiet place, so we can talk
Szczepan: oh okay
Szczepan: i'm ready in 5 minutes
Roman: Ready for mic test?
Szczepan: yup!
Summary: Roman is available either on weekends or on weekday early mornings. Roman and Szczepan will meet in 2 hours to talk about the project. Roman is in the city now and he has found a quiet place where they could talk.
Dialogue: Sophia: hey girl! How you getting on today?
Ella: I’m good! You ok?
Sophia: i’m fine. Do you wanna grab a coffee or something tomorrow morning?
Ella: yeah, why not. I’ve got some spare time in the morning
Sophia: 9 am. same place as always?
Ella: yeah, sounds brill! Sheila’s cafe. See you there hon!
Summary: Ella and Sophia will meet at Sheila's cafe tomorrow at 9 AM.
Dialogue: Chandler: hey Mony, I'm at the restaurant.. You wanna eat something??
Monica: Where you at right now??
Chandler: Two Broke Engineers
Monica: Ohkay.. Grab a lasagnia for me...
Chandler: And ?? Just lasagnia .. How will you survive with just lasagnia?? YOU FOODIE :wink
Monica: okay okay.. Bring cheese cake from cheese factory..
Chandler: haha.. That's more like my Mony..
Monica: hahaha!!! Tomorrow i will start my diet xD
Summary: Chandler is at the restaurant ""Two Broke Engineers"". He will grab some lasagnia for Monica and cheese cake from cheese factory. Monica plans to start a diet tomorrow.
Dialogue: Peter: Hi, wanna grab something to eat after work?
Diana: Sure, maybe that new restaurant at Elm Street?
Peter: You read my mind, I was gonna suggest that :)
Diana: Perfect, see you there at 4.
Peter: See ya <3
Summary: Peter is asking Diana if she wants to go eat with him. Diana is suggesting a new restaurant at Elm Street, a place where Peter also wants to go. They both will meet there at 4. 
Dialogue: Caroline: I'm on way...
Caroline: can u put my lunch box in the microwave? 
Jeff: kk, done :D
Caroline: <3
Summary: Caroline asks Jeff to warm up her lunch box in the microwave.
Dialogue: Fiona: do u have a pad?
Cacily: yes, want one?
Fiona: yes, please
Summary: Cacily will give Fiona a pad.
Dialogue: Kate: Give me the pics :********
JC: Tonights pics? 
Kate: yeah
JC: <file_other>
Kate: :P
JC: :P
Summary: JC sent pictures to Kate.
Dialogue: Natalie: I've booked the hotel.
Sandra: Good, the one in LA?
Natalie: Yep, the Green Leaf.
Nick: Good, is it what  think it is? 
Natalie: <file_gif>
Sandra: My clock shows 420!
Nick: I've heard about the place, they have the best purple haze!
Natalie: And white widow!
Sandra: Can't wait! Maybe we can go shopping before...
Nick: Before munchies, you mean? :D
Natalie: <file_gif>
Sandra: Hey guys, maybe a puff outside the campus? Are you free in 30'?
Nick: On our bench?
Sandra: That's right!
Summary: Natalie has made a booking at the Green Leaf hotel in Los Angeles. They've got the best purple haze and white widow at the Green Leaf. Natalie, Sandra and Nick are going to meet in half an hour on their bench to have a smoke.
Dialogue: Ann: Do u know what time John will be back?
Mike: I have no idea.
Mike: Why?
Ann: I want to visit him, but I don't want to call him because of his mom :(
Mike: I see…
Mike: I'll call u later!
Ann: ok, thx :*
Summary: Mike doesn't know when John will be back. Ann wants to visit John, but doesn't want to call him because of his mom. Mike will call Ann later.
Dialogue: Anna: What are you wearing for the party?
Maureen: <photo_file>
Laura: <photo_file>
Summary: Maureen and Laura are going to the party.
Dialogue: Maria: Where is the concert?
Tom: Hall 5
John: I'm waiting for you at the entrance
Summary: The concert is in Hall 5. John is waiting near the gate.
Dialogue: Annie: need anything from Carrefour?
Annie: I will pop in to get some food.
Annie: and toilet paper ;)
Katie: no thanks Im fine
Annie: lucky you!
Katie: see you later
Annie: bye!
Summary: Annie will go to Carrefour to buy some food and toilet paper.
Dialogue: Angela: How's the party?
Brian: <file_gif> 
Angela: <file_gif> 
Angela: What time are you getting up tomorrow?
Brian: I have a meeting at 11am, so definitely not before 10 :D
Summary: Brian has a meeting at 11 am, so he's not getting up before 10. 
Dialogue: Monica: I'm so nervous...
Monica: he's active  but silence so far..;-( ;-(
Paula: take it easy girl!
Paula: he might be simply busy...;-)
Monica: True, but I've got this gut feeling.. he's not...:/ :/ 
Paula: hey you! stop overanalyzing!
Monica: wait,he wrote ""hey...""
Monica: bb l8er.
Summary: Monica's nervous about not being contacted by him. In the end he writes to her.
Dialogue: Danielle: just finished the last episode of house of cards, we can talk about it finally
Haley: so? what do you think?
Danielle: i am disappointed, it's just not the same without Kevin Spacey
Haley: i know... they should not have kicked him out
Danielle: yeah, I mean i liked how strongly they portrayed woman and everything but... something was missing
Haley: not something - Frank Underwood was missing
Danielle: agreed... it's really a shame, it was such a good show
Haley: yeah, everyone just turned from fans straight to haters because of Frank's absence
Danielle: totally justified lol
Haley: ye, i am glad it's over ;) i would not stand another crappy season
Summary: Danielle and Haley are disappointed with the way ""House of Cards"" ended. They agree it was not the same without Kevin Spacey's character.
Dialogue: Tag: Hey guuurl
Angela: ??
Tag: Wanna come over tonight?
Angela: I would appreciate if you'd stop harassing me.
Summary: Tag should stop harassing Angela.
Dialogue: Jake: So I'm leaving an hour earlier today.
Renee: Why?
Jake: Dana made an appointment for me on my lunch with a customer. Wasn't that nice?
Renee: Is she bringing you lunch at least?
Jake: No leaving early is fine though.
Renee: Won't you be starving?
Jake: Probably but I can live off my fat!
Renee: LOL!
Summary: Jake has to leave one hour early today as he had a meeting with a customer in the lunch time so he didn't eat.
Dialogue: Anne: Hello, I'm sorry but I have to cancel my appointment
Anne: Today 7pm Doctor Kumar
Tamara_reception: Good morning. Would you like to make another appointment?
Anne: Yes but I'm not sure if I can make it this week. How about next Tuesday?
Tamara_reception: Available hours for next Tuesday 22/01: 12:30, 14:00, 14:45. Please use our reservation system available on our website
Tamara_reception: <file_other>
Summary: Anne cancelled her today's appointment with Dr Kumar at 7 pm. Tamara_reception sends her a link to their reservation system on their website so that Anne can book another appointment next Tuesday.
Dialogue: Catherine: hey stef
Stefan: whats up Cate?
Catherine: im cool, what about you
Stefan: me too, whatsup, i know you?😜🤣
Catherine: haha, i need your help
Stefan: i knew it..what is it
Catherine: im bored, come get me
Stefan: haha, alright then
Summary: Catherine is bored and wants Stefan to come get her.
",[Allison has got a scholarship.],1918,samsum,en,,ca6fb212b9d2438c491347edeb4c831574dbce05156acabb,165,2
"Dialogue: Adam: I have a juicy gossip for you guys ;)
Borys: About whom?
Adam: So apparently, Iga planned a weekend getaway with her boyfriend, but they had to cancel because he couldn't talk his group into changing the date of the presentation :D
Katia: And she is pissed?
Adam: What do you think? That is why they aren't sitting together since Monday ;)
Katia: Who would have expected such a gossip girl from you :D
Summary: ","Dialogue: Zeynep: <file_photo>
Zeynep: what do you think?
Hazal: you look nice 
Zuleyka: depends on the occasion
Zeynep: I'm trying to pick sth for my job interview
Hazal: where are u applying for? what job position?
Zeynep: PR assistant at Jameson
Zuleyka: imho it's perfect for it
Hazal: you could braid your hair or sth but the outfit is great
Zeynep: phew
Zeynep: <file_photo>
Zeynep: like this?
Hazal: YES
Zuleyka: <file_gif>
Hazal: and tell us later on how it went!
Zeynep: sure thanks for your advice
Zuleyka: you've got this!
Hazal: <file_gif>
Summary: Zeynep is trying to pick an outfit for her job interview. Hazal and Zuleyka advise her on the outfit and the hairstyle. 
Dialogue: Clara: We haven't paid the bill yet. It's due tomorrow. I'll need you to give me 30 £ each.
Hannah: OK
Ben: I'll leave it on the kitchen table. I'm going out right now.
Clara: OK guys. I'm gonna go to the post office. Ben, can you please check the mail box?
Ben: Sure, on my way out. Btw, we need to make a copy of the keys. Just in case...
Clara: Will you have time to do that?
Ben: Not today, maybe tomorrow.
Hannah: I can do it. I have the afternoon free. Ben, leave the keys on the table.
Ben: OK!
Summary: The bill is due tomorrow, so Hannah and Ben need to give Clara 30 £ each. Hannah will make a copy of the keys in the afternoon. Ben will leave the money and the keys on the kitchen table.
Dialogue: Maya: Chris, I'll be a little late
Christina: okay I'm waiting
Maya: sorry!
Christina: no prob
Summary: Maya will be late. Christina is waiting.
Dialogue: Mary: <file_photo> new kitchen :) turned out better than expected!
Rose: Looks gorgeous. So everything is done?
Mary: No really. Still working on the guest bathroom. Have to lay tile etc.
Rose: Have you chosen and bought everything yet?
Mary: Yes, we've had it for months, just haven't got around to working on it...
Rose: And do you have to do it?
Mary: Yes... it's very dated and we're already halfway through anyway
Dan: Kitchen looks very good! Good job you two!
Mary: Thanks, Dad! we're happy too!
Dan: What's the countertop?
Mary: It's quartz. We wanted granite but this is apparently better and less porous. So we will see.
Rose: Looks very shiny. I like the back splash too but I think I would have chosen something darker.
Mary: Darker shows water spots more, apparently.
Summary: Mary shares a photo of her new kitchen with her Dad Dan and Rose. Work on Mary's new house is not finished, they are still working on the guest bathroom. She has already bought all the materials. The countertop in her kitchen is quartz. 
Dialogue: Linda: Why are Broadway tickets so damn expensive? :(((
Liz: I know right?
Barbara: It's not even the tickets themselves, but there's also all the money you'd need for the flight, some food, a hotel...
Liz: Exactly!
Linda: I don't know, even the tickets themselves are far beyond my reach. I don't even want to consider those other things.
Barbara: Thank heavens for bootlegs! :D
Linda: Yeah, but it's not the same as seeing those shows live.
Liz: Which show would you choose if you suddenly won a million dollars?
Linda: A million? I'd go see all of them :D
Liz: Okay, a thousand dollars then.
Barbara: I'd go with either Cats or Lion King.
Liz: And you, Linda?
Linda: Are you kidding me? I can't choose just one! There's the Phantom, Les Miz, Wicked, Lion King...
Barbara: What about you @Liz?
Linda: Wait, let us guess!
Barbara: Haha, yeah, I think it's pretty easy to guess.
Linda: Hamilton?
Barbara: Hamilton!
Liz: LOL, you know me so well :D
Summary: Linda, Liz and Barbara are complaining about the tickets to Broadway being so expensive. If they had lots of money Linda would see Phantom, Les Miz, Wicked, Lion King, and Liz would go to see Hamilton. Barbara'd go with either Cats or Lion King. 
Dialogue: Laura: have you guys seen Riri after the party?
Arvo: no, why?
Laura: she was supposed to drop by and she's not answering her phone
Jake: <file_photo>
Jake: she's still asleep, she came home at 8 a.m.
Laura: ok I was worried
Summary: Laura is worried about Riri because she's not answering her phone. Jake informs that Riri is sleeping.
Dialogue: Scarlett: hi there! You know whom Ive just met? You won't believe me.
Scarlett: Anna Smith, that famous actress! 
Rett: Oh wow! And what does she look like?
Scarlett: not as pretty as on tv;)
Sue: No wonder ;) they always make them look so mich better on tv!
Rett: definitely!
Scarlett: sure. And I guess she was followed by some paparazzis.
Scarlett: I felt like in a movie!
Susie: haha
Summary: Scarlett met Anna Smith, famous actress, who was followed by some paparazzis. Scarlett feelt like in a movie.
Dialogue: David: Will you be ready in about 30 min?
David: I'm leaving work now and picking up mum
Jess: Yes I'll be ready :)
Jess: I'll meet you downstairs
David: 👍
Summary: Jess will meet David downstairs in half an hour after he picks up mum on the way from work.
Dialogue: Lucille: But first I will go for another erasmus program next year hopefully.
Skyler: Hmm ok. What country ?
Lucille: Probably italy again because they offer me 10 month long staying
Skyler: Torino again ?
Lucille: Or 5 months in Malta or 5 months in Belfast. I will be choosing between those 3. Because I don't speak Spanish to go to Spain or french to go to France. Pavia this time in italy
Skyler: Oh ok
Lucille: But I would have to practice my Italian because I will have to study in this language. But no time for this because of studies
Skyler: Haha so what then? What will you do
Lucille: I don't know. I still have time
Skyler: Ok
Summary: Lucille went to Torino for her Erasmus student exchange and wants to repeat it next year. She is considering a 10-month stay in Pavia in Italy, or a 5-month stay in Malta or Belfast. She does not want to go to Spain or France.
Dialogue: Oliver: So, he starts walking without looking towards the lunch ladies.
Sid: He even tripped me over!
Victor: Yeah, saw that!
Oliver: And he started shouting and Jeannie!
Shanon: Rly? Y?
Victor: Something about that she knew, they were friends and she hadn't told him and so on.
Sid: One of the students told him to shut up.
Oliver: and then all hell broke loose.
Victor: He turned round and started yanking the student.
Sid: He was screaming and trying to defend himself, but couldn't. 
Oliver: Afk, he almost choked him.
Victor: I don't know what would have happened, hadn't Mr. Black come.
Shanon: So what happened next?
Oliver: Mr. Black grabbed him and dragged him out of the cafeteria!
Victor: He was shouting mother fucker this, mother fucker that.
Shanon: Creepy!
Oliver: You can say that again!
Shanon: Creepy!
Summary: Oliver, Sid and Victor saw him starting a fight in the cafeteria. Mr. Black came and dragged him out. 
Dialogue: David: Hey Joey, have you done breakfast yet?
Joey: No David, I was about to leave for mess.
David: Wait! take me with you
Joey: Okay! Hurry up
Summary: David and Joey will eat breakfast at the mess.
Dialogue: Sebastian: Hi, how are you?
Betty: Hi, I'm fine, thanks for asking. How are you?
Sebastian: I'm fine too… It's been a long time 
Betty: Yeah, quite a long time
Sebastian: You stopped talking to me 
Betty: Well, I wasn't sure if you want to talk to me anymore
Sebastian: Why so?
Betty: I don't know, I had such a feeling
Sebastian: After our last conversation?
Betty: Exactly.
Sebastian: Well… You know I was only supposed to come for three days
Betty: I know, but it seemed like we won't meet up again, like never…
Sebastian: But you know, if we're supposed to meet one day, we'll meet
Betty: Yeah and exactly that sounds like ""one day = never""
Sebastian: One day you also gave me an answer like that…
Betty: So now we're 1:1 :P
Sebastian: But you're happy about that?
Betty: Well… not really? But if it's like this…
Sebastian: Uh… see, I'm coming to Paris next week, would you like to meet? It'll be nice to see you again
Betty: When exactly?
Sebastian: Monday till Thursday. 
Betty: So what about Tuesday? I have the whole afternoon free
Sebastian: Perfect! I'm really glad :)
Betty: Me too.. Nice that we'll see each other again
Summary: Sebastian and Betty haven't talked for a long time. Betty thought Sebastian doesn't want to talk to her anymore. Sebastian's coming to Paris next week. They decided to meet on Tuesday.
Dialogue: Barry: are u sure he said that?/
Garay: iam sure
Barry: hes so gonna pay for it
Garay: ...
Summary: He is going to pay Barry for saying that.
Dialogue: Jim: can you talk?
Tom: not really, call you around 6?
Jim: ok
Summary: Tom can't talk right now and will call Jim back around 6.
Dialogue: Mackenzie: hi! how is the work going?
Joey: we've just finished the first part of the presentation
Melissa: and we're quite happy with it
Mackenzie: only the first part?!
Melissa: what do you mean by ""only""?
Mackenzie: it should be ready on Friday
Melissa: it will be for sure!
Melissa: you're really a troll
Melissa: You should work as an internet troll for Russia
Mackenzie: hahaha, sorry, I believe in you!
Joey: lol
Summary: Joey and Melissa have just finished the first part of the presentation. The whole presentation should be ready by Friday. Melissa and Joey intend to keep this deadline.
Dialogue: Martin: knock knock
Nora: who's there?
Martin: you're boyfriend
Nora: oh hey :* I was thinking about you
Martin: let's meet at my flat, darling
Nora: tonight?
Martin: That's what I had in mind :)
Nora: Okay, I'll bring wine.
Summary: Martin and Nora will meet at his flat tonight. Nora will bring wine.
","[Iga and her boyfriend are not sitting together since Monday, because they had to cancel their weekend getaway. It made Iga very angry. Iga's boyfriend failed to convince a group to change the date of the presentation.]",1820,samsum,en,,35cb0314151086c1c7e25fae71ed0d94b8c6ba4fa33727c6,150,3
"Dialogue: Adam: I have a juicy gossip for you guys ;)
Borys: About whom?
Adam: So apparently, Iga planned a weekend getaway with her boyfriend, but they had to cancel because he couldn't talk his group into changing the date of the presentation :D
Katia: And she is pissed?
Adam: What do you think? That is why they aren't sitting together since Monday ;)
Katia: Who would have expected such a gossip girl from you :D
Summary: ","Dialogue: Zeynep: <file_photo>
Zeynep: what do you think?
Hazal: you look nice 
Zuleyka: depends on the occasion
Zeynep: I'm trying to pick sth for my job interview
Hazal: where are u applying for? what job position?
Zeynep: PR assistant at Jameson
Zuleyka: imho it's perfect for it
Hazal: you could braid your hair or sth but the outfit is great
Zeynep: phew
Zeynep: <file_photo>
Zeynep: like this?
Hazal: YES
Zuleyka: <file_gif>
Hazal: and tell us later on how it went!
Zeynep: sure thanks for your advice
Zuleyka: you've got this!
Hazal: <file_gif>
Summary: Zeynep is trying to pick an outfit for her job interview. Hazal and Zuleyka advise her on the outfit and the hairstyle. 
Dialogue: Clara: We haven't paid the bill yet. It's due tomorrow. I'll need you to give me 30 £ each.
Hannah: OK
Ben: I'll leave it on the kitchen table. I'm going out right now.
Clara: OK guys. I'm gonna go to the post office. Ben, can you please check the mail box?
Ben: Sure, on my way out. Btw, we need to make a copy of the keys. Just in case...
Clara: Will you have time to do that?
Ben: Not today, maybe tomorrow.
Hannah: I can do it. I have the afternoon free. Ben, leave the keys on the table.
Ben: OK!
Summary: The bill is due tomorrow, so Hannah and Ben need to give Clara 30 £ each. Hannah will make a copy of the keys in the afternoon. Ben will leave the money and the keys on the kitchen table.
Dialogue: Maya: Chris, I'll be a little late
Christina: okay I'm waiting
Maya: sorry!
Christina: no prob
Summary: Maya will be late. Christina is waiting.
Dialogue: Mary: <file_photo> new kitchen :) turned out better than expected!
Rose: Looks gorgeous. So everything is done?
Mary: No really. Still working on the guest bathroom. Have to lay tile etc.
Rose: Have you chosen and bought everything yet?
Mary: Yes, we've had it for months, just haven't got around to working on it...
Rose: And do you have to do it?
Mary: Yes... it's very dated and we're already halfway through anyway
Dan: Kitchen looks very good! Good job you two!
Mary: Thanks, Dad! we're happy too!
Dan: What's the countertop?
Mary: It's quartz. We wanted granite but this is apparently better and less porous. So we will see.
Rose: Looks very shiny. I like the back splash too but I think I would have chosen something darker.
Mary: Darker shows water spots more, apparently.
Summary: Mary shares a photo of her new kitchen with her Dad Dan and Rose. Work on Mary's new house is not finished, they are still working on the guest bathroom. She has already bought all the materials. The countertop in her kitchen is quartz. 
Dialogue: Linda: Why are Broadway tickets so damn expensive? :(((
Liz: I know right?
Barbara: It's not even the tickets themselves, but there's also all the money you'd need for the flight, some food, a hotel...
Liz: Exactly!
Linda: I don't know, even the tickets themselves are far beyond my reach. I don't even want to consider those other things.
Barbara: Thank heavens for bootlegs! :D
Linda: Yeah, but it's not the same as seeing those shows live.
Liz: Which show would you choose if you suddenly won a million dollars?
Linda: A million? I'd go see all of them :D
Liz: Okay, a thousand dollars then.
Barbara: I'd go with either Cats or Lion King.
Liz: And you, Linda?
Linda: Are you kidding me? I can't choose just one! There's the Phantom, Les Miz, Wicked, Lion King...
Barbara: What about you @Liz?
Linda: Wait, let us guess!
Barbara: Haha, yeah, I think it's pretty easy to guess.
Linda: Hamilton?
Barbara: Hamilton!
Liz: LOL, you know me so well :D
Summary: Linda, Liz and Barbara are complaining about the tickets to Broadway being so expensive. If they had lots of money Linda would see Phantom, Les Miz, Wicked, Lion King, and Liz would go to see Hamilton. Barbara'd go with either Cats or Lion King. 
Dialogue: Laura: have you guys seen Riri after the party?
Arvo: no, why?
Laura: she was supposed to drop by and she's not answering her phone
Jake: <file_photo>
Jake: she's still asleep, she came home at 8 a.m.
Laura: ok I was worried
Summary: Laura is worried about Riri because she's not answering her phone. Jake informs that Riri is sleeping.
Dialogue: Scarlett: hi there! You know whom Ive just met? You won't believe me.
Scarlett: Anna Smith, that famous actress! 
Rett: Oh wow! And what does she look like?
Scarlett: not as pretty as on tv;)
Sue: No wonder ;) they always make them look so mich better on tv!
Rett: definitely!
Scarlett: sure. And I guess she was followed by some paparazzis.
Scarlett: I felt like in a movie!
Susie: haha
Summary: Scarlett met Anna Smith, famous actress, who was followed by some paparazzis. Scarlett feelt like in a movie.
Dialogue: David: Will you be ready in about 30 min?
David: I'm leaving work now and picking up mum
Jess: Yes I'll be ready :)
Jess: I'll meet you downstairs
David: 👍
Summary: Jess will meet David downstairs in half an hour after he picks up mum on the way from work.
Dialogue: Lucille: But first I will go for another erasmus program next year hopefully.
Skyler: Hmm ok. What country ?
Lucille: Probably italy again because they offer me 10 month long staying
Skyler: Torino again ?
Lucille: Or 5 months in Malta or 5 months in Belfast. I will be choosing between those 3. Because I don't speak Spanish to go to Spain or french to go to France. Pavia this time in italy
Skyler: Oh ok
Lucille: But I would have to practice my Italian because I will have to study in this language. But no time for this because of studies
Skyler: Haha so what then? What will you do
Lucille: I don't know. I still have time
Skyler: Ok
Summary: Lucille went to Torino for her Erasmus student exchange and wants to repeat it next year. She is considering a 10-month stay in Pavia in Italy, or a 5-month stay in Malta or Belfast. She does not want to go to Spain or France.
Dialogue: Oliver: So, he starts walking without looking towards the lunch ladies.
Sid: He even tripped me over!
Victor: Yeah, saw that!
Oliver: And he started shouting and Jeannie!
Shanon: Rly? Y?
Victor: Something about that she knew, they were friends and she hadn't told him and so on.
Sid: One of the students told him to shut up.
Oliver: and then all hell broke loose.
Victor: He turned round and started yanking the student.
Sid: He was screaming and trying to defend himself, but couldn't. 
Oliver: Afk, he almost choked him.
Victor: I don't know what would have happened, hadn't Mr. Black come.
Shanon: So what happened next?
Oliver: Mr. Black grabbed him and dragged him out of the cafeteria!
Victor: He was shouting mother fucker this, mother fucker that.
Shanon: Creepy!
Oliver: You can say that again!
Shanon: Creepy!
Summary: Oliver, Sid and Victor saw him starting a fight in the cafeteria. Mr. Black came and dragged him out. 
Dialogue: David: Hey Joey, have you done breakfast yet?
Joey: No David, I was about to leave for mess.
David: Wait! take me with you
Joey: Okay! Hurry up
Summary: David and Joey will eat breakfast at the mess.
Dialogue: Sebastian: Hi, how are you?
Betty: Hi, I'm fine, thanks for asking. How are you?
Sebastian: I'm fine too… It's been a long time 
Betty: Yeah, quite a long time
Sebastian: You stopped talking to me 
Betty: Well, I wasn't sure if you want to talk to me anymore
Sebastian: Why so?
Betty: I don't know, I had such a feeling
Sebastian: After our last conversation?
Betty: Exactly.
Sebastian: Well… You know I was only supposed to come for three days
Betty: I know, but it seemed like we won't meet up again, like never…
Sebastian: But you know, if we're supposed to meet one day, we'll meet
Betty: Yeah and exactly that sounds like ""one day = never""
Sebastian: One day you also gave me an answer like that…
Betty: So now we're 1:1 :P
Sebastian: But you're happy about that?
Betty: Well… not really? But if it's like this…
Sebastian: Uh… see, I'm coming to Paris next week, would you like to meet? It'll be nice to see you again
Betty: When exactly?
Sebastian: Monday till Thursday. 
Betty: So what about Tuesday? I have the whole afternoon free
Sebastian: Perfect! I'm really glad :)
Betty: Me too.. Nice that we'll see each other again
Summary: Sebastian and Betty haven't talked for a long time. Betty thought Sebastian doesn't want to talk to her anymore. Sebastian's coming to Paris next week. They decided to meet on Tuesday.
Dialogue: Barry: are u sure he said that?/
Garay: iam sure
Barry: hes so gonna pay for it
Garay: ...
Summary: He is going to pay Barry for saying that.
Dialogue: Jim: can you talk?
Tom: not really, call you around 6?
Jim: ok
Summary: Tom can't talk right now and will call Jim back around 6.
Dialogue: Mackenzie: hi! how is the work going?
Joey: we've just finished the first part of the presentation
Melissa: and we're quite happy with it
Mackenzie: only the first part?!
Melissa: what do you mean by ""only""?
Mackenzie: it should be ready on Friday
Melissa: it will be for sure!
Melissa: you're really a troll
Melissa: You should work as an internet troll for Russia
Mackenzie: hahaha, sorry, I believe in you!
Joey: lol
Summary: Joey and Melissa have just finished the first part of the presentation. The whole presentation should be ready by Friday. Melissa and Joey intend to keep this deadline.
Dialogue: Martin: knock knock
Nora: who's there?
Martin: you're boyfriend
Nora: oh hey :* I was thinking about you
Martin: let's meet at my flat, darling
Nora: tonight?
Martin: That's what I had in mind :)
Nora: Okay, I'll bring wine.
Summary: Martin and Nora will meet at his flat tonight. Nora will bring wine.
","[Iga and her boyfriend are not sitting together since Monday, because they had to cancel their weekend getaway. It made Iga very angry. Iga's boyfriend failed to convince a group to change the date of the presentation.]",1820,samsum,en,,35cb0314151086c1c7e25fae71ed0d94b8c6ba4fa33727c6,150,4
"Dialogue: Oscar: A coffee at Tristano's?
Payne: Why not. in 15 mins?
Oscar: let's make it half an hour ok?
Payne: great, i'll be there
Oscar: see you there
Summary: ","Dialogue: Andrew: Hello Janny, is it still convenient for us to come and check your gas meter at 2.45 today?
Janny: Hi Andrew, that's fine. 
Andrew: Thank you, we will see you then
Summary: Andrew will come to Janny to check her gas meter at 2.45 today.
Dialogue: Vicky: Can I ask a really big favour?
Grant: Sure.
Vicky: Can I borrow 50 bucks until the end of the month? Please, please... 
Grant: Is that on top of the other other couple of 50s you borrowed this month?
Grant: Happy to lend it to you as long as you pay it ALL back by the end of the month.
Vicky: I will. I promise.
Grant: Cross your heart and hope to die? ;-)
Vicky: Of course. LOL
Vicky: It's just that things have been really unsteady at work and I'm still waiting on all the invoices to be paid.
Grant: You need better clients hun!
Vicky: If I could ditch all the ones I currently have I would... but money and all that. LOL
Grant: What good are clients that don't pay?
Vicky: You're right but what can I do. Is what is.
Summary: Grant will lend Vicky 50 dollars. She will reyurn it by the end of the month.
Dialogue: Rosalie: Hey Mark 🙂
Rosalie: Can you help me?
Mark: Hi Rosie 🙂
Mark: Sure whatsup?
Rosalie: I am trying to find a new phone
Rosalie: I know you're an expert
Rosalie: Any models that you would reccomend?
Mark: Team Apple or Android?
Rosalie: Android forever haha
Rosalie: And don't worry about the price
Mark: In that case I recommend to look at Huawei Mate 20 or Samsung Galaxy Note 9
Rosalie: Thanks. I trust you on that 🙂
Mark: You should 🙂
Rosalie: Gotta go pick one 😄
Mark: No prob 🙂
Summary: Rosalie is going to buy a new Android phone.
Dialogue: Jackie: <file_photo>
Marisol:  omg congrats!
Carlita: :O
Eunica: I'm so happy for you1
Carlita: <file_gif>
Marisol: how did he propose?
Eunica: when will u get married?
Jackie: when we were walking in a park he dropped on his knee next to this fountain in the Central Park
Marisol: *o*
Carlita: how sweet
Jackie: he told me he wants to share everything what's beautiful with me 
Marisol: awwww
Jackie: he must have carried that ring for a while because I remember him complaining about the weather lately :D
Marisol: it's so sweet he had been waiting
Jackie: we don't know yet when we'll get married but you are all invited ofc
Carlita: PLEASE don't pick June, I'll be in Canada then
Eunica: I hate weddings but I'll make an exception
Marisol: can't wait!
Summary: Jackie got engaged in Central Park. Marisol, Carlita, Eunica are excited. Jackie doesn't know the date yet but they are all invited. 
Dialogue: Kyle: Ever seen that before?
Sarah: No!
Kyle: Hope I don't again either!
Sarah: Me neither!
Summary: Neither Kyle nor Sarah have seen that before. They don't wish to see it again. 
Dialogue: Rachel: Hi Dad, what time is Pete and Sylve coming over?
Dad: They said about 11, why?
Rachel: well they were going to come and have a cuppa with me but I am thinking I may as well drive over to yours and save them a journey
Dad: you could do darling
Rachel: I dont have too much to do this afternoon and I do need to go shopping so I will come over to yours and see them and then go shopping on the way home
Dad: sounds like a plan!
Rachel: yes I will see you after 12 then xxx
Dad: ok xxx
Summary: Pete and Sylve are coming to Dad's place at 11. Rachel decides to change her plans for meeting them and drive over to Dad to see them there after 12. Rachel will go shopping on  the way home.
Dialogue: Andres: Hey
Mila: Hey let's chat in a bit kinda busy now
Andres: Ok
Summary: Andres wants to chat, but Mila is busy now.
Dialogue: Alek: bro, I like going to the gym with you. It's like highlight of the day <3
Krzysztof: bro 
Krzysztof: this is the nicest thing any gym bro told me. Let's do some chest and biceps together tomorrow evening, are you fine?
Alek: chest and biceps are my favorite (＾ｕ＾)
Krzysztof: dude, you're nice but kinda creepy though
Alek: come on, just wanted to be nice
Krzysztof: all right, so we're cool
Alek: so maybe we could do glutes too?
Summary: Krzysztof and Alek are going to go to the gym together tomorrow evening.
Dialogue: Tom: Who wants to come with me to Boston in December?
Tom: A friend of mine left for a month and said I can stay at his place with whoever I want.
Carmen: Amazing! When exactly?
Dorothy: I love Boston! I'm in!
Peter: If it's the end of December I can join as well
Tom: 15 of Dec till 15 of Jan.
Peter: So maybe New Year's Eve in Boston?
Carmen: How many people could you take?
Tom: it's a huge house, I think up to 5-6 would be still fine.
Peter: So let's organise it, because we're so amazingly flexible, some people can come earlier, some later
Tom: yup! I will reside there the whole month probably, taking care of the place and working from home
Tom: So, guys, just let me know exact dates when you can come and I will make a schedule 
Carmen: Wow! I'm so excited! 
Tom: Is anybody else interested?
Laura: I think I am!
Grace: Count me in!
Toby: I would love to, but we're going to Barbados with Lore 
Carmen: Fuck you Toby! you never work! travelling all the time. I'm so envious 
Toby: But it's my work as you know.
Toby: Traveling is my lifestyle 😜
Tom: We should just ban you, Toby, you're a troll with your amazing lifestyle
Toby: Sorry guys! 🤴 Enjoy your snowy Massachusetts 😜
Dorothy: Hahahah, I love you subtle trolling Toby. Carmen was already ecstatic and then you entered with Barbados 😂
Carmen: I'm still excited!
Summary: Tom will take care of his friends' place in Boston in December. Dorothy, Peter, Carmen, Laura and Grace will join him and they will spend New Year's Eve there. Toby can't come because he is going to Barbados with Lore, which makes others a bit envious. 
Dialogue: Lemar: Khabib is such a smasher dude!
Memphis: yeah man, everyone was shocked
Lemar: yeah, even my dad
Memphis: Haha, me too
Lemar: McGregor was totally beaten
Memphis: terrorized, shaken and knocked into submission
Lemar: that was history
Memphis: Putin must be really happy with Khabib..haha
Lemar: Man, bt poor McGregor
Memphis: haha, his stamina was off
Lemar: yeah
Memphis: that he needs to improve
Lemar: i totally agree
Memphis: but outside brawl that occured was so dope
Lemar: khabib poked Mc's trainer
Memphis: haha, yeah
Lemar: then he dashed out flying
Memphis: haha, so dope and crazy
Lemar: haha
Memphis: later dude
Summary: Khabib has beaten McGregor. Khabib's trainer poked McGregor's trainer, which resulted in a brawl.
Dialogue: Carla: Joanna here are my details that you requested
Carla: It's Anglo street, no 54, Hammersmith, W614, London
Joanna: Ok Carla
Joanna: I have been searching our database this morning for the item 
Joanna: However nothing has arrived yet
Joanna: Can you give me a couple of more days and I'll speak to my manager?
Carla: Ok, I'll wait
Carla: It's a very important package, so I hope you will be able to find it..
Joanna: Yes I have added it to our priority list
Joanna: Don't worry, I'll do my best
Carla: Thank you
Carla: I was given another code, do you want this?
Joanna: Yes please
Carla: IYREBH777
Joanna: Great
Joanna: I'll get back to you asap!
Carla: Thanks again Joanna
Summary: Carla is waiting for an important package. Joanna helps Carla locate it. Carla provided Joanna her address information and a code.
Dialogue: Connor: What are you doing tomorrow?
Rachel: I was going to stay at home.
Connor: Do you want to go swimming with us?
Rachel: Where?
Connor: The big lake near the mountains.
Rachel: Isn't that dar away?
Connor: About an hour's drive. We're thinking of staying the weekend, tough.
Rachel: Who's going?
Connor: Everyone is in.
Rachel: OK, cool. Count me in as well.
Connor: Awesome! Do you have a tent?
Rachel: Yes, a big one. It fits six people, easy. I also have a portable barbecue I can bring.
Connor: Great, I'll go check on everyone else and then I'll text you.
Rachel: OK.
Connor: I think I'm going to create a group chat. It's easier that way.
Summary: Rachel, Connor and others are going for a weekend away by the lake in the mountains. Rachel is bringing a six people tent and portable barbecue.
Dialogue: Alice: Hey, what do u think of this offer? <file_other>
Mark: Y?
Alice: My mobile plan is coming to an end and need to find a new one.
Mark: Well, this doesn't sound too bad. What about this one? <file_other>
Alice: That's also nice, but I don't want to change my network.
Mark: But u can benefit a lot!
Summary: Alice's mobile plan is coming to an end and she's looking for a new one. She doesn't want to change her network.
Dialogue: Evan: Jonny
Jonny: Ye?
Evan: Watching Netflix?
Jonny: Nope, why?
Evan: Time to change it
Jonny: Mhm. Carry on
Evan: I'm testing Netflix Ultra, it costs 70PLN a month.
Evan: But I'm sharing costs with friends. So far we created three profiles, do you want to have your account?
Jonny: Let me ask my girl
Jonny: Brb
Evan: Sure
Jonny: She's excited, let's do it!
Evan: Great, you'll have all the details on email.
Jonny: Thanks dude. Hope it's worth it.
Evan: Trust me, it is!
Summary: Evan is trying out Netflix Ultra at 70 PLN a month. Jonny and his girlfriend will chip in.
Dialogue: Caroline: Jake still hasn't proposed to me
Caroline: But I keep seeing sponsored ads of engagement rings and jewellery stores on my social media feeds
Judy: Well. Maybe it wasn't the case yet.
Judy: I have to remind you that you've just crashed his car and he needs to spend money on it
Caroline: :(
Caroline: Please. I already feel bad about it.
Caroline: No reminder needed.
Judy: Oh come on. 
Judy: I didn't mean it that way.
Judy: I'm just saying he doesn't have a proper job yet and he doesn't have that kind of money to spend yet.
Judy: Everything comes in a proper moment
Caroline: I know I know
Caroline: It's just these ads are bothering me
Caroline: And everybody are getting engaged recently
Judy: Calm down. You have nothing to worry about. He will propose to you eventually. He loves you so much he could kill the entire world to be with you.
Caroline: Thanks.
Summary: Jake didn't propose to Caroline yet, which makes her unhappy. He doesn't have a proper job and Caroline crashed his car, so he needs to spend money on that. He will propose eventually because he loves her.
",[Payne and Oscar will have a coffee at Tristano's in half an hour.],1909,samsum,en,,158b7db2e111643f66315da64d8459f61ad6dd62f5f24c2c,155,3
"Dialogue: Eric: Hey Bella, What happened today in boss's room?? Was he angry??
Bella: NO NO!!! He wasn't angry at all.. He actually appreciated on our brave deccision to dismiss the request of client..
Eric: REALLY!! He appreciated this decision..
Bella: Yeah he really did.. I too was astounded by his reaction...
Eric: What could possibly lead to this?? I mean , they were potential clients...
Bella: What he told me was that he was looking forward to bring in new clients which were our current client's competitor..
Eric: Oh that could possibly be the reason.Well anyways you got appreciation xD congo	
Bella: hahaha Blessing in disguise xD
Summary: ","Dialogue: Eva: u home?
Darren: yeah
Eva: Wanna grab sth to eat?
Darren: Sure, where?
Eva: I'll pick u up in 15 min
Darren: ok, see u
Summary: Eva is picking Darren up in 15 min to grab something to eat.
Dialogue: Stanley: Have you ever tried parachuting?
Tim: No, why?
Stanley: Oh, nothing. I thought you did.
Tim: Nope. It's not for me.
Summary: Tim has never tried parachuting.
Dialogue: Nina: Where are you?
Tim: in the main room
Alice: me too, come and join us
Nina: ok!
Summary: Nina will join Tim and Alice in the main room.
Dialogue: Andy: Does anyone have a spare lego ice cream van?
Joe: Bit random?
Andy: I know but it for my sons collection. He is obsessed and he has it in his mind that the only thing completing his collection would be an ice cream van. 
Bob: I have a spare Pizza truck? double Christmas present, unopened. would that do?
Andy: I'm not sure but I'll ask.
Joe: maybe you can put some stickers on and convince him that pizza vans sell ice cream?
Bob: Not a bad idea!
Andy: I'll go for it, how much do you want for it?
Bob: £10?
Andy: perfect! thanks! 
Summary: Andy is looking for a lego ice cream van. Bob has a spare Pizza truck. Andy will buy it from Bob for £10.
Dialogue: Jordan: Any idea how we’re getting to the festiwal? By car, plane or train? Let me know all.
Amy: I’m all in for the train. It’s really quick and good value for money. And it doesn’t involve losing time in traffic :)
Peter: Yeah, but I guess there’s gonna be some luggage to be carried from the station. Will we manage?
Andy: Haha, I’m the strongest man on Earth, I’m carrying the whole world on my shoulders ;). I thought of a car, but I think train will suffice.
Jordan: Haha, who let this dude join our trip ;) ? So we’re all good on taking the train?
Patrice: Hey, what about me? Did you forget me?
Amy: No, we were just waiting for everyone to express their opinion Pat :) Are you okay with the aggreements?
Patrice: I guess, but I’m not sitting next to Andy haha!
Andy: The whole world hates me… How did I deserve that :(?
Amy: Right Andy, I’ll sit with you. Jordan, I guess we’re all set. Would you book the tickets?
Jordan: Perfect, appreciate your organisational skills ;). So 5 tickets it is. We’re leaving at 9am, don’t come late! 
Patrice: So great! Can’t wait folks! Xoxo
Amy: Me too <3
Summary: Jordan, Amy, Andy, Peter and Patrice will take a train to get to the festival, and Jordan will book five tickets for the train at 9 am. 
Dialogue: Sebastian: She wrote back!
Dave: Hahahaha, Janet?
Sebastian: Yes :) She wrote that she's sorry for not replying for my messages, but she's been abroad.
Dave: Hm... and that's it?
Sebastian: No, we've talked a little
Dave: And? How's she?
Sebastian: I think she's cool, we talked a bit about jobs, cinema, etc.
Dave: When are you going to meet?
Sebastian: Hasn't asked her out yet...
Dave: Dude, what are you waiting for?
Dave: Is she hot?
Sebastian: Oh yeah
Dave: Wait a bit longer until she's gone, great plan :P
Sebastian: But where should I take her?
Dave: Just go for a drink, don't make it too fancy
Summary: Sebastian likes Janet. She wrote him after a while. Dave suggests Sebastian asks her out before she is taken by someone else.
Dialogue: Jayda: How good of a dancer are you?
Rowan: I have never danced :/
Jayda: damn :/
Rowan: Why are you asking?
Jayda: I need a partner for prom night 
Rowan: I would manage some one dont worry
Jayda: K :)
Summary: Jayda needs a partner for prom night, but Rowan can't dance.
Dialogue: Morgan: Don't forget about the meeting
Abby: How can I forget when you keep talking about it every 10 minutes
Morgan: You know that it is important to me
Abby: I know
Abby: Don't worry I'll be there
Morgan: Thank you
Summary: Morgan and Abby will attend an important meeting.
Dialogue: Eva: i have nothing to wear
Grace: as always
Eva: but today i MUST look gorgeous
Grace: as always
Eva: but today im going out with Tom
Grace: Tom Morgan?
Eva: of course, Tom Hotty Morgan
Grace: restaurant?
Eva: yes, La Donna Pasticella 
Grace: so maybe this red dress?
Eva: too long
Grace: hmm, this orange is shorter
Eva: i will look like Orange tree, with my green hair
Grace: black is too obvious
Eva: black is always a good idea ;)
Summary: Eva is going out with Tom Morgan and she wants to look gorgeous. They are going to La Donna Pasticella restaurant. Grace suggests a red or orange dress but Eva prefers a black one.
Dialogue: Gloria: Hi Tony, meant to ask you about it for some time now. Will a possible Brexit affect your business?
Tony: In Britain the farce of Brexit looms over everything all day every day. It's going to affect us all in a most adverse manner. No doubt about it.
Gloria: I'll never understand why so many voted for it.
Tony: Nor will I. It is hard to believe that as a nation we have been so stupid as to vote to leave the EU. Utter and sheer short-sightedness.
Tony: When the French protest against their government, they do it on the streets with their Gilets Jaunes. We do protest votes against the government. I’m not sure which nation has developed the more stupid way to object to our government!
Gloria: But will you in your printing business be affected?
Tony: Dunno yet. Actually I've had very few commissions from abroad, so not directly. But we are all going to have less money in our pockets. So there'll be less interest in fancy printed matter.
Tony: But that will affect my holiday plans! And I hate that! The whole nonsense of exchanging money leaves me sick. I've always been out of pocket, no matter whether in Austria or France. And now with the pound going down the drain...
Gloria: We are hardly meeting any British tourists in Mexico now. One couple in Campeche the other day but they said they're attending a convention or sth.
Tony: That's what I mean. We'll be stewing in our own splendidly isolated sauce again.
Gloria: Don't worry. You can always visit us in Austria paying your pounds which we will then spend visiting you in England.
Tony: That's a good plan. But how about me visiting France or Spain??? Any family or friends there?
Gloria: Do you think the second referendum is an option?
Tony: Definitely. Those morons voted ""for"" out of ignorance, out of sheer lack of knowledge and understanding. Common awareness of economic and political consequences of Brexit has made a quantum jump in this country as late as in the last few months.
Tony: And if you ask me, the Irish border issue cannot be solved thru' any diplomatic channels. It either stays open, the way it is now, or we have a new armed conflict with no prospect of being settled.
Gloria: Hasn't it started yet?
Tony: Yes. I fear the worst.
Gloria: Oh Tony... So wretched....
Summary: Tony's business will be affected by Brexit and both her and Gloria will never understand why people voted for it. It will also affect Tony's holiday plans. Gloria can hardly meet any British tourists in Mexico. Tony thinks the second referendum is an option.
Dialogue: Colin: I think the modern world is unhealthy, we’re not supposed to live like this. It used to be that someone was either alone or had real engagement with other people. But now you have neither
Kellie: Interesting. Why?
Colin: You’re never really alone because of phones, facebook, instagram, etc.
Kellie: Well, I agree. People don’t engage with others in the same way. 
Colin: I believe that we’re not as good at forming close bonds because of social media. 
Kellie: Can you imagine that people call it ‘progress’?
Summary: Colin and Kellie agree that human relations and abilities to form close bonds with others have deteriorated because of social media.
Dialogue: Mick: guys where are you
Damon: eeeee where are you? xDD we're at the pub
Mick: which pub
Tim: devil's face
Time: hurry up
Mick: ok coming
Summary: Mick is joining Damon and Tim in the Devil's Face pub. 
Dialogue: Anna: I'm so sorry Tobi for the situation
Tobi: c'mon, it's not your fault
Anna: But I saw how stressful it was for you
Jeff: what happened?
Leland: sounds serious
Anna: We were stopped at the border, we couldn't enter Pakistan
Leland: why? i've done this trip many times
Anna: Pakistan doesn't recognise Armenia, as the only state in the world apparently
Anna: and Tobi has an Arminian passport, so they didn't allow him in
Anna: and we didn't understand what it was about
Tobi: my boss didn't answer phone calls and we were supposed to have a business meeting in Islamabad
Anna: so I had to continue to Islamabad and Tobi returned to Ahmedabad
Leland: a very strange story, I'm sorry Tobi for that
Tobi: no problem, after all I had an extra free day and it was not my fault :P
Leland: hehe
Summary: Tobi couldn't cross the Pakistani border on Armenian passport. Anna could continue the business trip to Islamabad. Their boss didn't answer the phone to confirm, so Tobi had to go back to Ahmedabad.
",[Bella and Eric dismissed a request of a client. Their boss appreciated the decision. He brings in new clients.],1734,samsum,en,,100d6b1317c0e92000461be559a341f8b821838f88b7cc35,98,5
"Dialogue: Will: hey babe, what do you want for dinner tonight?
Emma:  gah, don't even worry about it tonight
Will: what do you mean? everything ok?
Emma: not really, but it's ok, don't worry about cooking though, I'm not hungry
Will: Well what time will you be home?
Emma: soon, hopefully
Will: you sure? Maybe you want me to pick you up?
Emma: no no it's alright. I'll be home soon, i'll tell you when I get home. 
Will: Alright, love you. 
Emma: love you too. 
Summary: ","Dialogue: Jess: Daniel, you're kind of past the point when it's ""you broke up with a girl, it's okay to be sad"" and went straight into pathetic
Daniel: :(
Jess: Fuck it, we're going out this weekend
Daniel: can I go out in my pyjamas?
Jess: you sleep in pyjamas?
Daniel: yes.
Daniel: she gave them to me
Daniel: she was an angel
Jess: Daniel, she was a selfish chick who dumped you the minute she spotted someone with more money
Daniel: :(
Jess: stop stop stop
Jess: there's plenty of fish in the sea
Daniel: you think?
Jess: I KNOW
Jess: <file_photo>
Jess: come on you like boobs, right?
Jess: <file_photo>
Daniel: I do like boobs
Daniel: I like the second ones better
Jess: See? You can appreciate boobs. You're one step away from recovering
Daniel: I liked her boobs.
Jess: ...............
Summary: Daniel's ex-girlfriend broke up with him. Daniel is still depressed and in love with her. Jess wants to cheer Daniel up and take him out this weekend. 
Dialogue: Tommy: Jack, how are you doing? Are you going with us to Florence?
Jack: not amazing, being honest
Jack: I think I'll skip it
Alice: c'mon, is it still about the car?
Jack: yes, first the robbery, then the car
Jack: I'm quite depressed
Micky: but it's only money, after all
Jack: I think you can afford to say that when you have them
Jack: I really hoped to fix my life finally with this little savings that I made
Jack: and then these blows one after another
Jack: I can't stand it anymore
Jack: it almost doesn't make sense to even try
Tommy: you can't give up
Tommy: if you need any help, just let me know
Summary: Jack won't go to Florence with Tommy, Micky and Alice because of the financial problems. He was robbed and he had problems with his car, which made him depressed.
Dialogue: Norman: Hello. Are you open tonight?
Mr. Blackwell: Hello. Yes, we are. 
Norman: Great! Can I make a reservation?
Mr. Blackwell: Of course. What time would be suitable for you?
Norman: 7:30.
Mr. Blackwell: Very well. And can I take your name?
Norman: Norman Jackson.
Mr. Blackwell: Certainly. A table for two?
Norman: As a matter of fact, for 4.
Mr. Blackwell: Of course. Any preferences for your seating?
Norman: By the window if that's possible.
Mr. Blackwell: Certainly. I've reserved a table for 4 for 7:30 by the window.
Summary: Norman is booking a table for 4 for 7:30 by the window.
Dialogue: Thomas: well i hope you have some success :)
Thomas: I bought a car on Wednesday! :)
Geoff: you did what?
Geoff: like real one?
Geoff: for use in Ireland?
Geoff: why would you do that?
Thomas: just seemed like a good idea at the time
Thomas: 2004 Ford Focus 1.4
Thomas: I feel like driving and I need to get my licence and everything and get practice so that if I want a job where I can work on call like in service desk on-call role then I don't have any issues with doing that
Geoff: oh well
Geoff: why not - on plus side - that car will work in UK as good as it works in Ireland
Thomas: haha yeah I can take it to the UK and having driving licence will be helpful in future
Thomas: anyway I'm going to bed, work tomorrow. nice to chat, speak soon xoxoxoxoxoxox
Geoff: nn sweet prince
Summary: Thomas bought a 2004 Ford Focus 1.4 on Wednesday. He needs to get his licence and some practice to be able to work in service desk on-call role. The car works in the UK and in Ireland as well. 
Dialogue: Lucy: Its been too late, get back to home right now :/
Ian: I am on the way to home
Lucy: Hurry up!
Summary: Ian is on his way back home. Lucy hurries him up.
Dialogue: Brian: Scarlett, how are you today?
Scarlett: Better. Thanks.
Scarlett: I’m sorry I left you guys yesterday. 
Sophie: It’s ok. We're glad you’re feeling better.
Summary: Scarlett left Brian and Sophie yesterday. She is getting better today.
Dialogue: Lucy: What's an eight tract tape?
Arlo: A what?
Lucy: An eight tract tape! 
Lucy: Spotify keeps talking about it.
Arlo: Well, let me google that for you...
Lucy: Smartass...
Arlo: Well!
Arlo: It is exactly what it says. A cassette with a tape in it that has music recorded to eight tracks.
Lucy: Weird.
Arlo: They were popular in the 70's but replaced by cassette tapes.
Lucy: What's that?
Arlo: You are such a baby!
Lucy: Sorry!
Arlo: Another, smaller tape style way to listen to music.
Lucy: Oh. So they were sticky?
Arlo: No! God!
Arlo: <file_other>
Lucy: Oh, weird! You had to rewind?
Arlo: Yep.
Lucy: Much better now!
Arlo: Maybe... I miss the art and actually holding the music in your hand, but whatevs.
Arlo: And miss listening to a whole album, as intended.
Lucy: Mkay...whatever! 
Summary: Arlo googled what an 'eight-track tape' is. 
Dialogue: Tom: are you working in Tamgaly now?
Kai: yes, we are
Tom: and how is it?
Conor: just amazing, about 5000 petroglyphs
Tom: when were they discovered?
Emily: 1957 by an archeologist
Emily: but it's an amazing experience to work here with this Kazakh team
Conor: they're very friendly and hospitable
Conor: pity you didn't come with us
Tom: I know
Conor: how is your health?
Tom: better, I can stand again without any help :)
Emily: great!
Tom: I'm very happy
Tom: so we are!
Summary: Kai, Conor and Emily are working in Tamgaly with Kazakh team. There are about 5000 petroglyphs discovered by archeologist in 1957.
Dialogue: Ada: Hey, do you think you will be able to work on the report today?
Harmonie: Hey Ada! yes sure
Harmonie: I'll just finish the work on the file that Cynthia gave me
Ada: Ok no problem 
Ada: When you are ready let me know :)
Harmonie: 👍
Summary: Harmonie will work on the report for Ada today, after she finishes working on the file from Cynthia.
Dialogue: Zack: are you sure the exam is next week?
Theo: pretty sure, why?
Zack: I don't know
Zack: I was under the impression that our professor is on leave until the end of the month
Theo: maybe someone else will do it
Theo: I don't think they need him for a written exam
Zack: you might be right
Zack: but that means that we don't have much time left to study for it
Theo: don't worry
Theo: from what I heard it's not that difficult
Zack: who told you that?
Theo: my sister's friend took it last year
Theo: and she claims it was one of the easiest one
Zack: maybe for her
Zack: I'm still not confident about it
Theo: we'll see
Theo: there's no point in speculating
Theo: or worrying in advance
Summary: Zack and Theo are taking the exam next week.
Dialogue: Alan: I have reached the age I can't remember my password! 
Harry: getting older mate.. get used to it!
Alan: i used to be good at remembering
Nancy: join the club darling! haha!
Greg: consider 1 2 3 4 
Alan: not working!
Greg: date of birth?
Alan: not working either!
Summary: Alan has forgotten his password.
",[Emma will be home soon and she will let Will know.],1322,samsum,en,,4d088d03f6793851554a7cc0da295d3039bb246c521eaa39,129,2
"Dialogue: Maddie: I'm in Asda, do you need anything?
John: could do with a white bread and some apples 
Maddie: ok. Gala?
John: yes please ta
Summary: ","Dialogue: Pete: Did you let the cat out?!!!
Jane: Yes. Why?
Pete: You weren't supposed to let him out. He's injured and under house arrest. That's is not good enough. I thought that you're responsible! Grrrr!
Summary: Jane let the cat out. Pete is very angry.
Dialogue: Noah: <photo_file>
Noah: Just bought them
Jeremy: Nice shoes
Andy: How much?
Noah: $100
Andy: I saw them cheaper online
Noah: :-(
Summary: Noah bought shoes for $100. Andy saw them cheaper online.
Dialogue: Lily: I wanted to thank you
Martin: For what?
Lily: I've watched the series you recommended me
Martin: Please tell me which one you mean cause I forgot
Lily: La casa de papel
Martin: Oh yes now I remember
Martin: I liked it too
Lily: It's awesome!!
Martin: I have some good news for you 
Lily: Tell me 
Martin: In Februrary will come a new season out
Lily: OMG! That is amazing
Martin: I know I'm excited too
Lily: I don't know how I will stand waiting that long for it
Martin: We could watch the new season togheter when it's out
Lily: That's a great idea!
Summary: Lily loved the series La casa de papel recommended to her by Martin. A new season is coming out in February. They will watch it together.
Dialogue: Steve: Hi Xav,  whats up?
Xav: Steve? What a surprise!
Steve: Time flies. How are you?
Xav: Very well, thanks 🙂 and you?
Steve: Feeling good 🙂
Steve: I talked with Beatrice and she told me you two met some time ago 🙂
Xav: True, we did, last weekend.
Xav: We talked about the old days. 😀
Xav: We should do the same!
Steve: Sure, I meant to ask you 😀
Xav: No worries, I'm in Poland for another two weeks
Steve: Cool
Steve: I'm free this Thursday and Friday. Not sure about next week.
Xav: Sure, I'll get back to you! 
Steve: No prob
Summary: Steve talked about Xav with Beatrice and wants to meet him. Xav is staying in Poland for 2 more weeks. He is free to meet Steve on Thursday or Friday.
Dialogue: David: Hey, may I have one delicate question?
May: Oh hi!
May: Of course you can, shoot
David: How was your flight to Japan?
May: Great, why are you asking?
David: I'd like to go to the US, but the flight's so long and I'm kind of afraid of flying
David: Mike told me that you're as well so I thought I may ask you for some advice how to survive a long flight. I was reading different articles online, but I'd rather talk with someone I know
May: Sure thing! Well, the flight was amazing, I was really scared before, but then it was really all right. The plane was big, there was a huge variety of films and even games and ebooks.
David: How long was the flight?
May: To Tokyo 9 hours and 11 on our way back.
David: Whoah, that's long...
May: I know, but I really didn't notice when we landed. It was worse on the way back, because you know I wasn't so excited to go back and it was slightly longer
May: I watched like three films, slept a little, had dinner and there we were. If you're really scared you can always take some calming pills, they always help me
David: Which ones are you taking?
May: I always stick to the natural ones with valerian, I buy different ones, it doesn't matter as long as they're natural. I wouldn't take something strong or chemical
David: Ok, thank you so much May!
May: No problem, enjoy your trip and send me some pictures ;)
Summary: David wants to go to the US, but he's afraid of flying. May tells him about her journey to Japan. She gives David some tips how to survive a long flight.
Dialogue: Dory: my friend have a concert next week
Dory: little performance in a pub
Dory: wanna come:
Sonia: when exactly?
Dory: Friday at 8
Sonia: ok, I'm free
Dory: Great :)
Summary: Dory and Sonia are going to a small concert next Friday at 8.
Dialogue: Paul: Lee, Raul, have you seen the new game book?
Lee: Nope
Raul: Is there one out yet?
Paul: Seems so
Paul: I haven't got it yet
Lee: What about John? 
Lee: He may know
Raul: Ok, I'll ask him if it has been released
Paul: Thanks
Paul: and get one for me, plz
Raul: okay
Paul: Are we still on tonight?
Lee: Yeah
Raul: What time?
Paul: As usual
Lee: OK. Can I bring Jim?
Raul: Sure
Paul: We need four anyway
Lee: ok
Lee: C U
Summary: There is probably a new game book. Lee, Raul and Paul don't have it yet. They are meeting tonight. Lee will bring Jim.
Dialogue: Nikki: Hi Jaz, how's it going?
Jaz: Hi Nik, yeah, great, kids have gone to bed and we're just chilling out with a box set binge.
Nikki: Quality time, eh?! What's on?
Jaz: We're getting stuck into Season 3 of the Last Kingdom. Excellent stuff!
Nikki: Oh, right. Don't know that one, what's it about?
Jaz: Its about the Dark Ages when the Danes ie. Vikings, invaded Britain.
Nikki: Sound a bit dry and historical!
Jaz: Not at all! It's really exciting! The main guy in it, Utread, is really fit and it's full of sex and violence!
Nikki: Oh really? Bit bloodthirsty, eh, not sure if it's my kind of thing.
Jaz: That's what I thought too, but it's got other bits with King Alfred and the Saxons and lots of family feuds and things. And, did I mention the hot men in it!
Nikki: I think so!
Jaz: There's a couple of hunky Viking brothers, Sven and Erik, they are quite good looking, they wear lots of eyeliner and have complicated hairstyles. There a bit like an evil version of Jedward!
Nikki: 🤣 Well, now I AM intrigued!
Jaz: Anyway, better get back to it, as hubby has paused the telly. See you in work. In tomorrow?
Nikki: Nah! Got a couple of days off.
Jaz: You jammy cow! Anyway, I'll think of you on the weekend when I'm having a lie-in!
Nikki: See you, Jaz.
Summary: Jaz is watching the Last Kingdom with her husband. Jaz won't see Nikki at work as she's off for a couple of days.
Dialogue: Anna: I hate you
Maggie: Oh come on, stop it
Anna: I really HATE you!
Maggie: Jeez
Anna: You ruined everything!!!
Maggie: Just because I bought the same pair of shoes you did? Don't be stereotypically ridiculous, Annie
Summary: Maggie bought the same pair of shoes as Anna. Anna is mad at her.
Dialogue: Ben: Good morning, darling!
Portia: Good morning! How did you sleep?
Ben: Pretty good; you?
Portia: Not bad. Up once or twice.
Ben: Ah. Okay.
Summary: Ben slept very well. Portia woke up once or twice.
",[Maddie will buy a white bread and apples on John's request.],1198,samsum,en,,077ec45959026d33279e561faf3d40eef364d84359adf349,194,4
"Dialogue: Jamilla: remember that the audition starts at 7.30 P.M.
Kiki: which station?
Jamilla: Antena 3
Yoyo: roger that
Summary: ","Dialogue: Mary: Which islands would you recommend in the Azores?
Tim: Flores is the most beautiful, but quite remote 
Tomas: All of them are beautiful
Jenny: Terceira is nice, because the main town there is very cute
Mary: thanks :)
Summary: Tim thinks Flores is the most beautiful island in Azores. Jenny recommends Terceira. Tomas thinks all the Azores islands are beautiful.
Dialogue: Bernie: You there?
Lisa: I sure am. What's up?
Bernie: Just checking. Have fun!
Lisa: I intend to!
Summary: Bernie checks on Lisa.
Dialogue: Taylor: John 
Josh: John 
John: what what
Josh: Why you're not in class? 
Taylor: She's taking attendance
Josh: I am here
Taylor: Where? 
Josh: The other end of the class xd
Summary: Taylor and Josh are worried that John is absent. In fact, John is sitting in the other end of the classroom.
Dialogue: Alex: Hey, ciao!
Alex: You're there?
Layla: Sorry, I'm busy at the moment.
Alex: No problem!
Layla: Hey, hey, now I'm free, sorry got loads of papers to review. What's up?
Alex: Same here. I wish I could be somewhere else. In the end you can read papers anywhere in the world.
Layla: I know what you mean. I'm so fed up with this weather.
Alex: Wait, let me just check one thing.
Layla: OK
Alex: There is a cheap flight to Athens, what do you think?
Layla: How cheap?
Alex: 120 £ return ticket. Friday to Tuesday. Are you up for this?
Layla: You know you're crazy!
Alex: Come on, you said you didn't have plans for the weekend.
Layla: Well, that's true.
Alex: Come on! We can work in a bar and have walks in the afternoon. Besides, it's low season so it's we're not gonna spend much.
Layla: Well, I don't know, what about the accommodation?
Alex: Wait, I'll check on Booking.com.... Well, it's super cheap! 40 euro per night, quite close to the centre.
Layla: What's the name of the place?
Alex: Psyri hotel.
Layla: Let me check it.
Alex: And you know what, now it's 20 degrees!
Layla: Well, the place looks nice and cozy...
Alex: Are you in?
Layla: Okay, okay - I'll book the hotel and you the tickets, alright?
Alex: Great, I'm so excited!
Summary: Alexa and Layla are going to Athens for the weekend. Alex found a cheap flight Friday to Tuesday and Layla'll book a hotel on Booking. They'll work in a bar and then sightsee.
Dialogue: Tom: How are you today?
Jenny: I'm fine, already at the office
Mia: Me too!
Tom: Great, I was afraid it could be difficult after last night
Summary: Jenny and Mia are feeling fine after last night.
Dialogue: Mia: 8pm in front of the church?
John: I won't manage that. 8.30?
Mia: ok! 
John: good, see you there
Mia: see you
Summary: Mia and John will meet at 8:30 PM in front of the church.
Dialogue: Hannah: Hello, how many spares do you have? Tbh I'd need a few. I don't have anything in exchange sadly, but I could just pay :) :) :)
Kate: I have one to give away, peace lilly. It is easy to split up. You can make 3 out of one easily, they grow fast. I don't need anything in exchange.
Hannah: Aaww... that's sweet thank you
Hannah: How can I get it? Where and when would be themost suitable?
Kate: green street 15. I'm on maternal, at home, so it is fine anytime.
Hannah: Is the plant in the pot already? I think I live pretty close - Grand Square
Kate: yeah, it's in a plastic pot
Hannah: (Y)
Hannah: Could I come tomorrow at around 12:00?
Kate: Sure, it's fine.
Hannah: I will write to you :D
Hannah: Hi, im a bit delayed, I will be in an hour
Kate: OK
Hannah: is it just 15, or A B C?
Kate: just 15 next to the Green Smoothie Bar, flat 9
Hannah: Alright, im gonna look for it 8-)
Summary: Hannah will pick one peace lily from Kate at Green Street 15 flat 9 tomorrow at 12. Kate is on maternal and her place is located next to the Green Smoothie Bar.
Dialogue: Rhett: Can you please check if Dr. King will see me this week?
Harriet: sure
Harriet: what happened?
Rhett: I threw my back out
Harriet: ok I'll see when he can see you asap
Rhett: thanks 
Rhett: oh and you could also check if the dentist will see me
Harriet: ok but I assume after Dr. King
Rhett: naturally
Harriet: ok I think I should get back to you in an hour or so
Harriet: do you need anything else
Rhett: no that will be all
Summary: Rhett wants to make an appointment with Dr. King and with the dentist. Harriet will check if they can see her this week. 
Dialogue: Hailey: heyoooo, I got an important question for you
Peter: hi, listening
Hailey: are you doing anything on Sunday?
Peter: I guess not. Why are you asking?
Hailey: cool, causei'm throwing a house-warming party and wanted you to come :D
Peter: coooooool, Sunday you say?
Hailey: Yes. In the evening I guess, a lot of fun, a lot of alcohol, party hard as we like 
Peter: then I can't say no xD I hope I'll come home under my own steam xDdd
Hailey: Don't worry, there are many beds to take a nap here :D
Peter: You're talking about a nap, I'm considering dying from intoxication...:'D
Hailey: Don't you piss me off xD Just come and have fun
Peter: Ok xDDD Just let me know about the details soon
Summary: Hailey invites Peter for a house-warming part on Sunday evening. He's planning to get drunk.
Dialogue: Chloe: Call Ethan to return my Guitar, I am out of credit. Been waiting for her text for half an hour
Daniel: He is with me and he dont have his phone right now. I have shown him your texts
Chloe: Ask him to bring it back ASAP
Summary: Chloe needs Daniel to ask Ethan to bring back her guitar at the earliest.
Dialogue: Olga: How did the concert go?
Adam: It was incredible :D
Asia: It really was, once in a lifetime experience
Olga: Too bad I missed it :/
Adam: You said yourself that you aren't too much of a fan of his music :p
Olga: Well true, but everyone is saying that it was great :)
Asia: I am sure being back home is also cool
Olga: True, I haven't been for quite some time. Did he play his newer songs or?
Asia: I was afraid of that, but he mostly played older songs
Adam: 3 new ones, 3-4 from The Wings and the rest was oldies ;)
Asia: It started out quite slowly, he even seemed sad at the start, but the second part was amazing
Adam: And everyone was sitting, we were the youngest in our row haha
Olga: Haha, well he isn't the youngest himself :D
Asia: 75, same age as my grandpa
Adam: And I can't imagine your grandpa jumping around like that ;)
Asia: I can barely imagine him getting up from his sofa haha
Adam: I also loved that joke with Saiko, it was so British :D
Asia: The guy followed him all they way from Japan, he deserved some recognition :p
Adam: You are saiko man hahaha
Olga: What does it mean?
Asia: Saiko according to him means awesome in Japanese, so he called the guy saiko :D
Summary: Adam and Asia went to a concert. Olga didn't go as she is back home. Olga is not a big fan of his music but regrets not going to the concert. He played mostly his old songs and several new ones. He is 75. A man came to the concert from Japan. He made a joke about it. 
Dialogue: Jade: Hi, If you want tickets to ""Pirates of Penzance"" I will gladly buy you some and deliver them at Swimming.
Jade: The show is on the 12th, 13th, 14th and 15th July at 7pm.
Millie: Can I get 3 tickets?
Millie: How much do they cost??
Jade: Sure ;) They're £4.50 per ticket
Millie: Ok, thanks :)
Millie: How's preparations going?
Jade: Pretty well :) We got our costumes yesterday so it was pretty cool seeing everyone all dressed up
Jade: <file_photo>
Millie: Wow! They look amazing! 
Jade: I know ;) They're pretty heavy thoguh
Summary: Jade is buying tickets for ""Pirates of Penzance"". Millie wants Jade to buy her 3 tickets as well. They cost GBP 4.50 each.
Dialogue: Martin: <file_other>
Suzie: hiya, thanks. Beautiful! do you happen to know how much?
Martin: hola - 2200 plus bills 100 per month plus 160 for upc (tv and internet) plus deposit 2200
Suzie: :-O
Martin: I fucking laughed my socks off when i heard that :'-D :-O
Suzie: Exactly
Martin: hell no. and the argument that it is close to the centre doesn't really convince me... :'-D
Suzie: i prefer to rent a room in the outskirts and save the rest for my own flat
Martin: and travel on the citizen card. hey let's grab a coffe or somethin
Suzie: i travel with an open app and buy a ticket when there's a control :D haha
Suzie: yes we can, are you still in da city? when are those premieres?
Martin: yeah still here :D its in a moth, babe! :D
Suzie: get me a ticket :P
Martin: we'll see. I thought we could go now to the national, tosca, carmen etc
Suzie: when?
Summary: Martin found details of a residence which he feels is overpriced. Martin invites Suzie for a coffee as he is still in the city. 
",[The audition starts at 7.30 P.M. in Antena 3.],1652,samsum,en,,4a7ffd0f5b2b58da2ceee555d98434732960de40304014a5,137,2
"Dialogue: Jeff: Do you know guys anything about the agreement?
Vladimir: the most important is that they decided it's neither a sea nor a lake
Vladimir: so it will have a special legal status
Tanya: and they will completely divide the seabed up
Jeff: sure, it's rich in resources
Donald: yeah, mostly gas and oil
Vladimir: and ""between 80-90% of the world's caviar is sourced from the Caspian""!!!
Jeff: hahaha, right!
Summary: ","Dialogue: Ian: hi, I made a reservation at Fergie's, who's in?
Courtney: Tom and me for sure
Courtney: what time?
Ian: 2:00pm but can change it to 1:30 pm
Doris: We're going too but we will join you only for lunch
Ian: ok
Frank: So what time do we meet?
Ian: 11 am? to take a walk and then lunch
Courtney: 3 hours walk? with kids? I don't think so :)
Frank: is 2 hours ok for you Courtney?
Courtney: ok, let's try. how far is it from the parking to the lake and then back to the restaurant?
Frank: like 4 km, more or less
Courtney: ok, no problem
Ian: let's meet around 12:00 
Doris: ok we'll try to make it before 2pm
Ian: leave your cars next to the castle, the other parking is very small
Doris: ok thanks
Summary: Ian made a reservation at Fergie's for 2 pm. Courtney, Tom, Doris and Frank will join him. They will gather together at 12:00 to take a walk before lunch. Ian suggests to leave cars next to the castle, because the other parking is tiny.
Dialogue: Morgan: Bt y?
Hillary: Don't know. Have been trying to reach him all morning, but couldn't. 
Morgan: Can u send me his location?
Hillary: Sure thing <file_other>.
Morgan: Thanks:
Lona: And what about me?
Hillary: Oh, I've got a special task 4 u :)
Lona: What is it? :)
Hillary: Ur husband's still got that big car?
Lona: Yeah. In the garage. Not used right now.
Hillary: Gr8! Can u go to the florists and pick up the flowers for the reception?
Lona: All of them?!
Hillary: Yeah. They'll help u. Already called them and told them to. 
Lona: Okay. And what's next?
Hillary: Well, bring them to the venue. Don't worry, don't have to put them anywhere. Just tell them u've got the flowers and they'll know what to do with them.
Lona: Okay. I'll get on it 2moro.
Jess: What about me? Any tasks 4 me? :)
Hillary: Sure :) I want u to go to the printing-house and pick up the place cards?
Jess: Sure, no problem. That's it?
Hillary: Oh, no! Please check them if everything is fine. I've already sent them one batch back. 
Hillary: Here's the guest list <file_other>.
Jess: That's a lot of names...
Hillary: I know, but I also know how accurate u r :)
Jess: Well, fine. I'll get on it in an hour or so.
Hillary: Thanks, girls! Ur all lifesavers :) talk to u all 2moro?
Jess: Sure, bye.
Morgan: Bye.
Lona: Bye.
Summary: Hilary couldn't reach him all morning. She sends Morgan his location. Hilary wants Lona to get flowers for the reception. Hilary wants Jess to go to the printing-house and get the place cards. She sends her the guest list. Jess will get it in about an hour.
Dialogue: Stowe: <file_gif>
Lorelle: u bored stowe?
Graham: i can give u stuff 2 do. just say it
Summary: Stowe is bored. 
Dialogue: Sue: HEY! Are you alive? :)
Joanna: Barely...
Simona: I am!
Sue: Jo called me at 1 pm
Joanna: what??!!
Simona: What did she want?!
Sue: I don't know... didn't pick up... 
Joanna: hahah
Sue: I need to call her back
Simona: Let us know what it is about
Summary: Joanna doesn't feel well. Simona feels ok. Jo called Sue at 1pm, but she didn't pick up. She will call her.
Dialogue: Griff: hello buddy
Tea: hi
Griff: whats up?
Tea: reading
Griff: wanna go out?
Tea: yeah
Griff: i just wanted walk around
Tea: will be great
Griff: good
Griff: so see you in the park?
Tea: ok
Tea: in 10 mins?
Griff: okay
Summary: Tea and Griff will meet in the park in 10 minutes to go for a walk.
Dialogue: Zoe: <file_other>
Zoe: the ranking list at last!!!!!
Eveline: wat? I'm checking it
Irma: me too
Zoe: did you ladies get it? cause I don't know your index number
Irma: yes!!!!!!!!!!
Eveline: me too!! money money money B-)
Zoe: at last...after 3 years of hard work and nights spent on learning shit
Eveline: we gotta celebrate that
Irma: indeed we should B-)
Summary: Zoe, Eveline and Irma are checking the ranking list they've been waiting for.
Dialogue: Olivia: Remember Poppy will be turning 100 in march.
Megan: omg! 100 already!
Olivia: we should organize a kind of birthday party.
Megan: but it's in 2 months, who knows what could happen!
Olivia: don't think about the worse! Still it's a good purpose to meet altogether. She'll be happy to have us all.
Megan: who ""all""? Her children? Grand children? Friends?
Olivia: no obligation of course, only the one who could come.
Megan: i don't think we should  invite friends. I mean her real friends all passed away! 
Olivia: but the youngest?
Megan: no way. Only family and the few old friends. Like James and Henry. And Mrs Harding  of course. That's all.
Olivia: don't you know that Henry died two weeks ago? He was 97!
Megan: you see...let's invite only family. Better to have a  small intimate party. Still with us five and our own children
Megan: quite a lot of people.. how do you want to accommodate all of them? 
Olivia: we could open the house. Jerry  will put the heat on.
Megan: what if we have some visits?
Olivia: only for one night. We'll  ask  them to  come with sleeping bags and i'll invited them all for meals.
Olivia: i've found a nice small place, with a kitchen and everything we'll need. Not expansive. We can cancel  at  the  last  moment.
Megan: how many answer do you have?
Olivia: for now we should be 25, but William's children didn't answer yes.Did you find a good caterer?
Megan: Chris will take in charge all the beverages and we could cook ourselves the  main course and dessert. 
Olivia: so the caterer would only do the fingerfood?
Megan: that's the boring part!
Megan: we forgot the present!
Olivia: no, Jamie will do an album with some pictures of all of us
Megan: fine.
Summary: Olivia thinks they should organise a birthday party for Poppy turning 100 in March. Megan thinks they should invite only the family with them five and their own children. They could open the house and Chris will take of beverages and they could cook themselves.
Dialogue: Katya: Hello!
Katya: Happy Birthday!
Katya: /hug
Marcin: Thank you very much, Katiusha
Marcin: And happy new year to you too!
Katya: Zakharovs are sending their regards too :)
Marcin: Please say thank you for me ;)
Summary: Katya wishes Marcin happy birthday and Marcin wishes her a happy new year. Zakharovs are sending their regards to Marcin.
Dialogue: Sara: i can't find the shop you were telling me about, i am walking in circles
Sofie: it's right next to Rossmann
Sara: on the first floor?
Tom: Rossmann is on the second as far as i remember
Sofie: yeah Tom is right
Tom: it's near the elevator too, not the stairs
Sara: ok i am going there, wait please
Sofie: Did you find it?
Sara: yes i am here :D
Sara: <file_photo>
Sara: thanks for help
Summary: The shop Sara was looking for is on the second floor next to Rossman, near the elevator.
Dialogue: Daniel: any plan for dinner?
Anna: I want to go get some food I’m getting cabin fever
Daniel: saaaame
Summary: Anna wants to go and get some food for dinner. She and Daniel are getting cabin fever. 
Dialogue: Sara: look, what I've found  :D :D :D <file_other>
Josh: pics are nice but u know they sometimes cheat a lot...
Sara: it looks like a new flat...
Josh: I wouldn't be that sure
Josh: the building is from 90s
Sara: I sent them an email
Josh: why don't u just call them?
Sara: strange but u can't call them..
Sara: I can't see any number there...
Josh: anyway, when can we go there?
Sara: I can make it even today!
Sara: oh, she's just  replied..
Sara: She says we can come tomorrow, hm?
Josh: I won't be free before 8...
Sara: for me 8 is fine
Josh: yeah, but it's better to go there in the day time, coz we need to check the light
Sara: true
Sara: so. Sat?
Josh: Sat sounds good
Josh: afrernoon??
Sara: I'll ask her about Sat, 3pm,
Josh: ok!
Josh: I'm quite flexible, so let me know once she replies
Sara: sure!
Summary: Josh and Sara can go to see the flat that Sara has found on Saturday at 3 pm to see it in the daylight.
Dialogue: Ken: hi guys, Ivy's birthday is coming up, wanna chip in to buy her something nice?
Otis: sure!
Elen: yes!
Liam: absolutely! does anyone have an idea what to buy
Ken: i was thinking of buying her a weekend in a spa
Elen: so nice! I approve this :) and am a bit jealous!
Liam: agree, great idea, how much does it cost?
Ken: that's the deal, quite a lot, that is why i need your help, can you think of anyone else who would like to join us?
Otis: yes, sure, I'll add them to the conversation
Elen: same, let me think
Liam: i can help with that as well!
Ken: thanks guys! 
Liam: no problemo!! 
Elen: you can count on us ;)
Otis: <file_gif>
Summary: Ivy's birthday is coming up. Ken suggests buying her a weekend in a spa, but it's expensive, so they need more people to chip in.
","[In the agreement it was decided that it's neither a sea nor a lake and it will have a special legal status. They will also completely divide the seabed up. It's rich in resources, mostly gas and oil.]",1703,samsum,en,,edfd7d3c1d103d813c255f8133a878ca477cd4ab20aa3923,90,1
"Dialogue: Jill: So bored!
Nate: Well... can't help you there
Nate: Still at work
Jill: ugh I need to find a job
Jill: I've watched everything on youtube already
Nate: Doubt it :P I'll call you when I get off work
Summary: ","Dialogue: Felicity: Hi! :)
George: hi
Felicity: Such a question
Steve: ?
Felicity: Do we have sth for Mike??
Clara: Why asking??
Felicity: His bday... tomorrow...?
Clara: Whaaaaaat, tmrw?? Not next week?? 😧
Felicity: Tomorrow, for sure
George: damn, i've also forgotten
Felicity: Sooooo......
Clara: So we're screwed xD
George: what time is it?
Felicity: Starts 6pm
George: well
George: i can buy sth tmrw after work
Felicity: Really? Would be gr8
George: i can finish a bit earlier
George: on Fridays nobody cares
Felicity: :D
Summary: Mike's birthday is tomorrow. Clara thought it was next week. George didn't remember at all. George is going to leave work earlier tomorrow to get the present for Mike.
Dialogue: Meg: Hi, I can't make it today, sorry.
Jeff: It's like the third lesson you cancel just hours in advance.
Meg: Sorry Jeff :(
Summary: Meg can't have a lesson with Jeff today. It's about the third lesson Meg cancels just a few hours in advance.
Dialogue: Sue: I've just got home...
Sue: feel like a wrinkly shirt
Jack: ;)
Jo: Get a nice bath
Jo: and go to bed earlier
Jack: You need to get ready for the event!
Sue: I'll try
Sue: for you
Summary: Sue is exhausted but needs to rest before the event.
Dialogue: Benjamin: What will our book club be called?
Ashley: How about B&A Book Club?
Benjamin: Why not A&B?
Ashley: More intriguing that way ;)
Benjamin: Ok, so it's settled! B&A Book Club is up and running ;)
Ashley: W8! Where will we meet?
Benjamin: Meet? I thought it would be an internet project?
Ashley: What? No, we have to meet up from time to time. That's the whole point!
Benjamin: Suppose ur right. So, where?
Ashley: Maybe first meeting ur place, next mine and then back again?
Benjamin: Sounds fair. How do we get new members? ;)
Ashley: Facebook page?
Benjamin: Cool! I'll get on it right away!
Ashley: What book will go first?
Benjamin: That's a tough question!
Ashley: Ik.
Summary: Benjamin and Ashley's bookclub will be called B&A Bookclub. They have arranged the first meeting at Benjamin's place. They will make a facebook page to get new members.
Dialogue: Barry: hey that page 18 thing is not our fault xD
Charlie: cool xD did you ask her
Barry: yeah she says she'll take care of it 
Charlie: job done
Summary: Barry talked to her about the page 18 thing that is not either Barry's or Charlie's fault. 
Dialogue: Akira: hey, im at the airport now. where are you?
Yasujirō: getting out of my cab in a second. are you at the luggage dropoff
Akira: yeah, theres a bit of a line. ill save a spot for you
Yasujirō: thanks. be right there.
Akira: dont forget to lighten your bags before they weigh them. remember how u overpacked last time?
Yasujirō: I should be fine this time.
Akira: Ok
Summary: Akira is at the airport standing in line at the luggage dropoff. Yasujirō is getting out of his cab and will join Akira shortly. Yasujirō overpacked his luggage last time.
Dialogue: Lucas: yo! 
Evan: hi!
Lucas: what's up?
Evan: just chilling
Evan: had a busy day
Lucas: work?
Evan: I wish
Evan: my car broke down again
Evan: so I had to take care of it
Lucas: you should replace that piece of crap
Evan: I'm planning to
Evan: just need to save some money first
Lucas: stop repairing your old one
Lucas: you'll save a lot that way :P
Evan: maybe
Evan: but I still need to drive to work
Lucas: what about public transport?
Evan: there's like one bus that goes there
Evan: twice per hour
Evan: not really convenient
Lucas: sucks to be you :P
Evan: I know...
Summary: Evan's car has broken down again and he needs to save money for a new one. He cannot use public buses to go to work because of their schedule.
Dialogue: Demi: Wanna go to yoga?
Wren: ooo sounds great
Demi: Sunday at 9?
Wren: ok brunch after?
Demi: ok :) c ya
Wren: c ya
Summary: Demi and Wren will go to yoga on Sunday at 9 and have a brunch afterwards. 
Dialogue: Arthur: Have you not forgotten to take the keys with you?
Toby: Sure, I'll be there in 5 min.
Arthur: Good, I'm waiting outside.
Summary: Toby will bring the keys in 5 minutes.
Dialogue: Vivian: I had a lot of fun today!! Thanks again :**
Jordan: my pleasure :) I wish we could stay longer though
Vivian: I knoooow but I have to go to work tomorrow, you know that
Jordan: yeah me too, but maybe we can go out again on friday? :*
Vivian: i would love that!!
Jordan: it's a date then! good night ;*
Summary: Jordan and Vivian had a lot of fun today. They will meet again on Friday.
Dialogue: Mike: Hey, we're organizing an event in your city and I wanted to ask if You are interested in taking part in it.
Mike: The event can be marked as ""technological picnic"" aimed at families with children who are eager to take part in technological workshops such as programming lessons, basics of robotics etc.
Mike: Event will take place on Saturday from 10 -17 on Theater Square and I wanted to ask you if You are interested in bringing your foodtruck to the event. The event is completely free and so is your participation. We will provide space and electricity. Please let me know untill 5 p.m today.
GastroMachina Foodtruck: Hey, we are interested in your proposal. Please write us an email with all the details and we will reply within few hours. I think we are free this Saturday, but we need to check it with schedule.
Mike: Great! I'm writing an email right now!
GastroMachina Foodtruck: The email adress is written on our website. Let's stay in touch then.
Mike: Thanks. Bye.
Summary: There is going to be a ""technological picnic"" event aimed at families with children. It will take place in Theatre Square on Saturday from 10am to 5pm. GastroMachina Foodtruck wants to participate in the event. Mike will write them an e-mail.
Dialogue: Kim: hey did you see mikes email?
Kim: why do we have to pay more money???
Lars: <file_gif>
Linda: how much did you pay in septermber?
Kim: cant remember now. around 50-60
Lars: we had 1500 in total end of sept. like... where is it?
Summary: Kim doesn't understand why she, Lars and Linda are supposed to pay Mike more money. Kim has already paid about 50-60 and 1500.
",[Jill is bored and has watched YouTube. Nate is at work and will call Jill when he finishes it.],1162,samsum,en,,7a85937d2e1ac3215ab2518db4dc4d633fbb81f042776780,48,4
